Sorts,Sequence,Time,
Tim,AAAA,0.105852,
Tim,AAAC,0.105877,
Tim,AAAD,0.289233,
Quad,AAAR,0.865288,
Tim,AACA,0.105844,
Tim,AACC,0.105849,
Tim,AACD,0.329612,
Quad,AACR,1.006020,
Tim,AADA,0.452764,
Tim,AADC,0.390081,
Tim,AADD,0.473141,
Quad,AADR,1.228482,
Quad,AARA,0.982087,
Quad,AARC,0.999787,
Quad,AARD,1.226721,
Quad,AARR,1.598460,
Tim,ACAA,0.105844,
Tim,ACAC,0.105824,
Tim,ACAD,0.328751,
Quad,ACAR,0.863339,
Tim,ACCA,0.105851,
Tim,ACCC,0.105842,
Tim,ACCD,0.369974,
Quad,ACCR,0.987836,
Tim,ACDA,0.493428,
Tim,ACDC,0.419871,
Tim,ACDD,0.428423,
Quad,ACDR,1.200434,
Quad,ACRA,0.978052,
Quad,ACRC,1.002404,
Quad,ACRD,1.235533,
Quad,ACRR,1.634274,
Tim,ADAA,0.458572,
Tim,ADAC,0.543263,
Tim,ADAD,0.754609,
Quad,ADAR,1.364259,
Tim,ADCA,0.569629,
Quad,ADCC,0.590107,
Tim,ADCD,0.600560,
Quad,ADCR,1.297315,
Tim,ADDA,0.520974,
Tim,ADDC,0.486589,
Tim,ADDD,0.499273,
Quad,ADDR,1.465109,
Quad,ADRA,1.378149,
Quad,ADRC,1.289390,
Quad,ADRD,1.473301,
Quad,ADRR,1.915206,
Quad,ARAA,0.996951,
Quad,ARAC,0.973021,
Quad,ARAD,1.290048,
Quad,ARAR,1.705338,
Quad,ARCA,1.008014,
Quad,ARCC,1.019991,
Quad,ARCD,1.275524,
Quad,ARCR,1.718786,
Quad,ARDA,1.386834,
Quad,ARDC,1.291745,
Quad,ARDD,1.449247,
Quad,ARDR,1.914479,
Quad,ARRA,1.698654,
Quad,ARRC,1.702513,
Quad,ARRD,1.922349,
Quad,ARRR,2.340657,
Tim,CAAA,0.106187,
Tim,CAAC,0.105827,
Tim,CAAD,0.289294,
Quad,CAAR,0.858043,
Tim,CACA,0.105839,
Tim,CACC,0.105832,
Tim,CACD,0.329636,
Quad,CACR,0.985552,
Tim,CADA,0.493108,
Tim,CADC,0.389369,
Tim,CADD,0.428158,
Quad,CADR,1.228947,
Quad,CARA,0.972453,
Quad,CARC,1.006843,
Quad,CARD,1.220499,
Quad,CARR,1.611748,
Tim,CCAA,0.105883,
Tim,CCAC,0.105869,
Tim,CCAD,0.367602,
Quad,CCAR,0.848822,
Tim,CCCA,0.105867,
Tim,CCCC,0.105870,
Tim,CCCD,0.325455,
Quad,CCCR,0.981768,
Tim,CCDA,0.409403,
Tim,CCDC,0.375137,
Tim,CCDD,0.383984,
Quad,CCDR,1.120244,
Quad,CCRA,0.992408,
Quad,CCRC,1.022813,
Quad,CCRD,1.187845,
Quad,CCRR,1.623043,
Tim,CDAA,0.392568,
Tim,CDAC,0.562488,
Tim,CDAD,0.662605,
Quad,CDAR,1.274814,
Tim,CDCA,0.581956,
Quad,CDCC,0.513282,
Tim,CDCD,0.745701,
Quad,CDCR,1.209107,
Tim,CDDA,0.475924,
Tim,CDDC,0.442170,
Tim,CDDD,0.454535,
Quad,CDDR,1.354796,
Quad,CDRA,1.271569,
Quad,CDRC,1.226565,
Quad,CDRD,1.394901,
Quad,CDRR,1.842948,
Quad,CRAA,0.982487,
Quad,CRAC,0.973437,
Quad,CRAD,1.279327,
Quad,CRAR,1.679999,
Quad,CRCA,0.996029,
Quad,CRCC,1.001526,
Quad,CRCD,1.217572,
Quad,CRCR,1.704128,
Quad,CRDA,1.316793,
Quad,CRDC,1.262049,
Quad,CRDD,1.431348,
Quad,CRDR,1.879896,
Quad,CRRA,1.701720,
Quad,CRRC,1.720806,
Quad,CRRD,1.905576,
Quad,CRRR,2.313641,
Tim,DAAA,0.259004,
Tim,DAAC,0.258925,
Tim,DAAD,0.436510,
Quad,DAAR,1.292854,
Tim,DACA,0.300653,
Tim,DACC,0.258899,
Tim,DACD,0.587277,
Quad,DACR,1.289369,
Tim,DADA,0.715747,
Tim,DADC,0.635392,
Tim,DADD,0.737751,
Quad,DADR,1.566252,
Quad,DARA,1.290007,
Quad,DARC,1.318616,
Quad,DARD,1.577571,
Quad,DARR,1.947836,
Tim,DCAA,0.326818,
Tim,DCAC,0.369208,
Tim,DCAD,0.613230,
Quad,DCAR,1.317603,
Tim,DCCA,0.396145,
Tim,DCCC,0.376871,
Tim,DCCD,0.522226,
Quad,DCCR,1.261001,
Tim,DCDA,0.577976,
Tim,DCDC,0.542734,
Tim,DCDD,0.644965,
Quad,DCDR,1.367242,
Quad,DCRA,1.306689,
Quad,DCRC,1.244890,
Quad,DCRD,1.445400,
Quad,DCRR,1.872908,
Tim,DDAA,0.395123,
Tim,DDAC,0.360984,
Tim,DDAD,0.570665,
Quad,DDAR,1.438517,
Tim,DDCA,0.361058,
Tim,DDCC,0.326809,
Tim,DDCD,0.452000,
Quad,DDCR,1.402467,
Tim,DDDA,0.369404,
Tim,DDDC,0.335371,
Tim,DDDD,0.338794,
Quad,DDDR,1.529454,
Quad,DDRA,1.437928,
Quad,DDRC,1.403993,
Quad,DDRD,1.569772,
Quad,DDRR,2.020200,
Quad,DRAA,1.204788,
Quad,DRAC,1.226888,
Quad,DRAD,1.562931,
Quad,DRAR,1.918442,
Quad,DRCA,1.214872,
Quad,DRCC,1.168805,
Quad,DRCD,1.400534,
Quad,DRCR,1.887985,
Quad,DRDA,1.467538,
Quad,DRDC,1.420057,
Quad,DRDD,1.581770,
Quad,DRDR,2.047037,
Quad,DRRA,1.919752,
Quad,DRRC,1.865200,
Quad,DRRD,2.050981,
Quad,DRRR,2.509072,
Quad,RAAA,0.854076,
Quad,RAAC,0.855402,
Quad,RAAD,1.163049,
Quad,RAAR,1.556231,
Quad,RACA,0.845387,
Quad,RACC,0.854679,
Quad,RACD,1.259155,
Quad,RACR,1.695645,
Quad,RADA,1.375202,
Quad,RADC,1.302865,
Quad,RADD,1.454923,
Quad,RADR,1.907506,
Quad,RARA,1.669124,
Quad,RARC,1.716887,
Quad,RARD,1.934697,
Quad,RARR,2.329164,
Quad,RCAA,0.998899,
Quad,RCAC,0.971547,
Quad,RCAD,1.308480,
Quad,RCAR,1.689850,
Quad,RCCA,1.013519,
Quad,RCCC,1.013008,
Quad,RCCD,1.223447,
Quad,RCCR,1.719202,
Quad,RCDA,1.330680,
Quad,RCDC,1.240806,
Quad,RCDD,1.391292,
Quad,RCDR,1.851504,
Quad,RCRA,1.698287,
Quad,RCRC,1.731634,
Quad,RCRD,1.928032,
Quad,RCRR,2.305123,
Quad,RDAA,1.219699,
Quad,RDAC,1.212338,
Quad,RDAD,1.576624,
Quad,RDAR,1.909910,
Quad,RDCA,1.232965,
Quad,RDCC,1.159469,
Quad,RDCD,1.397579,
Quad,RDCR,1.854342,
Quad,RDDA,1.447591,
Quad,RDDC,1.387077,
Quad,RDDD,1.546994,
Quad,RDDR,2.002578,
Quad,RDRA,1.937439,
Quad,RDRC,1.842662,
Quad,RDRD,2.034249,
Quad,RDRR,2.470268,
Quad,RRAA,1.622584,
Quad,RRAC,1.610931,
Quad,RRAD,1.920199,
Quad,RRAR,2.325663,
Quad,RRCA,1.625216,
Quad,RRCC,1.607383,
Quad,RRCD,1.847634,
Quad,RRCR,2.332545,
Quad,RRDA,1.955715,
Quad,RRDC,1.901018,
Quad,RRDD,2.033206,
Quad,RRDR,2.527248,
Quad,RRRA,2.290510,
Quad,RRRC,2.324237,
Quad,RRRD,2.541926,
Quad,RRRR,2.929919,
