Sorts,Sequence,Time,
Quad,AAAAAA,0.002082,
Quad,AAAAAC,0.001894,
Tim,AAAAAD,0.002323,
Quad,AAAAAR,0.003007,
Quad,AAAACA,0.001910,
Tim,AAAACC,0.001941,
Quad,AAAACD,0.002313,
Quad,AAAACR,0.003066,
Quad,AAAADA,0.002207,
Tim,AAAADC,0.002097,
Tim,AAAADD,0.002428,
Quad,AAAADR,0.003362,
Quad,AAAARA,0.003010,
Quad,AAAARC,0.003114,
Quad,AAAARD,0.003419,
Quad,AAAARR,0.004115,
Quad,AAACAA,0.001815,
Tim,AAACAC,0.001819,
Quad,AAACAD,0.002121,
Quad,AAACAR,0.002975,
Tim,AAACCA,0.001869,
Tim,AAACCC,0.001494,
Quad,AAACCD,0.002265,
Quad,AAACCR,0.002974,
Quad,AAACDA,0.002324,
Quad,AAACDC,0.002117,
Quad,AAACDD,0.002768,
Quad,AAACDR,0.003294,
Quad,AAACRA,0.003144,
Quad,AAACRC,0.002988,
Quad,AAACRD,0.003335,
Quad,AAACRR,0.003914,
Quad,AAADAA,0.002493,
Quad,AAADAC,0.002279,
Quad,AAADAD,0.002297,
Quad,AAADAR,0.003420,
Quad,AAADCA,0.002392,
Quad,AAADCC,0.002352,
Quad,AAADCD,0.002693,
Quad,AAADCR,0.003320,
Quad,AAADDA,0.002693,
Tim,AAADDC,0.002780,
Tim,AAADDD,0.002399,
Quad,AAADDR,0.003160,
Quad,AAADRA,0.003503,
Quad,AAADRC,0.003356,
Quad,AAADRD,0.003781,
Quad,AAADRR,0.004392,
Quad,AAARAA,0.003109,
Quad,AAARAC,0.003080,
Quad,AAARAD,0.003481,
Quad,AAARAR,0.004126,
Quad,AAARCA,0.003032,
Quad,AAARCC,0.002984,
Quad,AAARCD,0.003435,
Quad,AAARCR,0.004307,
Quad,AAARDA,0.003431,
Quad,AAARDC,0.003388,
Quad,AAARDD,0.003788,
Quad,AAARDR,0.004440,
Quad,AAARRA,0.004163,
Quad,AAARRC,0.004007,
Quad,AAARRD,0.004259,
Quad,AAARRR,0.005078,
Quad,AACAAA,0.001886,
Quad,AACAAC,0.001940,
Quad,AACAAD,0.002270,
Quad,AACAAR,0.002953,
Quad,AACACA,0.001715,
Quad,AACACC,0.001932,
Quad,AACACD,0.002362,
Quad,AACACR,0.003162,
Tim,AACADA,0.002071,
Quad,AACADC,0.002315,
Quad,AACADD,0.002645,
Quad,AACADR,0.003366,
Quad,AACARA,0.002918,
Quad,AACARC,0.002937,
Quad,AACARD,0.003217,
Quad,AACARR,0.003996,
Tim,AACCAA,0.002134,
Quad,AACCAC,0.001825,
Tim,AACCAD,0.002268,
Quad,AACCAR,0.002903,
Quad,AACCCA,0.001963,
Quad,AACCCC,0.001793,
Quad,AACCCD,0.002210,
Quad,AACCCR,0.002940,
Quad,AACCDA,0.002263,
Tim,AACCDC,0.002187,
Quad,AACCDD,0.002697,
Quad,AACCDR,0.003220,
Quad,AACCRA,0.002986,
Quad,AACCRC,0.002990,
Quad,AACCRD,0.003256,
Quad,AACCRR,0.004084,
Quad,AACDAA,0.002291,
Quad,AACDAC,0.002365,
Quad,AACDAD,0.002816,
Quad,AACDAR,0.003444,
Quad,AACDCA,0.002378,
Quad,AACDCC,0.002355,
Quad,AACDCD,0.002492,
Quad,AACDCR,0.003365,
Quad,AACDDA,0.002665,
Quad,AACDDC,0.002538,
Tim,AACDDD,0.002912,
Quad,AACDDR,0.003692,
Quad,AACDRA,0.003479,
Quad,AACDRC,0.003361,
Quad,AACDRD,0.003801,
Quad,AACDRR,0.004238,
Quad,AACRAA,0.003181,
Quad,AACRAC,0.003025,
Quad,AACRAD,0.003438,
Quad,AACRAR,0.004105,
Quad,AACRCA,0.002909,
Quad,AACRCC,0.002924,
Quad,AACRCD,0.003405,
Quad,AACRCR,0.004148,
Quad,AACRDA,0.003460,
Quad,AACRDC,0.003234,
Quad,AACRDD,0.003760,
Quad,AACRDR,0.003931,
Quad,AACRRA,0.004058,
Quad,AACRRC,0.004173,
Quad,AACRRD,0.004519,
Quad,AACRRR,0.005162,
Tim,AADAAA,0.002550,
Tim,AADAAC,0.002391,
Quad,AADAAD,0.002766,
Quad,AADAAR,0.003343,
Tim,AADACA,0.002284,
Quad,AADACC,0.002186,
Tim,AADACD,0.002483,
Quad,AADACR,0.003559,
Quad,AADADA,0.002725,
Quad,AADADC,0.002836,
Quad,AADADD,0.003233,
Quad,AADADR,0.003834,
Quad,AADARA,0.003524,
Quad,AADARC,0.003285,
Quad,AADARD,0.003746,
Quad,AADARR,0.004311,
Quad,AADCAA,0.002605,
Quad,AADCAC,0.002680,
Quad,AADCAD,0.002640,
Quad,AADCAR,0.003476,
Tim,AADCCA,0.002360,
Tim,AADCCC,0.002227,
Tim,AADCCD,0.002429,
Quad,AADCCR,0.003150,
Quad,AADCDA,0.002638,
Tim,AADCDC,0.002667,
Tim,AADCDD,0.003341,
Quad,AADCDR,0.003707,
Quad,AADCRA,0.003295,
Quad,AADCRC,0.003489,
Quad,AADCRD,0.003805,
Quad,AADCRR,0.004384,
Quad,AADDAA,0.002923,
Tim,AADDAC,0.002314,
Tim,AADDAD,0.003219,
Quad,AADDAR,0.003992,
Quad,AADDCA,0.002854,
Tim,AADDCC,0.002936,
Tim,AADDCD,0.003339,
Quad,AADDCR,0.003830,
Tim,AADDDA,0.003049,
Tim,AADDDC,0.002210,
Tim,AADDDD,0.003154,
Quad,AADDDR,0.004234,
Quad,AADDRA,0.003724,
Quad,AADDRC,0.003816,
Quad,AADDRD,0.003943,
Quad,AADDRR,0.004984,
Quad,AADRAA,0.003449,
Quad,AADRAC,0.003654,
Quad,AADRAD,0.004097,
Quad,AADRAR,0.004578,
Quad,AADRCA,0.003660,
Quad,AADRCC,0.003407,
Quad,AADRCD,0.003785,
Quad,AADRCR,0.004482,
Quad,AADRDA,0.003776,
Quad,AADRDC,0.003835,
Quad,AADRDD,0.004288,
Quad,AADRDR,0.004804,
Quad,AADRRA,0.004631,
Quad,AADRRC,0.004541,
Quad,AADRRD,0.004819,
Quad,AADRRR,0.005602,
Quad,AARAAA,0.003026,
Quad,AARAAC,0.003144,
Quad,AARAAD,0.003653,
Quad,AARAAR,0.004109,
Quad,AARACA,0.003092,
Quad,AARACC,0.003076,
Quad,AARACD,0.003494,
Quad,AARACR,0.004017,
Quad,AARADA,0.003301,
Quad,AARADC,0.003290,
Quad,AARADD,0.003738,
Quad,AARADR,0.004557,
Quad,AARARA,0.004119,
Quad,AARARC,0.004002,
Quad,AARARD,0.004669,
Quad,AARARR,0.005131,
Quad,AARCAA,0.003018,
Quad,AARCAC,0.002931,
Quad,AARCAD,0.003382,
Quad,AARCAR,0.004324,
Quad,AARCCA,0.003054,
Quad,AARCCC,0.003128,
Quad,AARCCD,0.003292,
Quad,AARCCR,0.004231,
Quad,AARCDA,0.003335,
Quad,AARCDC,0.003429,
Quad,AARCDD,0.003681,
Quad,AARCDR,0.004663,
Quad,AARCRA,0.004283,
Quad,AARCRC,0.004086,
Quad,AARCRD,0.004413,
Quad,AARCRR,0.005056,
Quad,AARDAA,0.003529,
Quad,AARDAC,0.003459,
Quad,AARDAD,0.003856,
Quad,AARDAR,0.004432,
Quad,AARDCA,0.003732,
Quad,AARDCC,0.003408,
Quad,AARDCD,0.003886,
Quad,AARDCR,0.004478,
Quad,AARDDA,0.003697,
Quad,AARDDC,0.003650,
Quad,AARDDD,0.004155,
Quad,AARDDR,0.005068,
Quad,AARDRA,0.004422,
Quad,AARDRC,0.004394,
Quad,AARDRD,0.004639,
Quad,AARDRR,0.005678,
Quad,AARRAA,0.004256,
Quad,AARRAC,0.004199,
Quad,AARRAD,0.004350,
Quad,AARRAR,0.005272,
Quad,AARRCA,0.004077,
Quad,AARRCC,0.004128,
Quad,AARRCD,0.004597,
Quad,AARRCR,0.005190,
Quad,AARRDA,0.004400,
Quad,AARRDC,0.004496,
Quad,AARRDD,0.004803,
Quad,AARRDR,0.005442,
Quad,AARRRA,0.005197,
Quad,AARRRC,0.005111,
Quad,AARRRD,0.005601,
Quad,AARRRR,0.006279,
Quad,ACAAAA,0.002007,
Tim,ACAAAC,0.001442,
Quad,ACAAAD,0.001869,
Quad,ACAAAR,0.003042,
Quad,ACAACA,0.001883,
Quad,ACAACC,0.001884,
Tim,ACAACD,0.002432,
Quad,ACAACR,0.003035,
Quad,ACAADA,0.002320,
Quad,ACAADC,0.002146,
Tim,ACAADD,0.002819,
Quad,ACAADR,0.003195,
Quad,ACAARA,0.002905,
Quad,ACAARC,0.003035,
Quad,ACAARD,0.003330,
Quad,ACAARR,0.004126,
Quad,ACACAA,0.001967,
Quad,ACACAC,0.001901,
Quad,ACACAD,0.002319,
Quad,ACACAR,0.003050,
Quad,ACACCA,0.001901,
Quad,ACACCC,0.001873,
Quad,ACACCD,0.002170,
Quad,ACACCR,0.002954,
Quad,ACACDA,0.002249,
Quad,ACACDC,0.002222,
Quad,ACACDD,0.002656,
Quad,ACACDR,0.003420,
Quad,ACACRA,0.002950,
Quad,ACACRC,0.003013,
Quad,ACACRD,0.003371,
Quad,ACACRR,0.004038,
Quad,ACADAA,0.002303,
Quad,ACADAC,0.002248,
Quad,ACADAD,0.002813,
Quad,ACADAR,0.003446,
Quad,ACADCA,0.002266,
Quad,ACADCC,0.002301,
Quad,ACADCD,0.002581,
Quad,ACADCR,0.003413,
Quad,ACADDA,0.002729,
Quad,ACADDC,0.002618,
Tim,ACADDD,0.003130,
Quad,ACADDR,0.003644,
Quad,ACADRA,0.003290,
Quad,ACADRC,0.003497,
Quad,ACADRD,0.003608,
Quad,ACADRR,0.004283,
Quad,ACARAA,0.003004,
Quad,ACARAC,0.003161,
Quad,ACARAD,0.003388,
Quad,ACARAR,0.004228,
Quad,ACARCA,0.003186,
Quad,ACARCC,0.003174,
Quad,ACARCD,0.003498,
Quad,ACARCR,0.004098,
Quad,ACARDA,0.003318,
Quad,ACARDC,0.003275,
Quad,ACARDD,0.003752,
Quad,ACARDR,0.004334,
Quad,ACARRA,0.004092,
Quad,ACARRC,0.004075,
Quad,ACARRD,0.004432,
Quad,ACARRR,0.005278,
Quad,ACCAAA,0.001903,
Quad,ACCAAC,0.001903,
Quad,ACCAAD,0.002283,
Quad,ACCAAR,0.002970,
Quad,ACCACA,0.001411,
Tim,ACCACC,0.001677,
Tim,ACCACD,0.002404,
Quad,ACCACR,0.002964,
Quad,ACCADA,0.002417,
Quad,ACCADC,0.002111,
Tim,ACCADD,0.002697,
Quad,ACCADR,0.003145,
Quad,ACCARA,0.003145,
Quad,ACCARC,0.002449,
Quad,ACCARD,0.003281,
Quad,ACCARR,0.004098,
Quad,ACCCAA,0.001895,
Quad,ACCCAC,0.001814,
Quad,ACCCAD,0.002188,
Quad,ACCCAR,0.003052,
Tim,ACCCCA,0.001382,
Quad,ACCCCC,0.001779,
Quad,ACCCCD,0.002154,
Quad,ACCCCR,0.003030,
Quad,ACCCDA,0.002425,
Quad,ACCCDC,0.002232,
Tim,ACCCDD,0.002737,
Quad,ACCCDR,0.003379,
Quad,ACCCRA,0.002924,
Quad,ACCCRC,0.003117,
Quad,ACCCRD,0.003363,
Quad,ACCCRR,0.004070,
Quad,ACCDAA,0.002352,
Quad,ACCDAC,0.002350,
Quad,ACCDAD,0.002721,
Quad,ACCDAR,0.003648,
Quad,ACCDCA,0.002374,
Quad,ACCDCC,0.002376,
Quad,ACCDCD,0.002737,
Quad,ACCDCR,0.003252,
Quad,ACCDDA,0.002646,
Quad,ACCDDC,0.002556,
Tim,ACCDDD,0.002642,
Quad,ACCDDR,0.003128,
Quad,ACCDRA,0.003363,
Quad,ACCDRC,0.003347,
Quad,ACCDRD,0.003770,
Quad,ACCDRR,0.004302,
Quad,ACCRAA,0.003077,
Quad,ACCRAC,0.003081,
Quad,ACCRAD,0.003368,
Quad,ACCRAR,0.004070,
Quad,ACCRCA,0.003084,
Quad,ACCRCC,0.002802,
Quad,ACCRCD,0.003465,
Quad,ACCRCR,0.004184,
Quad,ACCRDA,0.003397,
Quad,ACCRDC,0.003381,
Quad,ACCRDD,0.003639,
Quad,ACCRDR,0.004447,
Quad,ACCRRA,0.004027,
Quad,ACCRRC,0.004148,
Quad,ACCRRD,0.004472,
Quad,ACCRRR,0.005027,
Tim,ACDAAA,0.002093,
Quad,ACDAAC,0.002572,
Quad,ACDAAD,0.002784,
Quad,ACDAAR,0.003452,
Quad,ACDACA,0.002581,
Quad,ACDACC,0.002269,
Quad,ACDACD,0.002688,
Quad,ACDACR,0.003553,
Quad,ACDADA,0.002787,
Quad,ACDADC,0.002611,
Quad,ACDADD,0.003023,
Quad,ACDADR,0.003811,
Quad,ACDARA,0.003335,
Quad,ACDARC,0.003423,
Quad,ACDARD,0.003667,
Quad,ACDARR,0.004505,
Quad,ACDCAA,0.002654,
Quad,ACDCAC,0.002497,
Quad,ACDCAD,0.002888,
Quad,ACDCAR,0.003425,
Quad,ACDCCA,0.002349,
Tim,ACDCCC,0.002305,
Tim,ACDCCD,0.002893,
Quad,ACDCCR,0.003388,
Quad,ACDCDA,0.002855,
Quad,ACDCDC,0.002624,
Quad,ACDCDD,0.003164,
Quad,ACDCDR,0.003794,
Quad,ACDCRA,0.003419,
Quad,ACDCRC,0.003356,
Quad,ACDCRD,0.003763,
Quad,ACDCRR,0.004345,
Quad,ACDDAA,0.002773,
Tim,ACDDAC,0.002850,
Tim,ACDDAD,0.003470,
Quad,ACDDAR,0.004095,
Quad,ACDDCA,0.002702,
Quad,ACDDCC,0.002778,
Tim,ACDDCD,0.002516,
Quad,ACDDCR,0.003773,
Tim,ACDDDA,0.002980,
Quad,ACDDDC,0.003121,
Tim,ACDDDD,0.003642,
Quad,ACDDDR,0.004052,
Quad,ACDDRA,0.003737,
Quad,ACDDRC,0.003764,
Quad,ACDDRD,0.004109,
Quad,ACDDRR,0.004972,
Quad,ACDRAA,0.003511,
Quad,ACDRAC,0.003586,
Quad,ACDRAD,0.003915,
Quad,ACDRAR,0.004548,
Quad,ACDRCA,0.003549,
Quad,ACDRCC,0.003440,
Quad,ACDRCD,0.003967,
Quad,ACDRCR,0.004489,
Quad,ACDRDA,0.003673,
Quad,ACDRDC,0.003777,
Quad,ACDRDD,0.004308,
Quad,ACDRDR,0.004959,
Quad,ACDRRA,0.004488,
Quad,ACDRRC,0.004330,
Quad,ACDRRD,0.004819,
Quad,ACDRRR,0.005519,
Quad,ACRAAA,0.003072,
Quad,ACRAAC,0.003207,
Quad,ACRAAD,0.003492,
Quad,ACRAAR,0.004144,
Quad,ACRACA,0.002947,
Quad,ACRACC,0.003162,
Quad,ACRACD,0.003411,
Quad,ACRACR,0.004086,
Quad,ACRADA,0.003415,
Quad,ACRADC,0.003259,
Quad,ACRADD,0.003753,
Quad,ACRADR,0.004370,
Quad,ACRARA,0.004200,
Quad,ACRARC,0.004149,
Quad,ACRARD,0.004380,
Quad,ACRARR,0.005218,
Quad,ACRCAA,0.003202,
Quad,ACRCAC,0.003288,
Quad,ACRCAD,0.003308,
Quad,ACRCAR,0.004073,
Quad,ACRCCA,0.003021,
Quad,ACRCCC,0.002895,
Quad,ACRCCD,0.003581,
Quad,ACRCCR,0.004192,
Quad,ACRCDA,0.003352,
Quad,ACRCDC,0.003281,
Quad,ACRCDD,0.003729,
Quad,ACRCDR,0.004158,
Quad,ACRCRA,0.004107,
Quad,ACRCRC,0.003971,
Quad,ACRCRD,0.004420,
Quad,ACRCRR,0.005198,
Quad,ACRDAA,0.003562,
Quad,ACRDAC,0.003464,
Quad,ACRDAD,0.003670,
Quad,ACRDAR,0.004616,
Quad,ACRDCA,0.003452,
Quad,ACRDCC,0.003438,
Quad,ACRDCD,0.003667,
Quad,ACRDCR,0.004397,
Quad,ACRDDA,0.003807,
Quad,ACRDDC,0.003559,
Quad,ACRDDD,0.003956,
Quad,ACRDDR,0.004790,
Quad,ACRDRA,0.004454,
Quad,ACRDRC,0.004383,
Quad,ACRDRD,0.004720,
Quad,ACRDRR,0.005363,
Quad,ACRRAA,0.004332,
Quad,ACRRAC,0.004134,
Quad,ACRRAD,0.004431,
Quad,ACRRAR,0.005403,
Quad,ACRRCA,0.004182,
Quad,ACRRCC,0.004228,
Quad,ACRRCD,0.004459,
Quad,ACRRCR,0.005279,
Quad,ACRRDA,0.004551,
Quad,ACRRDC,0.004370,
Quad,ACRRDD,0.004866,
Quad,ACRRDR,0.005421,
Quad,ACRRRA,0.005214,
Quad,ACRRRC,0.005196,
Quad,ACRRRD,0.005550,
Quad,ACRRRR,0.006140,
Tim,ADAAAA,0.002501,
Tim,ADAAAC,0.002528,
Tim,ADAAAD,0.002962,
Quad,ADAAAR,0.003484,
Quad,ADAACA,0.002479,
Quad,ADAACC,0.002406,
Quad,ADAACD,0.002817,
Quad,ADAACR,0.003433,
Quad,ADAADA,0.002874,
Quad,ADAADC,0.002909,
Quad,ADAADD,0.003067,
Quad,ADAADR,0.003668,
Quad,ADAARA,0.003414,
Quad,ADAARC,0.003208,
Quad,ADAARD,0.003758,
Quad,ADAARR,0.004588,
Tim,ADACAA,0.002615,
Quad,ADACAC,0.002422,
Tim,ADACAD,0.002907,
Quad,ADACAR,0.003438,
Quad,ADACCA,0.002322,
Quad,ADACCC,0.002223,
Quad,ADACCD,0.002693,
Quad,ADACCR,0.003349,
Quad,ADACDA,0.002697,
Quad,ADACDC,0.002689,
Tim,ADACDD,0.002924,
Quad,ADACDR,0.003738,
Quad,ADACRA,0.003408,
Quad,ADACRC,0.003132,
Quad,ADACRD,0.003800,
Quad,ADACRR,0.004283,
Tim,ADADAA,0.002925,
Tim,ADADAC,0.003056,
Tim,ADADAD,0.002737,
Quad,ADADAR,0.003822,
Quad,ADADCA,0.002836,
Tim,ADADCC,0.002661,
Tim,ADADCD,0.003407,
Quad,ADADCR,0.003893,
Tim,ADADDA,0.003383,
Tim,ADADDC,0.002926,
Tim,ADADDD,0.003623,
Quad,ADADDR,0.004386,
Quad,ADADRA,0.003818,
Quad,ADADRC,0.003608,
Quad,ADADRD,0.004035,
Quad,ADADRR,0.004820,
Quad,ADARAA,0.003542,
Quad,ADARAC,0.003485,
Quad,ADARAD,0.003859,
Quad,ADARAR,0.004552,
Quad,ADARCA,0.003581,
Quad,ADARCC,0.003518,
Quad,ADARCD,0.003978,
Quad,ADARCR,0.004505,
Quad,ADARDA,0.003710,
Quad,ADARDC,0.003705,
Quad,ADARDD,0.004172,
Quad,ADARDR,0.004813,
Quad,ADARRA,0.004374,
Quad,ADARRC,0.004369,
Quad,ADARRD,0.004849,
Quad,ADARRR,0.005555,
Quad,ADCAAA,0.002260,
Quad,ADCAAC,0.002448,
Quad,ADCAAD,0.002682,
Quad,ADCAAR,0.003383,
Quad,ADCACA,0.002301,
Tim,ADCACC,0.002316,
Tim,ADCACD,0.002856,
Quad,ADCACR,0.003492,
Tim,ADCADA,0.002990,
Tim,ADCADC,0.002684,
Tim,ADCADD,0.003360,
Quad,ADCADR,0.004007,
Quad,ADCARA,0.003277,
Quad,ADCARC,0.003203,
Quad,ADCARD,0.003642,
Quad,ADCARR,0.004454,
Quad,ADCCAA,0.002566,
Quad,ADCCAC,0.002314,
Tim,ADCCAD,0.002765,
Quad,ADCCAR,0.003349,
Quad,ADCCCA,0.002343,
Tim,ADCCCC,0.002114,
Tim,ADCCCD,0.002484,
Quad,ADCCCR,0.003323,
Tim,ADCCDA,0.002836,
Quad,ADCCDC,0.002597,
Tim,ADCCDD,0.003212,
Quad,ADCCDR,0.003548,
Quad,ADCCRA,0.003517,
Quad,ADCCRC,0.003376,
Quad,ADCCRD,0.003626,
Quad,ADCCRR,0.004429,
Quad,ADCDAA,0.002854,
Tim,ADCDAC,0.003003,
Quad,ADCDAD,0.003282,
Quad,ADCDAR,0.003820,
Tim,ADCDCA,0.002690,
Tim,ADCDCC,0.002645,
Tim,ADCDCD,0.003377,
Quad,ADCDCR,0.003791,
Tim,ADCDDA,0.002866,
Tim,ADCDDC,0.003042,
Tim,ADCDDD,0.003678,
Quad,ADCDDR,0.004216,
Quad,ADCDRA,0.003893,
Quad,ADCDRC,0.003749,
Quad,ADCDRD,0.004069,
Quad,ADCDRR,0.004812,
Quad,ADCRAA,0.003528,
Quad,ADCRAC,0.003606,
Quad,ADCRAD,0.003803,
Quad,ADCRAR,0.004543,
Quad,ADCRCA,0.003585,
Quad,ADCRCC,0.003332,
Quad,ADCRCD,0.003864,
Quad,ADCRCR,0.004471,
Quad,ADCRDA,0.003931,
Quad,ADCRDC,0.003674,
Quad,ADCRDD,0.004167,
Quad,ADCRDR,0.004805,
Quad,ADCRRA,0.004381,
Quad,ADCRRC,0.004314,
Quad,ADCRRD,0.005036,
Quad,ADCRRR,0.005457,
Quad,ADDAAA,0.002890,
Quad,ADDAAC,0.002835,
Tim,ADDAAD,0.003161,
Quad,ADDAAR,0.003857,
Tim,ADDACA,0.003184,
Quad,ADDACC,0.002977,
Tim,ADDACD,0.003171,
Quad,ADDACR,0.003825,
Tim,ADDADA,0.002897,
Tim,ADDADC,0.002989,
Tim,ADDADD,0.002522,
Quad,ADDADR,0.004220,
Quad,ADDARA,0.003790,
Quad,ADDARC,0.004132,
Quad,ADDARD,0.004115,
Quad,ADDARR,0.004695,
Tim,ADDCAA,0.002837,
Tim,ADDCAC,0.002924,
Tim,ADDCAD,0.003336,
Quad,ADDCAR,0.003690,
Quad,ADDCCA,0.002778,
Tim,ADDCCC,0.003416,
Tim,ADDCCD,0.002069,
Quad,ADDCCR,0.003714,
Tim,ADDCDA,0.003458,
Quad,ADDCDC,0.002985,
Quad,ADDCDD,0.003540,
Quad,ADDCDR,0.004273,
Quad,ADDCRA,0.003651,
Quad,ADDCRC,0.003926,
Quad,ADDCRD,0.004112,
Quad,ADDCRR,0.004758,
Quad,ADDDAA,0.003187,
Tim,ADDDAC,0.003495,
Tim,ADDDAD,0.003891,
Quad,ADDDAR,0.004189,
Tim,ADDDCA,0.003474,
Tim,ADDDCC,0.003262,
Tim,ADDDCD,0.003669,
Quad,ADDDCR,0.004234,
Tim,ADDDDA,0.003822,
Tim,ADDDDC,0.002947,
Tim,ADDDDD,0.004135,
Quad,ADDDDR,0.004791,
Quad,ADDDRA,0.004490,
Quad,ADDDRC,0.004187,
Quad,ADDDRD,0.004352,
Quad,ADDDRR,0.005080,
Quad,ADDRAA,0.003767,
Quad,ADDRAC,0.003994,
Quad,ADDRAD,0.004335,
Quad,ADDRAR,0.004985,
Quad,ADDRCA,0.003791,
Quad,ADDRCC,0.004049,
Quad,ADDRCD,0.004264,
Quad,ADDRCR,0.004920,
Quad,ADDRDA,0.004467,
Quad,ADDRDC,0.004105,
Quad,ADDRDD,0.004710,
Quad,ADDRDR,0.005329,
Quad,ADDRRA,0.004635,
Quad,ADDRRC,0.004885,
Quad,ADDRRD,0.005293,
Quad,ADDRRR,0.005826,
Quad,ADRAAA,0.002937,
Quad,ADRAAC,0.003472,
Quad,ADRAAD,0.003942,
Quad,ADRAAR,0.004441,
Quad,ADRACA,0.003599,
Quad,ADRACC,0.003282,
Quad,ADRACD,0.003773,
Quad,ADRACR,0.004439,
Quad,ADRADA,0.003836,
Quad,ADRADC,0.003664,
Quad,ADRADD,0.004293,
Quad,ADRADR,0.004918,
Quad,ADRARA,0.004641,
Quad,ADRARC,0.004410,
Quad,ADRARD,0.004825,
Quad,ADRARR,0.005619,
Quad,ADRCAA,0.003408,
Quad,ADRCAC,0.003376,
Quad,ADRCAD,0.003692,
Quad,ADRCAR,0.004512,
Quad,ADRCCA,0.003348,
Quad,ADRCCC,0.003502,
Quad,ADRCCD,0.003678,
Quad,ADRCCR,0.004423,
Quad,ADRCDA,0.003920,
Quad,ADRCDC,0.003644,
Quad,ADRCDD,0.004075,
Quad,ADRCDR,0.004879,
Quad,ADRCRA,0.004424,
Quad,ADRCRC,0.004759,
Quad,ADRCRD,0.004773,
Quad,ADRCRR,0.005721,
Quad,ADRDAA,0.003923,
Quad,ADRDAC,0.003933,
Quad,ADRDAD,0.004356,
Quad,ADRDAR,0.004785,
Quad,ADRDCA,0.003962,
Quad,ADRDCC,0.003734,
Quad,ADRDCD,0.004211,
Quad,ADRDCR,0.005010,
Quad,ADRDDA,0.004152,
Quad,ADRDDC,0.004042,
Quad,ADRDDD,0.004887,
Quad,ADRDDR,0.005068,
Quad,ADRDRA,0.004803,
Quad,ADRDRC,0.005025,
Quad,ADRDRD,0.005181,
Quad,ADRDRR,0.006086,
Quad,ADRRAA,0.004559,
Quad,ADRRAC,0.004762,
Quad,ADRRAD,0.004893,
Quad,ADRRAR,0.005637,
Quad,ADRRCA,0.004658,
Quad,ADRRCC,0.004410,
Quad,ADRRCD,0.005296,
Quad,ADRRCR,0.005279,
Quad,ADRRDA,0.005028,
Quad,ADRRDC,0.004443,
Quad,ADRRDD,0.005453,
Quad,ADRRDR,0.005821,
Quad,ADRRRA,0.005527,
Quad,ADRRRC,0.005594,
Quad,ADRRRD,0.005986,
Quad,ADRRRR,0.006641,
Quad,ARAAAA,0.003403,
Quad,ARAAAC,0.003354,
Quad,ARAAAD,0.003469,
Quad,ARAAAR,0.004065,
Quad,ARAACA,0.003028,
Quad,ARAACC,0.003142,
Quad,ARAACD,0.003502,
Quad,ARAACR,0.004257,
Quad,ARAADA,0.003735,
Quad,ARAADC,0.003423,
Quad,ARAADD,0.003863,
Quad,ARAADR,0.004389,
Quad,ARAARA,0.004250,
Quad,ARAARC,0.004031,
Quad,ARAARD,0.004490,
Quad,ARAARR,0.005398,
Quad,ARACAA,0.003080,
Quad,ARACAC,0.003051,
Quad,ARACAD,0.003553,
Quad,ARACAR,0.004110,
Quad,ARACCA,0.003103,
Quad,ARACCC,0.002940,
Quad,ARACCD,0.003512,
Quad,ARACCR,0.004339,
Quad,ARACDA,0.003396,
Quad,ARACDC,0.003385,
Quad,ARACDD,0.003762,
Quad,ARACDR,0.004516,
Quad,ARACRA,0.004202,
Quad,ARACRC,0.004256,
Quad,ARACRD,0.004457,
Quad,ARACRR,0.005300,
Quad,ARADAA,0.003340,
Quad,ARADAC,0.003564,
Quad,ARADAD,0.004209,
Quad,ARADAR,0.004522,
Quad,ARADCA,0.003399,
Quad,ARADCC,0.003316,
Quad,ARADCD,0.003853,
Quad,ARADCR,0.004412,
Quad,ARADDA,0.003838,
Quad,ARADDC,0.003777,
Quad,ARADDD,0.004185,
Quad,ARADDR,0.004908,
Quad,ARADRA,0.004470,
Quad,ARADRC,0.004501,
Quad,ARADRD,0.005012,
Quad,ARADRR,0.005628,
Quad,ARARAA,0.004289,
Quad,ARARAC,0.004253,
Quad,ARARAD,0.004611,
Quad,ARARAR,0.005444,
Quad,ARARCA,0.004330,
Quad,ARARCC,0.004093,
Quad,ARARCD,0.004727,
Quad,ARARCR,0.005319,
Quad,ARARDA,0.004810,
Quad,ARARDC,0.004504,
Quad,ARARDD,0.004960,
Quad,ARARDR,0.005548,
Quad,ARARRA,0.005178,
Quad,ARARRC,0.005241,
Quad,ARARRD,0.005534,
Quad,ARARRR,0.006144,
Quad,ARCAAA,0.003132,
Quad,ARCAAC,0.003142,
Quad,ARCAAD,0.003633,
Quad,ARCAAR,0.004420,
Quad,ARCACA,0.003201,
Quad,ARCACC,0.003126,
Quad,ARCACD,0.003379,
Quad,ARCACR,0.004114,
Quad,ARCADA,0.003344,
Quad,ARCADC,0.003332,
Quad,ARCADD,0.003751,
Quad,ARCADR,0.004537,
Quad,ARCARA,0.004091,
Quad,ARCARC,0.004083,
Quad,ARCARD,0.004491,
Quad,ARCARR,0.005152,
Quad,ARCCAA,0.003056,
Quad,ARCCAC,0.003036,
Quad,ARCCAD,0.003381,
Quad,ARCCAR,0.004072,
Quad,ARCCCA,0.002932,
Quad,ARCCCC,0.002949,
Quad,ARCCCD,0.003304,
Quad,ARCCCR,0.004080,
Quad,ARCCDA,0.003355,
Quad,ARCCDC,0.003318,
Quad,ARCCDD,0.003665,
Quad,ARCCDR,0.004453,
Quad,ARCCRA,0.004004,
Quad,ARCCRC,0.004141,
Quad,ARCCRD,0.004430,
Quad,ARCCRR,0.005161,
Quad,ARCDAA,0.003426,
Quad,ARCDAC,0.003517,
Quad,ARCDAD,0.003793,
Quad,ARCDAR,0.004391,
Quad,ARCDCA,0.003381,
Quad,ARCDCC,0.003503,
Quad,ARCDCD,0.003846,
Quad,ARCDCR,0.004430,
Quad,ARCDDA,0.003720,
Quad,ARCDDC,0.003812,
Quad,ARCDDD,0.004061,
Quad,ARCDDR,0.004869,
Quad,ARCDRA,0.004451,
Quad,ARCDRC,0.004437,
Quad,ARCDRD,0.004744,
Quad,ARCDRR,0.005407,
Quad,ARCRAA,0.004198,
Quad,ARCRAC,0.004289,
Quad,ARCRAD,0.004443,
Quad,ARCRAR,0.005229,
Quad,ARCRCA,0.004326,
Quad,ARCRCC,0.004003,
Quad,ARCRCD,0.004379,
Quad,ARCRCR,0.005167,
Quad,ARCRDA,0.004449,
Quad,ARCRDC,0.004207,
Quad,ARCRDD,0.004743,
Quad,ARCRDR,0.005538,
Quad,ARCRRA,0.005137,
Quad,ARCRRC,0.005224,
Quad,ARCRRD,0.005547,
Quad,ARCRRR,0.006132,
Quad,ARDAAA,0.003410,
Quad,ARDAAC,0.003573,
Quad,ARDAAD,0.003803,
Quad,ARDAAR,0.004354,
Quad,ARDACA,0.003539,
Quad,ARDACC,0.003330,
Quad,ARDACD,0.004001,
Quad,ARDACR,0.004361,
Quad,ARDADA,0.003853,
Quad,ARDADC,0.003695,
Quad,ARDADD,0.004075,
Quad,ARDADR,0.004835,
Quad,ARDARA,0.004494,
Quad,ARDARC,0.004511,
Quad,ARDARD,0.004755,
Quad,ARDARR,0.005507,
Quad,ARDCAA,0.003483,
Quad,ARDCAC,0.003539,
Quad,ARDCAD,0.003704,
Quad,ARDCAR,0.004317,
Quad,ARDCCA,0.003302,
Quad,ARDCCC,0.003391,
Quad,ARDCCD,0.003638,
Quad,ARDCCR,0.004492,
Quad,ARDCDA,0.003771,
Quad,ARDCDC,0.003711,
Quad,ARDCDD,0.004124,
Quad,ARDCDR,0.004792,
Quad,ARDCRA,0.004530,
Quad,ARDCRC,0.004418,
Quad,ARDCRD,0.004799,
Quad,ARDCRR,0.005528,
Quad,ARDDAA,0.003854,
Quad,ARDDAC,0.003695,
Quad,ARDDAD,0.004318,
Quad,ARDDAR,0.005107,
Quad,ARDDCA,0.003962,
Quad,ARDDCC,0.003736,
Quad,ARDDCD,0.004442,
Quad,ARDDCR,0.004887,
Quad,ARDDDA,0.004220,
Quad,ARDDDC,0.003962,
Quad,ARDDDD,0.004671,
Quad,ARDDDR,0.005157,
Quad,ARDDRA,0.004825,
Quad,ARDDRC,0.004606,
Quad,ARDDRD,0.005232,
Quad,ARDDRR,0.005679,
Quad,ARDRAA,0.004612,
Quad,ARDRAC,0.004495,
Quad,ARDRAD,0.004933,
Quad,ARDRAR,0.005561,
Quad,ARDRCA,0.004537,
Quad,ARDRCC,0.004432,
Quad,ARDRCD,0.004887,
Quad,ARDRCR,0.005542,
Quad,ARDRDA,0.004915,
Quad,ARDRDC,0.004877,
Quad,ARDRDD,0.005239,
Quad,ARDRDR,0.005794,
Quad,ARDRRA,0.005550,
Quad,ARDRRC,0.005578,
Quad,ARDRRD,0.005884,
Quad,ARDRRR,0.006561,
Quad,ARRAAA,0.004140,
Quad,ARRAAC,0.004273,
Quad,ARRAAD,0.004368,
Quad,ARRAAR,0.005130,
Quad,ARRACA,0.004222,
Quad,ARRACC,0.004024,
Quad,ARRACD,0.004552,
Quad,ARRACR,0.005130,
Quad,ARRADA,0.004425,
Quad,ARRADC,0.004427,
Quad,ARRADD,0.004777,
Quad,ARRADR,0.005400,
Quad,ARRARA,0.005156,
Quad,ARRARC,0.005180,
Quad,ARRARD,0.005508,
Quad,ARRARR,0.006204,
Quad,ARRCAA,0.004122,
Quad,ARRCAC,0.004001,
Quad,ARRCAD,0.004538,
Quad,ARRCAR,0.005163,
Quad,ARRCCA,0.003975,
Quad,ARRCCC,0.003909,
Quad,ARRCCD,0.004480,
Quad,ARRCCR,0.005156,
Quad,ARRCDA,0.004490,
Quad,ARRCDC,0.004224,
Quad,ARRCDD,0.004753,
Quad,ARRCDR,0.005363,
Quad,ARRCRA,0.005129,
Quad,ARRCRC,0.005110,
Quad,ARRCRD,0.005449,
Quad,ARRCRR,0.006032,
Quad,ARRDAA,0.004643,
Quad,ARRDAC,0.004504,
Quad,ARRDAD,0.004992,
Quad,ARRDAR,0.005571,
Quad,ARRDCA,0.004352,
Quad,ARRDCC,0.004522,
Quad,ARRDCD,0.004815,
Quad,ARRDCR,0.005455,
Quad,ARRDDA,0.004922,
Quad,ARRDDC,0.004805,
Quad,ARRDDD,0.005228,
Quad,ARRDDR,0.005719,
Quad,ARRDRA,0.005480,
Quad,ARRDRC,0.005456,
Quad,ARRDRD,0.005790,
Quad,ARRDRR,0.006469,
Quad,ARRRAA,0.005222,
Quad,ARRRAC,0.005310,
Quad,ARRRAD,0.005613,
Quad,ARRRAR,0.006325,
Quad,ARRRCA,0.005267,
Quad,ARRRCC,0.005139,
Quad,ARRRCD,0.005643,
Quad,ARRRCR,0.006279,
Quad,ARRRDA,0.005618,
Quad,ARRRDC,0.005374,
Quad,ARRRDD,0.005785,
Quad,ARRRDR,0.006512,
Quad,ARRRRA,0.006327,
Quad,ARRRRC,0.006118,
Quad,ARRRRD,0.006494,
Quad,ARRRRR,0.007198,
Quad,CAAAAA,0.001789,
Quad,CAAAAC,0.001813,
Quad,CAAAAD,0.002165,
Quad,CAAAAR,0.002995,
Quad,CAAACA,0.001900,
Quad,CAAACC,0.001903,
Quad,CAAACD,0.002279,
Quad,CAAACR,0.003102,
Tim,CAAADA,0.001898,
Quad,CAAADC,0.002275,
Tim,CAAADD,0.002946,
Quad,CAAADR,0.003105,
Quad,CAAARA,0.003037,
Quad,CAAARC,0.003035,
Quad,CAAARD,0.002867,
Quad,CAAARR,0.004043,
Tim,CAACAA,0.001663,
Quad,CAACAC,0.001990,
Quad,CAACAD,0.002267,
Quad,CAACAR,0.003022,
Quad,CAACCA,0.001921,
Tim,CAACCC,0.001990,
Quad,CAACCD,0.002296,
Quad,CAACCR,0.003066,
Quad,CAACDA,0.002210,
Quad,CAACDC,0.002292,
Quad,CAACDD,0.002173,
Quad,CAACDR,0.003236,
Quad,CAACRA,0.002985,
Quad,CAACRC,0.002885,
Quad,CAACRD,0.003373,
Quad,CAACRR,0.003537,
Quad,CAADAA,0.002362,
Quad,CAADAC,0.002437,
Quad,CAADAD,0.002602,
Quad,CAADAR,0.003514,
Quad,CAADCA,0.002382,
Quad,CAADCC,0.002223,
Quad,CAADCD,0.002795,
Quad,CAADCR,0.003276,
Quad,CAADDA,0.002451,
Quad,CAADDC,0.002541,
Quad,CAADDD,0.003169,
Quad,CAADDR,0.003741,
Quad,CAADRA,0.003466,
Quad,CAADRC,0.003257,
Quad,CAADRD,0.003743,
Quad,CAADRR,0.004495,
Quad,CAARAA,0.003063,
Quad,CAARAC,0.003058,
Quad,CAARAD,0.003348,
Quad,CAARAR,0.004226,
Quad,CAARCA,0.002975,
Quad,CAARCC,0.002969,
Quad,CAARCD,0.003499,
Quad,CAARCR,0.004203,
Quad,CAARDA,0.003295,
Quad,CAARDC,0.003205,
Quad,CAARDD,0.003875,
Quad,CAARDR,0.004423,
Quad,CAARRA,0.004066,
Quad,CAARRC,0.004203,
Quad,CAARRD,0.004328,
Quad,CAARRR,0.005180,
Quad,CACAAA,0.002037,
Quad,CACAAC,0.001860,
Quad,CACAAD,0.002258,
Quad,CACAAR,0.002910,
Quad,CACACA,0.001345,
Quad,CACACC,0.001344,
Quad,CACACD,0.002419,
Quad,CACACR,0.002972,
Quad,CACADA,0.001840,
Quad,CACADC,0.002072,
Tim,CACADD,0.002359,
Quad,CACADR,0.003401,
Quad,CACARA,0.003041,
Quad,CACARC,0.002994,
Quad,CACARD,0.003259,
Quad,CACARR,0.004151,
Tim,CACCAA,0.001769,
Quad,CACCAC,0.001766,
Quad,CACCAD,0.002120,
Quad,CACCAR,0.002812,
Quad,CACCCA,0.001787,
Quad,CACCCC,0.002009,
Tim,CACCCD,0.002457,
Quad,CACCCR,0.003019,
Quad,CACCDA,0.002317,
Quad,CACCDC,0.002218,
Quad,CACCDD,0.002586,
Quad,CACCDR,0.002770,
Quad,CACCRA,0.003089,
Quad,CACCRC,0.003100,
Quad,CACCRD,0.003398,
Quad,CACCRR,0.003985,
Quad,CACDAA,0.002461,
Quad,CACDAC,0.002420,
Quad,CACDAD,0.002739,
Quad,CACDAR,0.003385,
Tim,CACDCA,0.002584,
Quad,CACDCC,0.002354,
Quad,CACDCD,0.002682,
Quad,CACDCR,0.003296,
Quad,CACDDA,0.002710,
Tim,CACDDC,0.002503,
Tim,CACDDD,0.002582,
Quad,CACDDR,0.003827,
Quad,CACDRA,0.003298,
Quad,CACDRC,0.003399,
Quad,CACDRD,0.003788,
Quad,CACDRR,0.004445,
Quad,CACRAA,0.002642,
Quad,CACRAC,0.003007,
Quad,CACRAD,0.003510,
Quad,CACRAR,0.004273,
Quad,CACRCA,0.003021,
Quad,CACRCC,0.002921,
Quad,CACRCD,0.003454,
Quad,CACRCR,0.004148,
Quad,CACRDA,0.003541,
Quad,CACRDC,0.003440,
Quad,CACRDD,0.003785,
Quad,CACRDR,0.004415,
Quad,CACRRA,0.004026,
Quad,CACRRC,0.004247,
Quad,CACRRD,0.004555,
Quad,CACRRR,0.005062,
Tim,CADAAA,0.002389,
Quad,CADAAC,0.002405,
Quad,CADAAD,0.002910,
Quad,CADAAR,0.003594,
Tim,CADACA,0.002344,
Tim,CADACC,0.002327,
Tim,CADACD,0.002523,
Quad,CADACR,0.003596,
Quad,CADADA,0.002657,
Quad,CADADC,0.002644,
Tim,CADADD,0.003326,
Quad,CADADR,0.003639,
Quad,CADARA,0.003322,
Quad,CADARC,0.003417,
Quad,CADARD,0.003817,
Quad,CADARR,0.004431,
Quad,CADCAA,0.002301,
Quad,CADCAC,0.002464,
Tim,CADCAD,0.002539,
Quad,CADCAR,0.003216,
Quad,CADCCA,0.002324,
Quad,CADCCC,0.002406,
Quad,CADCCD,0.002929,
Quad,CADCCR,0.003400,
Quad,CADCDA,0.002581,
Quad,CADCDC,0.002815,
Tim,CADCDD,0.002934,
Quad,CADCDR,0.003759,
Quad,CADCRA,0.003550,
Quad,CADCRC,0.003202,
Quad,CADCRD,0.003757,
Quad,CADCRR,0.004480,
Quad,CADDAA,0.002652,
Tim,CADDAC,0.002740,
Quad,CADDAD,0.003314,
Quad,CADDAR,0.003950,
Quad,CADDCA,0.002740,
Quad,CADDCC,0.002842,
Tim,CADDCD,0.003579,
Quad,CADDCR,0.003896,
Tim,CADDDA,0.002985,
Tim,CADDDC,0.003063,
Tim,CADDDD,0.003064,
Quad,CADDDR,0.004237,
Quad,CADDRA,0.004024,
Quad,CADDRC,0.003769,
Quad,CADDRD,0.004255,
Quad,CADDRR,0.004862,
Quad,CADRAA,0.003412,
Quad,CADRAC,0.003473,
Quad,CADRAD,0.003753,
Quad,CADRAR,0.004463,
Quad,CADRCA,0.003708,
Quad,CADRCC,0.003450,
Quad,CADRCD,0.003844,
Quad,CADRCR,0.004474,
Quad,CADRDA,0.003885,
Quad,CADRDC,0.003562,
Quad,CADRDD,0.004480,
Quad,CADRDR,0.004700,
Quad,CADRRA,0.004442,
Quad,CADRRC,0.004461,
Quad,CADRRD,0.004765,
Quad,CADRRR,0.005633,
Quad,CARAAA,0.003156,
Quad,CARAAC,0.003066,
Quad,CARAAD,0.003540,
Quad,CARAAR,0.004232,
Quad,CARACA,0.003269,
Quad,CARACC,0.003141,
Quad,CARACD,0.003641,
Quad,CARACR,0.004327,
Quad,CARADA,0.003440,
Quad,CARADC,0.003258,
Quad,CARADD,0.004015,
Quad,CARADR,0.004223,
Quad,CARARA,0.004340,
Quad,CARARC,0.004050,
Quad,CARARD,0.004400,
Quad,CARARR,0.005138,
Quad,CARCAA,0.003247,
Quad,CARCAC,0.003227,
Quad,CARCAD,0.003417,
Quad,CARCAR,0.004075,
Quad,CARCCA,0.003217,
Quad,CARCCC,0.003091,
Quad,CARCCD,0.003528,
Quad,CARCCR,0.004060,
Quad,CARCDA,0.003360,
Quad,CARCDC,0.003250,
Quad,CARCDD,0.003749,
Quad,CARCDR,0.004417,
Quad,CARCRA,0.004063,
Quad,CARCRC,0.003910,
Quad,CARCRD,0.004643,
Quad,CARCRR,0.005335,
Quad,CARDAA,0.003532,
Quad,CARDAC,0.003455,
Quad,CARDAD,0.003838,
Quad,CARDAR,0.004784,
Quad,CARDCA,0.003515,
Quad,CARDCC,0.003353,
Quad,CARDCD,0.003923,
Quad,CARDCR,0.004539,
Quad,CARDDA,0.003698,
Quad,CARDDC,0.003580,
Quad,CARDDD,0.004348,
Quad,CARDDR,0.004996,
Quad,CARDRA,0.004786,
Quad,CARDRC,0.004492,
Quad,CARDRD,0.004911,
Quad,CARDRR,0.005301,
Quad,CARRAA,0.004182,
Quad,CARRAC,0.004255,
Quad,CARRAD,0.004564,
Quad,CARRAR,0.005209,
Quad,CARRCA,0.004320,
Quad,CARRCC,0.004075,
Quad,CARRCD,0.004537,
Quad,CARRCR,0.005207,
Quad,CARRDA,0.004687,
Quad,CARRDC,0.004698,
Quad,CARRDD,0.004896,
Quad,CARRDR,0.005409,
Quad,CARRRA,0.005497,
Quad,CARRRC,0.005182,
Quad,CARRRD,0.005448,
Quad,CARRRR,0.006158,
Tim,CCAAAA,0.002083,
Quad,CCAAAC,0.001839,
Quad,CCAAAD,0.002250,
Quad,CCAAAR,0.002904,
Quad,CCAACA,0.001880,
Quad,CCAACC,0.001966,
Quad,CCAACD,0.002200,
Quad,CCAACR,0.003009,
Quad,CCAADA,0.002149,
Quad,CCAADC,0.002339,
Quad,CCAADD,0.002613,
Quad,CCAADR,0.003415,
Quad,CCAARA,0.002707,
Quad,CCAARC,0.002851,
Quad,CCAARD,0.003348,
Quad,CCAARR,0.004130,
Quad,CCACAA,0.001874,
Quad,CCACAC,0.001781,
Quad,CCACAD,0.002201,
Quad,CCACAR,0.003144,
Quad,CCACCA,0.001835,
Quad,CCACCC,0.002290,
Quad,CCACCD,0.002243,
Quad,CCACCR,0.003023,
Quad,CCACDA,0.002233,
Quad,CCACDC,0.002314,
Quad,CCACDD,0.002923,
Quad,CCACDR,0.003199,
Quad,CCACRA,0.003074,
Quad,CCACRC,0.002812,
Quad,CCACRD,0.003305,
Quad,CCACRR,0.004057,
Quad,CCADAA,0.002376,
Quad,CCADAC,0.002189,
Quad,CCADAD,0.002836,
Quad,CCADAR,0.003284,
Quad,CCADCA,0.002475,
Quad,CCADCC,0.002199,
Tim,CCADCD,0.002890,
Quad,CCADCR,0.003526,
Tim,CCADDA,0.002541,
Tim,CCADDC,0.002512,
Quad,CCADDD,0.003028,
Quad,CCADDR,0.003620,
Quad,CCADRA,0.003320,
Quad,CCADRC,0.003245,
Quad,CCADRD,0.003772,
Quad,CCADRR,0.004444,
Quad,CCARAA,0.003142,
Quad,CCARAC,0.003022,
Quad,CCARAD,0.003506,
Quad,CCARAR,0.004220,
Quad,CCARCA,0.003071,
Quad,CCARCC,0.002991,
Quad,CCARCD,0.003450,
Quad,CCARCR,0.004124,
Quad,CCARDA,0.003536,
Quad,CCARDC,0.003332,
Quad,CCARDD,0.004002,
Quad,CCARDR,0.004437,
Quad,CCARRA,0.004247,
Quad,CCARRC,0.003853,
Quad,CCARRD,0.004405,
Quad,CCARRR,0.005384,
Tim,CCCAAA,0.001888,
Quad,CCCAAC,0.001975,
Quad,CCCAAD,0.002046,
Quad,CCCAAR,0.002922,
Quad,CCCACA,0.001811,
Tim,CCCACC,0.001729,
Quad,CCCACD,0.002462,
Quad,CCCACR,0.003016,
Quad,CCCADA,0.002283,
Tim,CCCADC,0.002779,
Quad,CCCADD,0.002512,
Quad,CCCADR,0.003399,
Quad,CCCARA,0.003015,
Quad,CCCARC,0.002833,
Quad,CCCARD,0.003214,
Quad,CCCARR,0.004050,
Quad,CCCCAA,0.001871,
Tim,CCCCAC,0.001901,
Quad,CCCCAD,0.002404,
Quad,CCCCAR,0.003146,
Tim,CCCCCA,0.001741,
Quad,CCCCCC,0.001818,
Quad,CCCCCD,0.002171,
Quad,CCCCCR,0.003322,
Quad,CCCCDA,0.002227,
Quad,CCCCDC,0.002026,
Quad,CCCCDD,0.002589,
Quad,CCCCDR,0.003374,
Quad,CCCCRA,0.003019,
Quad,CCCCRC,0.002952,
Quad,CCCCRD,0.003370,
Quad,CCCCRR,0.003899,
Quad,CCCDAA,0.002649,
Tim,CCCDAC,0.002548,
Quad,CCCDAD,0.002858,
Quad,CCCDAR,0.003388,
Tim,CCCDCA,0.002314,
Quad,CCCDCC,0.002316,
Quad,CCCDCD,0.002599,
Quad,CCCDCR,0.003368,
Quad,CCCDDA,0.002723,
Quad,CCCDDC,0.002550,
Tim,CCCDDD,0.002884,
Quad,CCCDDR,0.003710,
Quad,CCCDRA,0.003273,
Quad,CCCDRC,0.003187,
Quad,CCCDRD,0.003730,
Quad,CCCDRR,0.004270,
Quad,CCCRAA,0.003116,
Quad,CCCRAC,0.003129,
Quad,CCCRAD,0.003496,
Quad,CCCRAR,0.003985,
Quad,CCCRCA,0.003145,
Quad,CCCRCC,0.003041,
Quad,CCCRCD,0.003616,
Quad,CCCRCR,0.004032,
Quad,CCCRDA,0.003346,
Quad,CCCRDC,0.003315,
Quad,CCCRDD,0.003759,
Quad,CCCRDR,0.004401,
Quad,CCCRRA,0.004223,
Quad,CCCRRC,0.004152,
Quad,CCCRRD,0.004327,
Quad,CCCRRR,0.005066,
Quad,CCDAAA,0.002624,
Quad,CCDAAC,0.002294,
Quad,CCDAAD,0.002938,
Quad,CCDAAR,0.003442,
Quad,CCDACA,0.002461,
Quad,CCDACC,0.002423,
Quad,CCDACD,0.002676,
Quad,CCDACR,0.003464,
Quad,CCDADA,0.003029,
Quad,CCDADC,0.002548,
Tim,CCDADD,0.003032,
Quad,CCDADR,0.003884,
Quad,CCDARA,0.003349,
Quad,CCDARC,0.003351,
Quad,CCDARD,0.003939,
Quad,CCDARR,0.004455,
Tim,CCDCAA,0.002372,
Quad,CCDCAC,0.002103,
Quad,CCDCAD,0.003104,
Quad,CCDCAR,0.003325,
Quad,CCDCCA,0.002215,
Quad,CCDCCC,0.002246,
Quad,CCDCCD,0.002603,
Quad,CCDCCR,0.003581,
Tim,CCDCDA,0.002552,
Tim,CCDCDC,0.002064,
Quad,CCDCDD,0.003150,
Quad,CCDCDR,0.003832,
Quad,CCDCRA,0.003279,
Quad,CCDCRC,0.003391,
Quad,CCDCRD,0.003818,
Quad,CCDCRR,0.004477,
Quad,CCDDAA,0.002577,
Quad,CCDDAC,0.002671,
Quad,CCDDAD,0.003252,
Quad,CCDDAR,0.003793,
Quad,CCDDCA,0.002755,
Quad,CCDDCC,0.002675,
Tim,CCDDCD,0.003234,
Quad,CCDDCR,0.003943,
Quad,CCDDDA,0.003054,
Quad,CCDDDC,0.003203,
Tim,CCDDDD,0.003716,
Quad,CCDDDR,0.004117,
Quad,CCDDRA,0.003753,
Quad,CCDDRC,0.003869,
Quad,CCDDRD,0.004076,
Quad,CCDDRR,0.005039,
Quad,CCDRAA,0.003669,
Quad,CCDRAC,0.003532,
Quad,CCDRAD,0.003777,
Quad,CCDRAR,0.004706,
Quad,CCDRCA,0.003609,
Quad,CCDRCC,0.003532,
Quad,CCDRCD,0.003749,
Quad,CCDRCR,0.004566,
Quad,CCDRDA,0.003956,
Quad,CCDRDC,0.003753,
Quad,CCDRDD,0.004277,
Quad,CCDRDR,0.004945,
Quad,CCDRRA,0.004485,
Quad,CCDRRC,0.004457,
Quad,CCDRRD,0.004823,
Quad,CCDRRR,0.005557,
Quad,CCRAAA,0.003126,
Quad,CCRAAC,0.002668,
Quad,CCRAAD,0.003483,
Quad,CCRAAR,0.004189,
Quad,CCRACA,0.003114,
Quad,CCRACC,0.002965,
Quad,CCRACD,0.003386,
Quad,CCRACR,0.004186,
Quad,CCRADA,0.003272,
Quad,CCRADC,0.003412,
Quad,CCRADD,0.003788,
Quad,CCRADR,0.004554,
Quad,CCRARA,0.004025,
Quad,CCRARC,0.003966,
Quad,CCRARD,0.004411,
Quad,CCRARR,0.005042,
Quad,CCRCAA,0.002993,
Quad,CCRCAC,0.003099,
Quad,CCRCAD,0.003266,
Quad,CCRCAR,0.004269,
Quad,CCRCCA,0.002867,
Quad,CCRCCC,0.002949,
Quad,CCRCCD,0.003410,
Quad,CCRCCR,0.004045,
Quad,CCRCDA,0.003499,
Quad,CCRCDC,0.003298,
Quad,CCRCDD,0.003647,
Quad,CCRCDR,0.004441,
Quad,CCRCRA,0.004071,
Quad,CCRCRC,0.004014,
Quad,CCRCRD,0.004363,
Quad,CCRCRR,0.005134,
Quad,CCRDAA,0.003463,
Quad,CCRDAC,0.003418,
Quad,CCRDAD,0.003839,
Quad,CCRDAR,0.004494,
Quad,CCRDCA,0.003381,
Quad,CCRDCC,0.003401,
Quad,CCRDCD,0.003885,
Quad,CCRDCR,0.004576,
Quad,CCRDDA,0.003656,
Quad,CCRDDC,0.003665,
Quad,CCRDDD,0.004094,
Quad,CCRDDR,0.004728,
Quad,CCRDRA,0.004406,
Quad,CCRDRC,0.004357,
Quad,CCRDRD,0.004923,
Quad,CCRDRR,0.005349,
Quad,CCRRAA,0.004234,
Quad,CCRRAC,0.003966,
Quad,CCRRAD,0.004638,
Quad,CCRRAR,0.005302,
Quad,CCRRCA,0.004214,
Quad,CCRRCC,0.004111,
Quad,CCRRCD,0.004498,
Quad,CCRRCR,0.005290,
Quad,CCRRDA,0.004469,
Quad,CCRRDC,0.004415,
Quad,CCRRDD,0.004802,
Quad,CCRRDR,0.005404,
Quad,CCRRRA,0.005235,
Quad,CCRRRC,0.005094,
Quad,CCRRRD,0.005454,
Quad,CCRRRR,0.006242,
Quad,CDAAAA,0.002542,
Quad,CDAAAC,0.002398,
Tim,CDAAAD,0.002650,
Quad,CDAAAR,0.003481,
Quad,CDAACA,0.002221,
Tim,CDAACC,0.002548,
Tim,CDAACD,0.002986,
Quad,CDAACR,0.003477,
Quad,CDAADA,0.002698,
Quad,CDAADC,0.002698,
Quad,CDAADD,0.003177,
Quad,CDAADR,0.003829,
Quad,CDAARA,0.003424,
Quad,CDAARC,0.003402,
Quad,CDAARD,0.003764,
Quad,CDAARR,0.004456,
Quad,CDACAA,0.002588,
Quad,CDACAC,0.002406,
Quad,CDACAD,0.002810,
Quad,CDACAR,0.003489,
Tim,CDACCA,0.002380,
Quad,CDACCC,0.002218,
Tim,CDACCD,0.002711,
Quad,CDACCR,0.003485,
Tim,CDACDA,0.002846,
Tim,CDACDC,0.002724,
Tim,CDACDD,0.003482,
Quad,CDACDR,0.003749,
Quad,CDACRA,0.003414,
Quad,CDACRC,0.003321,
Quad,CDACRD,0.003849,
Quad,CDACRR,0.004472,
Quad,CDADAA,0.002819,
Quad,CDADAC,0.002852,
Tim,CDADAD,0.003221,
Quad,CDADAR,0.003728,
Quad,CDADCA,0.002980,
Quad,CDADCC,0.002620,
Tim,CDADCD,0.003211,
Quad,CDADCR,0.003830,
Tim,CDADDA,0.003037,
Tim,CDADDC,0.003088,
Tim,CDADDD,0.003939,
Quad,CDADDR,0.004420,
Quad,CDADRA,0.003783,
Quad,CDADRC,0.003653,
Quad,CDADRD,0.004248,
Quad,CDADRR,0.004850,
Quad,CDARAA,0.003618,
Quad,CDARAC,0.003565,
Quad,CDARAD,0.003935,
Quad,CDARAR,0.004546,
Quad,CDARCA,0.003573,
Quad,CDARCC,0.003574,
Quad,CDARCD,0.003860,
Quad,CDARCR,0.004490,
Quad,CDARDA,0.003949,
Quad,CDARDC,0.003808,
Quad,CDARDD,0.004223,
Quad,CDARDR,0.004873,
Quad,CDARRA,0.004486,
Quad,CDARRC,0.004436,
Quad,CDARRD,0.004862,
Quad,CDARRR,0.005371,
Quad,CDCAAA,0.002323,
Tim,CDCAAC,0.002323,
Quad,CDCAAD,0.002733,
Quad,CDCAAR,0.003374,
Quad,CDCACA,0.002087,
Quad,CDCACC,0.002086,
Quad,CDCACD,0.002601,
Quad,CDCACR,0.003344,
Quad,CDCADA,0.002742,
Tim,CDCADC,0.002664,
Tim,CDCADD,0.003210,
Quad,CDCADR,0.003815,
Quad,CDCARA,0.003279,
Quad,CDCARC,0.003452,
Quad,CDCARD,0.003524,
Quad,CDCARR,0.004504,
Quad,CDCCAA,0.002248,
Quad,CDCCAC,0.002256,
Tim,CDCCAD,0.002216,
Quad,CDCCAR,0.003211,
Quad,CDCCCA,0.002155,
Tim,CDCCCC,0.002341,
Tim,CDCCCD,0.002783,
Quad,CDCCCR,0.003400,
Quad,CDCCDA,0.002852,
Tim,CDCCDC,0.002918,
Tim,CDCCDD,0.003145,
Quad,CDCCDR,0.003559,
Quad,CDCCRA,0.003479,
Quad,CDCCRC,0.003270,
Quad,CDCCRD,0.003705,
Quad,CDCCRR,0.004370,
Tim,CDCDAA,0.002813,
Tim,CDCDAC,0.002920,
Tim,CDCDAD,0.003439,
Quad,CDCDAR,0.003606,
Quad,CDCDCA,0.002729,
Quad,CDCDCC,0.002712,
Tim,CDCDCD,0.002739,
Quad,CDCDCR,0.003722,
Tim,CDCDDA,0.002756,
Tim,CDCDDC,0.003007,
Tim,CDCDDD,0.003653,
Quad,CDCDDR,0.004092,
Quad,CDCDRA,0.003719,
Quad,CDCDRC,0.003622,
Quad,CDCDRD,0.004109,
Quad,CDCDRR,0.004715,
Quad,CDCRAA,0.003427,
Quad,CDCRAC,0.003558,
Quad,CDCRAD,0.003767,
Quad,CDCRAR,0.004367,
Quad,CDCRCA,0.003603,
Quad,CDCRCC,0.003401,
Quad,CDCRCD,0.003830,
Quad,CDCRCR,0.004460,
Quad,CDCRDA,0.003863,
Quad,CDCRDC,0.003764,
Quad,CDCRDD,0.004327,
Quad,CDCRDR,0.004752,
Quad,CDCRRA,0.004563,
Quad,CDCRRC,0.004432,
Quad,CDCRRD,0.004813,
Quad,CDCRRR,0.005372,
Tim,CDDAAA,0.002997,
Tim,CDDAAC,0.002667,
Tim,CDDAAD,0.003244,
Quad,CDDAAR,0.003922,
Tim,CDDACA,0.002918,
Tim,CDDACC,0.002745,
Tim,CDDACD,0.003439,
Quad,CDDACR,0.003784,
Tim,CDDADA,0.003356,
Quad,CDDADC,0.003040,
Tim,CDDADD,0.003653,
Quad,CDDADR,0.004234,
Quad,CDDARA,0.003855,
Quad,CDDARC,0.003828,
Quad,CDDARD,0.004209,
Quad,CDDARR,0.004803,
Tim,CDDCAA,0.002066,
Tim,CDDCAC,0.001799,
Tim,CDDCAD,0.003403,
Quad,CDDCAR,0.003762,
Tim,CDDCCA,0.002844,
Tim,CDDCCC,0.002800,
Tim,CDDCCD,0.003261,
Quad,CDDCCR,0.003753,
Quad,CDDCDA,0.003074,
Tim,CDDCDC,0.003061,
Tim,CDDCDD,0.003410,
Quad,CDDCDR,0.004186,
Quad,CDDCRA,0.003601,
Quad,CDDCRC,0.003734,
Quad,CDDCRD,0.004213,
Quad,CDDCRR,0.004786,
Tim,CDDDAA,0.002866,
Tim,CDDDAC,0.003365,
Tim,CDDDAD,0.003731,
Quad,CDDDAR,0.004221,
Tim,CDDDCA,0.003480,
Tim,CDDDCC,0.003127,
Quad,CDDDCD,0.003398,
Quad,CDDDCR,0.004104,
Tim,CDDDDA,0.003712,
Tim,CDDDDC,0.003401,
Tim,CDDDDD,0.004454,
Quad,CDDDDR,0.004679,
Quad,CDDDRA,0.004228,
Quad,CDDDRC,0.004269,
Quad,CDDDRD,0.004601,
Quad,CDDDRR,0.005032,
Quad,CDDRAA,0.004095,
Quad,CDDRAC,0.003930,
Quad,CDDRAD,0.004434,
Quad,CDDRAR,0.004950,
Quad,CDDRCA,0.003993,
Quad,CDDRCC,0.003800,
Quad,CDDRCD,0.004329,
Quad,CDDRCR,0.004965,
Quad,CDDRDA,0.004367,
Quad,CDDRDC,0.004207,
Quad,CDDRDD,0.004606,
Quad,CDDRDR,0.005295,
Quad,CDDRRA,0.005010,
Quad,CDDRRC,0.004815,
Quad,CDDRRD,0.005242,
Quad,CDDRRR,0.005801,
Quad,CDRAAA,0.003383,
Quad,CDRAAC,0.003361,
Quad,CDRAAD,0.003871,
Quad,CDRAAR,0.004344,
Quad,CDRACA,0.003402,
Quad,CDRACC,0.003422,
Quad,CDRACD,0.003753,
Quad,CDRACR,0.004299,
Quad,CDRADA,0.003744,
Quad,CDRADC,0.003631,
Quad,CDRADD,0.004192,
Quad,CDRADR,0.004832,
Quad,CDRARA,0.004518,
Quad,CDRARC,0.004390,
Quad,CDRARD,0.004738,
Quad,CDRARR,0.005469,
Quad,CDRCAA,0.003528,
Quad,CDRCAC,0.003211,
Quad,CDRCAD,0.003743,
Quad,CDRCAR,0.004513,
Quad,CDRCCA,0.003481,
Quad,CDRCCC,0.003261,
Quad,CDRCCD,0.003803,
Quad,CDRCCR,0.004349,
Quad,CDRCDA,0.003780,
Quad,CDRCDC,0.003600,
Quad,CDRCDD,0.004133,
Quad,CDRCDR,0.004698,
Quad,CDRCRA,0.004451,
Quad,CDRCRC,0.004329,
Quad,CDRCRD,0.004778,
Quad,CDRCRR,0.005380,
Quad,CDRDAA,0.004035,
Quad,CDRDAC,0.003796,
Quad,CDRDAD,0.004216,
Quad,CDRDAR,0.004840,
Quad,CDRDCA,0.004062,
Quad,CDRDCC,0.003922,
Quad,CDRDCD,0.004193,
Quad,CDRDCR,0.004852,
Quad,CDRDDA,0.004060,
Quad,CDRDDC,0.003926,
Quad,CDRDDD,0.004527,
Quad,CDRDDR,0.005105,
Quad,CDRDRA,0.004559,
Quad,CDRDRC,0.004723,
Quad,CDRDRD,0.005210,
Quad,CDRDRR,0.005727,
Quad,CDRRAA,0.004495,
Quad,CDRRAC,0.004330,
Quad,CDRRAD,0.005023,
Quad,CDRRAR,0.005666,
Quad,CDRRCA,0.004448,
Quad,CDRRCC,0.004434,
Quad,CDRRCD,0.004812,
Quad,CDRRCR,0.005566,
Quad,CDRRDA,0.004983,
Quad,CDRRDC,0.004671,
Quad,CDRRDD,0.005217,
Quad,CDRRDR,0.005718,
Quad,CDRRRA,0.005493,
Quad,CDRRRC,0.005533,
Quad,CDRRRD,0.005803,
Quad,CDRRRR,0.006501,
Quad,CRAAAA,0.003252,
Quad,CRAAAC,0.003127,
Quad,CRAAAD,0.003604,
Quad,CRAAAR,0.004233,
Quad,CRAACA,0.003106,
Quad,CRAACC,0.003212,
Quad,CRAACD,0.003613,
Quad,CRAACR,0.004132,
Quad,CRAADA,0.003448,
Quad,CRAADC,0.003316,
Quad,CRAADD,0.003925,
Quad,CRAADR,0.004463,
Quad,CRAARA,0.004047,
Quad,CRAARC,0.003977,
Quad,CRAARD,0.004499,
Quad,CRAARR,0.005140,
Quad,CRACAA,0.002991,
Quad,CRACAC,0.003167,
Quad,CRACAD,0.003337,
Quad,CRACAR,0.004193,
Quad,CRACCA,0.003061,
Quad,CRACCC,0.003105,
Quad,CRACCD,0.003429,
Quad,CRACCR,0.004002,
Quad,CRACDA,0.003427,
Quad,CRACDC,0.003346,
Quad,CRACDD,0.003862,
Quad,CRACDR,0.004415,
Quad,CRACRA,0.004183,
Quad,CRACRC,0.004155,
Quad,CRACRD,0.004477,
Quad,CRACRR,0.005105,
Quad,CRADAA,0.003613,
Quad,CRADAC,0.003470,
Quad,CRADAD,0.003914,
Quad,CRADAR,0.004555,
Quad,CRADCA,0.003387,
Quad,CRADCC,0.003514,
Quad,CRADCD,0.003777,
Quad,CRADCR,0.004430,
Quad,CRADDA,0.003887,
Quad,CRADDC,0.003743,
Quad,CRADDD,0.004466,
Quad,CRADDR,0.004971,
Quad,CRADRA,0.004513,
Quad,CRADRC,0.004388,
Quad,CRADRD,0.004876,
Quad,CRADRR,0.005396,
Quad,CRARAA,0.004221,
Quad,CRARAC,0.004331,
Quad,CRARAD,0.004553,
Quad,CRARAR,0.005251,
Quad,CRARCA,0.004295,
Quad,CRARCC,0.004085,
Quad,CRARCD,0.004620,
Quad,CRARCR,0.005319,
Quad,CRARDA,0.004566,
Quad,CRARDC,0.004481,
Quad,CRARDD,0.004665,
Quad,CRARDR,0.005448,
Quad,CRARRA,0.005326,
Quad,CRARRC,0.005161,
Quad,CRARRD,0.005602,
Quad,CRARRR,0.006233,
Quad,CRCAAA,0.002892,
Quad,CRCAAC,0.002977,
Quad,CRCAAD,0.003425,
Quad,CRCAAR,0.004076,
Quad,CRCACA,0.002998,
Quad,CRCACC,0.003045,
Quad,CRCACD,0.003353,
Quad,CRCACR,0.004232,
Quad,CRCADA,0.003381,
Quad,CRCADC,0.003263,
Quad,CRCADD,0.003879,
Quad,CRCADR,0.004342,
Quad,CRCARA,0.004091,
Quad,CRCARC,0.004027,
Quad,CRCARD,0.004349,
Quad,CRCARR,0.005121,
Quad,CRCCAA,0.002940,
Quad,CRCCAC,0.003079,
Quad,CRCCAD,0.003414,
Quad,CRCCAR,0.003917,
Quad,CRCCCA,0.003067,
Quad,CRCCCC,0.003113,
Quad,CRCCCD,0.003382,
Quad,CRCCCR,0.004141,
Quad,CRCCDA,0.003399,
Quad,CRCCDC,0.003417,
Quad,CRCCDD,0.003730,
Quad,CRCCDR,0.004396,
Quad,CRCCRA,0.004053,
Quad,CRCCRC,0.004017,
Quad,CRCCRD,0.004513,
Quad,CRCCRR,0.005272,
Quad,CRCDAA,0.003508,
Quad,CRCDAC,0.003427,
Quad,CRCDAD,0.003911,
Quad,CRCDAR,0.004477,
Quad,CRCDCA,0.003378,
Quad,CRCDCC,0.003458,
Quad,CRCDCD,0.003574,
Quad,CRCDCR,0.004365,
Quad,CRCDDA,0.003858,
Quad,CRCDDC,0.003522,
Quad,CRCDDD,0.003963,
Quad,CRCDDR,0.004654,
Quad,CRCDRA,0.004509,
Quad,CRCDRC,0.004386,
Quad,CRCDRD,0.004759,
Quad,CRCDRR,0.005420,
Quad,CRCRAA,0.004127,
Quad,CRCRAC,0.004155,
Quad,CRCRAD,0.004624,
Quad,CRCRAR,0.005203,
Quad,CRCRCA,0.004052,
Quad,CRCRCC,0.004158,
Quad,CRCRCD,0.004493,
Quad,CRCRCR,0.005211,
Quad,CRCRDA,0.004511,
Quad,CRCRDC,0.004523,
Quad,CRCRDD,0.004881,
Quad,CRCRDR,0.005435,
Quad,CRCRRA,0.005262,
Quad,CRCRRC,0.005221,
Quad,CRCRRD,0.005674,
Quad,CRCRRR,0.006298,
Quad,CRDAAA,0.003444,
Quad,CRDAAC,0.003358,
Quad,CRDAAD,0.003892,
Quad,CRDAAR,0.004593,
Quad,CRDACA,0.003402,
Quad,CRDACC,0.003347,
Quad,CRDACD,0.003908,
Quad,CRDACR,0.004522,
Quad,CRDADA,0.003748,
Quad,CRDADC,0.003704,
Quad,CRDADD,0.004244,
Quad,CRDADR,0.004846,
Quad,CRDARA,0.004507,
Quad,CRDARC,0.004388,
Quad,CRDARD,0.004893,
Quad,CRDARR,0.005507,
Quad,CRDCAA,0.003617,
Quad,CRDCAC,0.003351,
Quad,CRDCAD,0.003611,
Quad,CRDCAR,0.004558,
Quad,CRDCCA,0.003251,
Quad,CRDCCC,0.003497,
Quad,CRDCCD,0.003890,
Quad,CRDCCR,0.004479,
Quad,CRDCDA,0.003946,
Quad,CRDCDC,0.003810,
Quad,CRDCDD,0.004154,
Quad,CRDCDR,0.004819,
Quad,CRDCRA,0.004486,
Quad,CRDCRC,0.004490,
Quad,CRDCRD,0.004864,
Quad,CRDCRR,0.005404,
Quad,CRDDAA,0.003937,
Quad,CRDDAC,0.003876,
Quad,CRDDAD,0.004275,
Quad,CRDDAR,0.004835,
Quad,CRDDCA,0.004046,
Quad,CRDDCC,0.003806,
Quad,CRDDCD,0.004149,
Quad,CRDDCR,0.004887,
Quad,CRDDDA,0.004229,
Quad,CRDDDC,0.004031,
Quad,CRDDDD,0.004610,
Quad,CRDDDR,0.005086,
Quad,CRDDRA,0.004935,
Quad,CRDDRC,0.004839,
Quad,CRDDRD,0.005156,
Quad,CRDDRR,0.005943,
Quad,CRDRAA,0.004449,
Quad,CRDRAC,0.004438,
Quad,CRDRAD,0.004826,
Quad,CRDRAR,0.005758,
Quad,CRDRCA,0.004628,
Quad,CRDRCC,0.004564,
Quad,CRDRCD,0.004812,
Quad,CRDRCR,0.005608,
Quad,CRDRDA,0.005039,
Quad,CRDRDC,0.004804,
Quad,CRDRDD,0.005198,
Quad,CRDRDR,0.005842,
Quad,CRDRRA,0.005626,
Quad,CRDRRC,0.005540,
Quad,CRDRRD,0.005788,
Quad,CRDRRR,0.006550,
Quad,CRRAAA,0.004042,
Quad,CRRAAC,0.004113,
Quad,CRRAAD,0.004515,
Quad,CRRAAR,0.005082,
Quad,CRRACA,0.004033,
Quad,CRRACC,0.004052,
Quad,CRRACD,0.004538,
Quad,CRRACR,0.005226,
Quad,CRRADA,0.004422,
Quad,CRRADC,0.004473,
Quad,CRRADD,0.004786,
Quad,CRRADR,0.005419,
Quad,CRRARA,0.005205,
Quad,CRRARC,0.005164,
Quad,CRRARD,0.005514,
Quad,CRRARR,0.006148,
Quad,CRRCAA,0.004118,
Quad,CRRCAC,0.004073,
Quad,CRRCAD,0.004657,
Quad,CRRCAR,0.005350,
Quad,CRRCCA,0.004092,
Quad,CRRCCC,0.004131,
Quad,CRRCCD,0.004463,
Quad,CRRCCR,0.005196,
Quad,CRRCDA,0.004399,
Quad,CRRCDC,0.004304,
Quad,CRRCDD,0.004711,
Quad,CRRCDR,0.005385,
Quad,CRRCRA,0.005233,
Quad,CRRCRC,0.005207,
Quad,CRRCRD,0.005452,
Quad,CRRCRR,0.006157,
Quad,CRRDAA,0.004534,
Quad,CRRDAC,0.004367,
Quad,CRRDAD,0.004813,
Quad,CRRDAR,0.005465,
Quad,CRRDCA,0.004369,
Quad,CRRDCC,0.004254,
Quad,CRRDCD,0.005112,
Quad,CRRDCR,0.005517,
Quad,CRRDDA,0.004962,
Quad,CRRDDC,0.004690,
Quad,CRRDDD,0.005287,
Quad,CRRDDR,0.005859,
Quad,CRRDRA,0.005569,
Quad,CRRDRC,0.005384,
Quad,CRRDRD,0.005908,
Quad,CRRDRR,0.006829,
Quad,CRRRAA,0.005249,
Quad,CRRRAC,0.005242,
Quad,CRRRAD,0.005536,
Quad,CRRRAR,0.006353,
Quad,CRRRCA,0.005255,
Quad,CRRRCC,0.005311,
Quad,CRRRCD,0.005482,
Quad,CRRRCR,0.006489,
Quad,CRRRDA,0.005631,
Quad,CRRRDC,0.005387,
Quad,CRRRDD,0.005817,
Quad,CRRRDR,0.006427,
Quad,CRRRRA,0.006239,
Quad,CRRRRC,0.006153,
Quad,CRRRRD,0.006611,
Quad,CRRRRR,0.007271,
Tim,DAAAAA,0.002206,
Quad,DAAAAC,0.002466,
Tim,DAAAAD,0.003065,
Quad,DAAAAR,0.003739,
Quad,DAAACA,0.002478,
Tim,DAAACC,0.002373,
Tim,DAAACD,0.003085,
Quad,DAAACR,0.003664,
Tim,DAAADA,0.003038,
Tim,DAAADC,0.002796,
Tim,DAAADD,0.003336,
Quad,DAAADR,0.004083,
Quad,DAAARA,0.003525,
Quad,DAAARC,0.003560,
Quad,DAAARD,0.004439,
Quad,DAAARR,0.004753,
Quad,DAACAA,0.002560,
Quad,DAACAC,0.002379,
Quad,DAACAD,0.003040,
Quad,DAACAR,0.003522,
Quad,DAACCA,0.002402,
Quad,DAACCC,0.002386,
Quad,DAACCD,0.002818,
Quad,DAACCR,0.003559,
Tim,DAACDA,0.003134,
Tim,DAACDC,0.002702,
Tim,DAACDD,0.003448,
Quad,DAACDR,0.003733,
Quad,DAACRA,0.003614,
Quad,DAACRC,0.003514,
Quad,DAACRD,0.003924,
Quad,DAACRR,0.004596,
Tim,DAADAA,0.003039,
Tim,DAADAC,0.003154,
Tim,DAADAD,0.003611,
Quad,DAADAR,0.003965,
Quad,DAADCA,0.002909,
Tim,DAADCC,0.002507,
Quad,DAADCD,0.003128,
Quad,DAADCR,0.004016,
Tim,DAADDA,0.002945,
Tim,DAADDC,0.003677,
Tim,DAADDD,0.003762,
Quad,DAADDR,0.004330,
Quad,DAADRA,0.004038,
Quad,DAADRC,0.003803,
Quad,DAADRD,0.004595,
Quad,DAADRR,0.005074,
Quad,DAARAA,0.003706,
Quad,DAARAC,0.003600,
Quad,DAARAD,0.004152,
Quad,DAARAR,0.004555,
Quad,DAARCA,0.003478,
Quad,DAARCC,0.003689,
Quad,DAARCD,0.004104,
Quad,DAARCR,0.004707,
Quad,DAARDA,0.003962,
Quad,DAARDC,0.003791,
Quad,DAARDD,0.004436,
Quad,DAARDR,0.005183,
Quad,DAARRA,0.004739,
Quad,DAARRC,0.004632,
Quad,DAARRD,0.004809,
Quad,DAARRR,0.005571,
Quad,DACAAA,0.002571,
Quad,DACAAC,0.002514,
Tim,DACAAD,0.002203,
Quad,DACAAR,0.003397,
Quad,DACACA,0.002423,
Tim,DACACC,0.002318,
Tim,DACACD,0.002866,
Quad,DACACR,0.003394,
Quad,DACADA,0.002889,
Quad,DACADC,0.002948,
Tim,DACADD,0.003382,
Quad,DACADR,0.003751,
Quad,DACARA,0.003408,
Quad,DACARC,0.003457,
Quad,DACARD,0.003737,
Quad,DACARR,0.004482,
Quad,DACCAA,0.002482,
Quad,DACCAC,0.002386,
Quad,DACCAD,0.002942,
Quad,DACCAR,0.003627,
Quad,DACCCA,0.002300,
Quad,DACCCC,0.002437,
Quad,DACCCD,0.002618,
Quad,DACCCR,0.003619,
Tim,DACCDA,0.002971,
Tim,DACCDC,0.002997,
Tim,DACCDD,0.003239,
Quad,DACCDR,0.003838,
Quad,DACCRA,0.003524,
Quad,DACCRC,0.003489,
Quad,DACCRD,0.003840,
Quad,DACCRR,0.004432,
Tim,DACDAA,0.002421,
Quad,DACDAC,0.002881,
Tim,DACDAD,0.003361,
Quad,DACDAR,0.004147,
Tim,DACDCA,0.002958,
Tim,DACDCC,0.002928,
Tim,DACDCD,0.003359,
Quad,DACDCR,0.003868,
Tim,DACDDA,0.003235,
Tim,DACDDC,0.003210,
Tim,DACDDD,0.003688,
Quad,DACDDR,0.004555,
Quad,DACDRA,0.004106,
Quad,DACDRC,0.003776,
Quad,DACDRD,0.004290,
Quad,DACDRR,0.004774,
Quad,DACRAA,0.003645,
Quad,DACRAC,0.003837,
Quad,DACRAD,0.004262,
Quad,DACRAR,0.004581,
Quad,DACRCA,0.003340,
Quad,DACRCC,0.003518,
Quad,DACRCD,0.003932,
Quad,DACRCR,0.004789,
Quad,DACRDA,0.004025,
Quad,DACRDC,0.003810,
Quad,DACRDD,0.004312,
Quad,DACRDR,0.004848,
Quad,DACRRA,0.004764,
Quad,DACRRC,0.004544,
Quad,DACRRD,0.004955,
Quad,DACRRR,0.005612,
Tim,DADAAA,0.002819,
Tim,DADAAC,0.003013,
Tim,DADAAD,0.003528,
Quad,DADAAR,0.003997,
Tim,DADACA,0.002958,
Quad,DADACC,0.002879,
Tim,DADACD,0.003104,
Quad,DADACR,0.004029,
Tim,DADADA,0.002959,
Quad,DADADC,0.003106,
Tim,DADADD,0.003783,
Quad,DADADR,0.004490,
Quad,DADARA,0.004150,
Quad,DADARC,0.003794,
Quad,DADARD,0.004207,
Quad,DADARR,0.004920,
Tim,DADCAA,0.002765,
Tim,DADCAC,0.002973,
Tim,DADCAD,0.002729,
Quad,DADCAR,0.004150,
Tim,DADCCA,0.002868,
Tim,DADCCC,0.002696,
Tim,DADCCD,0.003199,
Quad,DADCCR,0.003882,
Tim,DADCDA,0.003662,
Tim,DADCDC,0.002918,
Tim,DADCDD,0.004005,
Quad,DADCDR,0.004295,
Quad,DADCRA,0.003937,
Quad,DADCRC,0.003897,
Quad,DADCRD,0.004255,
Quad,DADCRR,0.006162,
Tim,DADDAA,0.004324,
Tim,DADDAC,0.002641,
Tim,DADDAD,0.004403,
Quad,DADDAR,0.004428,
Tim,DADDCA,0.003001,
Tim,DADDCC,0.003298,
Tim,DADDCD,0.003661,
Quad,DADDCR,0.004120,
Tim,DADDDA,0.003852,
Tim,DADDDC,0.003126,
Tim,DADDDD,0.004467,
Quad,DADDDR,0.005064,
Quad,DADDRA,0.004281,
Quad,DADDRC,0.004140,
Quad,DADDRD,0.004652,
Quad,DADDRR,0.005327,
Quad,DADRAA,0.004106,
Quad,DADRAC,0.003926,
Quad,DADRAD,0.004840,
Quad,DADRAR,0.005107,
Quad,DADRCA,0.003818,
Quad,DADRCC,0.003732,
Quad,DADRCD,0.004364,
Quad,DADRCR,0.005150,
Quad,DADRDA,0.004488,
Quad,DADRDC,0.004252,
Quad,DADRDD,0.004968,
Quad,DADRDR,0.005569,
Quad,DADRRA,0.005083,
Quad,DADRRC,0.005083,
Quad,DADRRD,0.005568,
Quad,DADRRR,0.006089,
Quad,DARAAA,0.003792,
Quad,DARAAC,0.003328,
Quad,DARAAD,0.004185,
Quad,DARAAR,0.004564,
Quad,DARACA,0.003552,
Quad,DARACC,0.003424,
Quad,DARACD,0.004111,
Quad,DARACR,0.004573,
Quad,DARADA,0.004392,
Quad,DARADC,0.003806,
Quad,DARADD,0.004221,
Quad,DARADR,0.004860,
Quad,DARARA,0.004821,
Quad,DARARC,0.004756,
Quad,DARARD,0.004805,
Quad,DARARR,0.005546,
Quad,DARCAA,0.003580,
Quad,DARCAC,0.003688,
Quad,DARCAD,0.003911,
Quad,DARCAR,0.004695,
Quad,DARCCA,0.003384,
Quad,DARCCC,0.003467,
Quad,DARCCD,0.003799,
Quad,DARCCR,0.004611,
Quad,DARCDA,0.003915,
Quad,DARCDC,0.003870,
Quad,DARCDD,0.004358,
Quad,DARCDR,0.004921,
Quad,DARCRA,0.004532,
Quad,DARCRC,0.004508,
Quad,DARCRD,0.004844,
Quad,DARCRR,0.005440,
Quad,DARDAA,0.003861,
Quad,DARDAC,0.004118,
Quad,DARDAD,0.004399,
Quad,DARDAR,0.004982,
Quad,DARDCA,0.003996,
Quad,DARDCC,0.003929,
Quad,DARDCD,0.004299,
Quad,DARDCR,0.005100,
Quad,DARDDA,0.004272,
Quad,DARDDC,0.004124,
Quad,DARDDD,0.004709,
Quad,DARDDR,0.005356,
Quad,DARDRA,0.004984,
Quad,DARDRC,0.004786,
Quad,DARDRD,0.005195,
Quad,DARDRR,0.005741,
Quad,DARRAA,0.004679,
Quad,DARRAC,0.004565,
Quad,DARRAD,0.005100,
Quad,DARRAR,0.005635,
Quad,DARRCA,0.004527,
Quad,DARRCC,0.004518,
Quad,DARRCD,0.005059,
Quad,DARRCR,0.005602,
Quad,DARRDA,0.004905,
Quad,DARRDC,0.004956,
Quad,DARRDD,0.005220,
Quad,DARRDR,0.005981,
Quad,DARRRA,0.005620,
Quad,DARRRC,0.005565,
Quad,DARRRD,0.005966,
Quad,DARRRR,0.006611,
Quad,DCAAAA,0.002342,
Tim,DCAAAC,0.002348,
Tim,DCAAAD,0.002988,
Quad,DCAAAR,0.003373,
Quad,DCAACA,0.002448,
Tim,DCAACC,0.002454,
Quad,DCAACD,0.002812,
Quad,DCAACR,0.003464,
Quad,DCAADA,0.002833,
Tim,DCAADC,0.002840,
Tim,DCAADD,0.003034,
Quad,DCAADR,0.003936,
Quad,DCAARA,0.003584,
Quad,DCAARC,0.003383,
Quad,DCAARD,0.004041,
Quad,DCAARR,0.004593,
Tim,DCACAA,0.002599,
Quad,DCACAC,0.002291,
Tim,DCACAD,0.002755,
Quad,DCACAR,0.003669,
Tim,DCACCA,0.002289,
Quad,DCACCC,0.002468,
Tim,DCACCD,0.002746,
Quad,DCACCR,0.003314,
Quad,DCACDA,0.002774,
Quad,DCACDC,0.002714,
Tim,DCACDD,0.003362,
Quad,DCACDR,0.003715,
Quad,DCACRA,0.003564,
Quad,DCACRC,0.003266,
Quad,DCACRD,0.003851,
Quad,DCACRR,0.004461,
Tim,DCADAA,0.002955,
Quad,DCADAC,0.002929,
Tim,DCADAD,0.003247,
Quad,DCADAR,0.003874,
Tim,DCADCA,0.003054,
Tim,DCADCC,0.002866,
Quad,DCADCD,0.003391,
Quad,DCADCR,0.003766,
Tim,DCADDA,0.002471,
Tim,DCADDC,0.003267,
Tim,DCADDD,0.003126,
Quad,DCADDR,0.004610,
Quad,DCADRA,0.003716,
Quad,DCADRC,0.003667,
Quad,DCADRD,0.004104,
Quad,DCADRR,0.004690,
Quad,DCARAA,0.003631,
Quad,DCARAC,0.003628,
Quad,DCARAD,0.004091,
Quad,DCARAR,0.004739,
Quad,DCARCA,0.003710,
Quad,DCARCC,0.003275,
Quad,DCARCD,0.004068,
Quad,DCARCR,0.004629,
Quad,DCARDA,0.003980,
Quad,DCARDC,0.003688,
Quad,DCARDD,0.004235,
Quad,DCARDR,0.004857,
Quad,DCARRA,0.004683,
Quad,DCARRC,0.004390,
Quad,DCARRD,0.004767,
Quad,DCARRR,0.005607,
Quad,DCCAAA,0.002462,
Tim,DCCAAC,0.002483,
Tim,DCCAAD,0.002615,
Quad,DCCAAR,0.003296,
Tim,DCCACA,0.002314,
Tim,DCCACC,0.002222,
Tim,DCCACD,0.002486,
Quad,DCCACR,0.003454,
Tim,DCCADA,0.002947,
Quad,DCCADC,0.002785,
Tim,DCCADD,0.003238,
Quad,DCCADR,0.003867,
Quad,DCCARA,0.003305,
Quad,DCCARC,0.003318,
Quad,DCCARD,0.003750,
Quad,DCCARR,0.004489,
Quad,DCCCAA,0.002385,
Quad,DCCCAC,0.002294,
Quad,DCCCAD,0.002846,
Quad,DCCCAR,0.003566,
Tim,DCCCCA,0.002293,
Quad,DCCCCC,0.002202,
Quad,DCCCCD,0.002788,
Quad,DCCCCR,0.003307,
Quad,DCCCDA,0.002565,
Tim,DCCCDC,0.002458,
Tim,DCCCDD,0.002844,
Quad,DCCCDR,0.003680,
Quad,DCCCRA,0.003385,
Quad,DCCCRC,0.003324,
Quad,DCCCRD,0.003858,
Quad,DCCCRR,0.004307,
Tim,DCCDAA,0.002592,
Tim,DCCDAC,0.002721,
Tim,DCCDAD,0.003512,
Quad,DCCDAR,0.003881,
Quad,DCCDCA,0.002785,
Quad,DCCDCC,0.002717,
Tim,DCCDCD,0.002994,
Quad,DCCDCR,0.003755,
Quad,DCCDDA,0.003157,
Tim,DCCDDC,0.003039,
Tim,DCCDDD,0.002861,
Quad,DCCDDR,0.004236,
Quad,DCCDRA,0.003750,
Quad,DCCDRC,0.003525,
Quad,DCCDRD,0.004124,
Quad,DCCDRR,0.004882,
Quad,DCCRAA,0.003519,
Quad,DCCRAC,0.003458,
Quad,DCCRAD,0.003886,
Quad,DCCRAR,0.004712,
Quad,DCCRCA,0.003437,
Quad,DCCRCC,0.003651,
Quad,DCCRCD,0.003916,
Quad,DCCRCR,0.004641,
Quad,DCCRDA,0.003849,
Quad,DCCRDC,0.003770,
Quad,DCCRDD,0.004386,
Quad,DCCRDR,0.004641,
Quad,DCCRRA,0.004603,
Quad,DCCRRC,0.004377,
Quad,DCCRRD,0.004760,
Quad,DCCRRR,0.005351,
Quad,DCDAAA,0.002710,
Tim,DCDAAC,0.002570,
Quad,DCDAAD,0.003345,
Quad,DCDAAR,0.003929,
Quad,DCDACA,0.002734,
Quad,DCDACC,0.002721,
Tim,DCDACD,0.003291,
Quad,DCDACR,0.003892,
Quad,DCDADA,0.003270,
Tim,DCDADC,0.003083,
Tim,DCDADD,0.003672,
Quad,DCDADR,0.004305,
Quad,DCDARA,0.003870,
Quad,DCDARC,0.003977,
Quad,DCDARD,0.004183,
Quad,DCDARR,0.004932,
Tim,DCDCAA,0.002885,
Tim,DCDCAC,0.002446,
Tim,DCDCAD,0.002874,
Quad,DCDCAR,0.003983,
Tim,DCDCCA,0.002702,
Quad,DCDCCC,0.002659,
Tim,DCDCCD,0.003407,
Quad,DCDCCR,0.003894,
Tim,DCDCDA,0.003206,
Quad,DCDCDC,0.003083,
Tim,DCDCDD,0.003655,
Quad,DCDCDR,0.003998,
Quad,DCDCRA,0.003837,
Quad,DCDCRC,0.003886,
Quad,DCDCRD,0.004222,
Quad,DCDCRR,0.004870,
Tim,DCDDAA,0.003388,
Tim,DCDDAC,0.003193,
Tim,DCDDAD,0.003305,
Quad,DCDDAR,0.004511,
Quad,DCDDCA,0.003193,
Tim,DCDDCC,0.003242,
Tim,DCDDCD,0.003870,
Quad,DCDDCR,0.004069,
Tim,DCDDDA,0.003828,
Tim,DCDDDC,0.003740,
Tim,DCDDDD,0.003162,
Quad,DCDDDR,0.004606,
Quad,DCDDRA,0.004049,
Quad,DCDDRC,0.004176,
Quad,DCDDRD,0.004633,
Quad,DCDDRR,0.005189,
Quad,DCDRAA,0.004024,
Quad,DCDRAC,0.003833,
Quad,DCDRAD,0.004222,
Quad,DCDRAR,0.005061,
Quad,DCDRCA,0.003799,
Quad,DCDRCC,0.003881,
Quad,DCDRCD,0.004405,
Quad,DCDRCR,0.004753,
Quad,DCDRDA,0.004330,
Quad,DCDRDC,0.004239,
Quad,DCDRDD,0.004611,
Quad,DCDRDR,0.005095,
Quad,DCDRRA,0.004844,
Quad,DCDRRC,0.004886,
Quad,DCDRRD,0.005300,
Quad,DCDRRR,0.005872,
Quad,DCRAAA,0.003500,
Quad,DCRAAC,0.003438,
Quad,DCRAAD,0.003736,
Quad,DCRAAR,0.004556,
Quad,DCRACA,0.003555,
Quad,DCRACC,0.003368,
Quad,DCRACD,0.003887,
Quad,DCRACR,0.004521,
Quad,DCRADA,0.003811,
Quad,DCRADC,0.003738,
Quad,DCRADD,0.004241,
Quad,DCRADR,0.004763,
Quad,DCRARA,0.004469,
Quad,DCRARC,0.004444,
Quad,DCRARD,0.004903,
Quad,DCRARR,0.005597,
Quad,DCRCAA,0.003404,
Quad,DCRCAC,0.003395,
Quad,DCRCAD,0.003828,
Quad,DCRCAR,0.004365,
Quad,DCRCCA,0.003407,
Quad,DCRCCC,0.003322,
Quad,DCRCCD,0.003866,
Quad,DCRCCR,0.004271,
Quad,DCRCDA,0.003759,
Quad,DCRCDC,0.003692,
Quad,DCRCDD,0.004188,
Quad,DCRCDR,0.004639,
Quad,DCRCRA,0.004493,
Quad,DCRCRC,0.004400,
Quad,DCRCRD,0.004689,
Quad,DCRCRR,0.005524,
Quad,DCRDAA,0.004213,
Quad,DCRDAC,0.003764,
Quad,DCRDAD,0.004108,
Quad,DCRDAR,0.005138,
Quad,DCRDCA,0.003784,
Quad,DCRDCC,0.003813,
Quad,DCRDCD,0.004415,
Quad,DCRDCR,0.004822,
Quad,DCRDDA,0.004393,
Quad,DCRDDC,0.004310,
Quad,DCRDDD,0.004641,
Quad,DCRDDR,0.005221,
Quad,DCRDRA,0.004805,
Quad,DCRDRC,0.004822,
Quad,DCRDRD,0.005208,
Quad,DCRDRR,0.005862,
Quad,DCRRAA,0.004476,
Quad,DCRRAC,0.004536,
Quad,DCRRAD,0.004956,
Quad,DCRRAR,0.005616,
Quad,DCRRCA,0.004377,
Quad,DCRRCC,0.004450,
Quad,DCRRCD,0.004893,
Quad,DCRRCR,0.005575,
Quad,DCRRDA,0.004909,
Quad,DCRRDC,0.004842,
Quad,DCRRDD,0.005135,
Quad,DCRRDR,0.005857,
Quad,DCRRRA,0.005639,
Quad,DCRRRC,0.005554,
Quad,DCRRRD,0.005945,
Quad,DCRRRR,0.006568,
Tim,DDAAAA,0.002976,
Tim,DDAAAC,0.002914,
Tim,DDAAAD,0.003421,
Quad,DDAAAR,0.003824,
Tim,DDAACA,0.001963,
Tim,DDAACC,0.002089,
Tim,DDAACD,0.003397,
Quad,DDAACR,0.003766,
Tim,DDAADA,0.002819,
Tim,DDAADC,0.003093,
Tim,DDAADD,0.003826,
Quad,DDAADR,0.004195,
Quad,DDAARA,0.003994,
Quad,DDAARC,0.003699,
Quad,DDAARD,0.004209,
Quad,DDAARR,0.005025,
Tim,DDACAA,0.002662,
Tim,DDACAC,0.002576,
Tim,DDACAD,0.002514,
Quad,DDACAR,0.003883,
Tim,DDACCA,0.002797,
Quad,DDACCC,0.002795,
Tim,DDACCD,0.003450,
Quad,DDACCR,0.003773,
Tim,DDACDA,0.003343,
Tim,DDACDC,0.003304,
Tim,DDACDD,0.003714,
Quad,DDACDR,0.004198,
Quad,DDACRA,0.003744,
Quad,DDACRC,0.003766,
Quad,DDACRD,0.004323,
Quad,DDACRR,0.004844,
Tim,DDADAA,0.002780,
Tim,DDADAC,0.003337,
Tim,DDADAD,0.004032,
Quad,DDADAR,0.004363,
Tim,DDADCA,0.002918,
Tim,DDADCC,0.003065,
Tim,DDADCD,0.002827,
Quad,DDADCR,0.004445,
Tim,DDADDA,0.002949,
Tim,DDADDC,0.002886,
Tim,DDADDD,0.003000,
Quad,DDADDR,0.004745,
Quad,DDADRA,0.004288,
Quad,DDADRC,0.004089,
Quad,DDADRD,0.004598,
Quad,DDADRR,0.005245,
Quad,DDARAA,0.004058,
Quad,DDARAC,0.003931,
Quad,DDARAD,0.004388,
Quad,DDARAR,0.005004,
Quad,DDARCA,0.003787,
Quad,DDARCC,0.003787,
Quad,DDARCD,0.004466,
Quad,DDARCR,0.004830,
Quad,DDARDA,0.004516,
Quad,DDARDC,0.004079,
Quad,DDARDD,0.004740,
Quad,DDARDR,0.005273,
Quad,DDARRA,0.004892,
Quad,DDARRC,0.004712,
Quad,DDARRD,0.005190,
Quad,DDARRR,0.005865,
Tim,DDCAAA,0.003055,
Quad,DDCAAC,0.002826,
Tim,DDCAAD,0.003416,
Quad,DDCAAR,0.003861,
Quad,DDCACA,0.002732,
Tim,DDCACC,0.002928,
Tim,DDCACD,0.003054,
Quad,DDCACR,0.003830,
Tim,DDCADA,0.003244,
Tim,DDCADC,0.003160,
Tim,DDCADD,0.003182,
Quad,DDCADR,0.004194,
Quad,DDCARA,0.003600,
Quad,DDCARC,0.003523,
Quad,DDCARD,0.004311,
Quad,DDCARR,0.004785,
Tim,DDCCAA,0.002846,
Tim,DDCCAC,0.002475,
Tim,DDCCAD,0.001954,
Quad,DDCCAR,0.003603,
Tim,DDCCCA,0.002159,
Quad,DDCCCC,0.002476,
Tim,DDCCCD,0.002979,
Quad,DDCCCR,0.003763,
Tim,DDCCDA,0.002777,
Tim,DDCCDC,0.002659,
Tim,DDCCDD,0.002445,
Quad,DDCCDR,0.004269,
Quad,DDCCRA,0.003871,
Quad,DDCCRC,0.003733,
Quad,DDCCRD,0.004157,
Quad,DDCCRR,0.004772,
Tim,DDCDAA,0.002632,
Tim,DDCDAC,0.002776,
Tim,DDCDAD,0.003825,
Quad,DDCDAR,0.004343,
Tim,DDCDCA,0.003218,
Tim,DDCDCC,0.002949,
Tim,DDCDCD,0.002977,
Quad,DDCDCR,0.004245,
Tim,DDCDDA,0.003072,
Tim,DDCDDC,0.003128,
Tim,DDCDDD,0.004222,
Quad,DDCDDR,0.004468,
Quad,DDCDRA,0.004117,
Quad,DDCDRC,0.004088,
Quad,DDCDRD,0.004613,
Quad,DDCDRR,0.005061,
Quad,DDCRAA,0.003894,
Quad,DDCRAC,0.003895,
Quad,DDCRAD,0.004337,
Quad,DDCRAR,0.004977,
Quad,DDCRCA,0.003864,
Quad,DDCRCC,0.003718,
Quad,DDCRCD,0.004120,
Quad,DDCRCR,0.004869,
Quad,DDCRDA,0.004233,
Quad,DDCRDC,0.004074,
Quad,DDCRDD,0.004469,
Quad,DDCRDR,0.005400,
Quad,DDCRRA,0.004748,
Quad,DDCRRC,0.004801,
Quad,DDCRRD,0.005277,
Quad,DDCRRR,0.005997,
Tim,DDDAAA,0.002711,
Tim,DDDAAC,0.003550,
Tim,DDDAAD,0.002464,
Quad,DDDAAR,0.004129,
Tim,DDDACA,0.003581,
Quad,DDDACC,0.003226,
Tim,DDDACD,0.002588,
Quad,DDDACR,0.004429,
Tim,DDDADA,0.003304,
Tim,DDDADC,0.003596,
Tim,DDDADD,0.003855,
Quad,DDDADR,0.004609,
Quad,DDDARA,0.004495,
Quad,DDDARC,0.004111,
Quad,DDDARD,0.004529,
Quad,DDDARR,0.005100,
Tim,DDDCAA,0.002464,
Tim,DDDCAC,0.002595,
Tim,DDDCAD,0.002258,
Quad,DDDCAR,0.004558,
Tim,DDDCCA,0.002753,
Quad,DDDCCC,0.003109,
Tim,DDDCCD,0.002339,
Quad,DDDCCR,0.004235,
Tim,DDDCDA,0.002586,
Tim,DDDCDC,0.003325,
Tim,DDDCDD,0.004032,
Quad,DDDCDR,0.004549,
Quad,DDDCRA,0.004403,
Quad,DDDCRC,0.004058,
Quad,DDDCRD,0.004552,
Quad,DDDCRR,0.005203,
Tim,DDDDAA,0.002442,
Tim,DDDDAC,0.003762,
Tim,DDDDAD,0.003595,
Quad,DDDDAR,0.004842,
Tim,DDDDCA,0.003619,
Tim,DDDDCC,0.003516,
Tim,DDDDCD,0.003874,
Quad,DDDDCR,0.004765,
Tim,DDDDDA,0.004361,
Tim,DDDDDC,0.003848,
Tim,DDDDDD,0.003483,
Quad,DDDDDR,0.005261,
Quad,DDDDRA,0.004786,
Quad,DDDDRC,0.004516,
Quad,DDDDRD,0.005064,
Quad,DDDDRR,0.005651,
Quad,DDDRAA,0.004224,
Quad,DDDRAC,0.004468,
Quad,DDDRAD,0.004630,
Quad,DDDRAR,0.005419,
Quad,DDDRCA,0.004331,
Quad,DDDRCC,0.004206,
Quad,DDDRCD,0.004688,
Quad,DDDRCR,0.005506,
Quad,DDDRDA,0.004700,
Quad,DDDRDC,0.004426,
Quad,DDDRDD,0.005074,
Quad,DDDRDR,0.005718,
Quad,DDDRRA,0.005192,
Quad,DDDRRC,0.005181,
Quad,DDDRRD,0.005566,
Quad,DDDRRR,0.006201,
Quad,DDRAAA,0.003826,
Quad,DDRAAC,0.003823,
Quad,DDRAAD,0.004221,
Quad,DDRAAR,0.004873,
Quad,DDRACA,0.003905,
Quad,DDRACC,0.003654,
Quad,DDRACD,0.004233,
Quad,DDRACR,0.004928,
Quad,DDRADA,0.004028,
Quad,DDRADC,0.004117,
Quad,DDRADD,0.004488,
Quad,DDRADR,0.005208,
Quad,DDRARA,0.004816,
Quad,DDRARC,0.004692,
Quad,DDRARD,0.005274,
Quad,DDRARR,0.005876,
Quad,DDRCAA,0.003961,
Quad,DDRCAC,0.003763,
Quad,DDRCAD,0.004125,
Quad,DDRCAR,0.004844,
Quad,DDRCCA,0.003574,
Quad,DDRCCC,0.003586,
Quad,DDRCCD,0.004008,
Quad,DDRCCR,0.004767,
Quad,DDRCDA,0.004109,
Quad,DDRCDC,0.003966,
Quad,DDRCDD,0.004417,
Quad,DDRCDR,0.005060,
Quad,DDRCRA,0.004741,
Quad,DDRCRC,0.004725,
Quad,DDRCRD,0.005222,
Quad,DDRCRR,0.005846,
Quad,DDRDAA,0.004555,
Quad,DDRDAC,0.004037,
Quad,DDRDAD,0.004874,
Quad,DDRDAR,0.005447,
Quad,DDRDCA,0.004390,
Quad,DDRDCC,0.004132,
Quad,DDRDCD,0.004673,
Quad,DDRDCR,0.005064,
Quad,DDRDDA,0.004708,
Quad,DDRDDC,0.004462,
Quad,DDRDDD,0.004920,
Quad,DDRDDR,0.005374,
Quad,DDRDRA,0.005202,
Quad,DDRDRC,0.005350,
Quad,DDRDRD,0.005512,
Quad,DDRDRR,0.006195,
Quad,DDRRAA,0.004818,
Quad,DDRRAC,0.004775,
Quad,DDRRAD,0.005157,
Quad,DDRRAR,0.006050,
Quad,DDRRCA,0.004750,
Quad,DDRRCC,0.004808,
Quad,DDRRCD,0.005277,
Quad,DDRRCR,0.005930,
Quad,DDRRDA,0.005335,
Quad,DDRRDC,0.005182,
Quad,DDRRDD,0.005640,
Quad,DDRRDR,0.006278,
Quad,DDRRRA,0.005883,
Quad,DDRRRC,0.005864,
Quad,DDRRRD,0.006359,
Quad,DDRRRR,0.006726,
Quad,DRAAAA,0.003470,
Quad,DRAAAC,0.003457,
Quad,DRAAAD,0.004123,
Quad,DRAAAR,0.004676,
Quad,DRAACA,0.003424,
Quad,DRAACC,0.003364,
Quad,DRAACD,0.003787,
Quad,DRAACR,0.004515,
Quad,DRAADA,0.003900,
Quad,DRAADC,0.003870,
Quad,DRAADD,0.004443,
Quad,DRAADR,0.004887,
Quad,DRAARA,0.004516,
Quad,DRAARC,0.004364,
Quad,DRAARD,0.004885,
Quad,DRAARR,0.005512,
Quad,DRACAA,0.003388,
Quad,DRACAC,0.003500,
Quad,DRACAD,0.004015,
Quad,DRACAR,0.004419,
Quad,DRACCA,0.003564,
Quad,DRACCC,0.003525,
Quad,DRACCD,0.003826,
Quad,DRACCR,0.004383,
Quad,DRACDA,0.003812,
Quad,DRACDC,0.003832,
Quad,DRACDD,0.004191,
Quad,DRACDR,0.004775,
Quad,DRACRA,0.004476,
Quad,DRACRC,0.004510,
Quad,DRACRD,0.004907,
Quad,DRACRR,0.005408,
Quad,DRADAA,0.003805,
Quad,DRADAC,0.003824,
Quad,DRADAD,0.004480,
Quad,DRADAR,0.005082,
Quad,DRADCA,0.004234,
Quad,DRADCC,0.003875,
Quad,DRADCD,0.004360,
Quad,DRADCR,0.004856,
Quad,DRADDA,0.004400,
Quad,DRADDC,0.004321,
Quad,DRADDD,0.004988,
Quad,DRADDR,0.005273,
Quad,DRADRA,0.004832,
Quad,DRADRC,0.004811,
Quad,DRADRD,0.005313,
Quad,DRADRR,0.005883,
Quad,DRARAA,0.004680,
Quad,DRARAC,0.004542,
Quad,DRARAD,0.005118,
Quad,DRARAR,0.005756,
Quad,DRARCA,0.004736,
Quad,DRARCC,0.004542,
Quad,DRARCD,0.005080,
Quad,DRARCR,0.005548,
Quad,DRARDA,0.004914,
Quad,DRARDC,0.004877,
Quad,DRARDD,0.005318,
Quad,DRARDR,0.005904,
Quad,DRARRA,0.005548,
Quad,DRARRC,0.005588,
Quad,DRARRD,0.005903,
Quad,DRARRR,0.006564,
Quad,DRCAAA,0.003638,
Quad,DRCAAC,0.003405,
Quad,DRCAAD,0.003928,
Quad,DRCAAR,0.004508,
Quad,DRCACA,0.003362,
Quad,DRCACC,0.003394,
Quad,DRCACD,0.003839,
Quad,DRCACR,0.004551,
Quad,DRCADA,0.003646,
Quad,DRCADC,0.003705,
Quad,DRCADD,0.004414,
Quad,DRCADR,0.004702,
Quad,DRCARA,0.004439,
Quad,DRCARC,0.004563,
Quad,DRCARD,0.004659,
Quad,DRCARR,0.005398,
Quad,DRCCAA,0.003538,
Quad,DRCCAC,0.003482,
Quad,DRCCAD,0.003575,
Quad,DRCCAR,0.004308,
Quad,DRCCCA,0.003337,
Quad,DRCCCC,0.003460,
Quad,DRCCCD,0.003692,
Quad,DRCCCR,0.004462,
Quad,DRCCDA,0.003691,
Quad,DRCCDC,0.003786,
Quad,DRCCDD,0.004016,
Quad,DRCCDR,0.004696,
Quad,DRCCRA,0.004361,
Quad,DRCCRC,0.004296,
Quad,DRCCRD,0.004735,
Quad,DRCCRR,0.005473,
Quad,DRCDAA,0.004093,
Quad,DRCDAC,0.004002,
Quad,DRCDAD,0.004506,
Quad,DRCDAR,0.005067,
Quad,DRCDCA,0.004001,
Quad,DRCDCC,0.003802,
Quad,DRCDCD,0.004438,
Quad,DRCDCR,0.004810,
Quad,DRCDDA,0.003993,
Quad,DRCDDC,0.004209,
Quad,DRCDDD,0.004842,
Quad,DRCDDR,0.005212,
Quad,DRCDRA,0.004819,
Quad,DRCDRC,0.004732,
Quad,DRCDRD,0.005206,
Quad,DRCDRR,0.005877,
Quad,DRCRAA,0.004458,
Quad,DRCRAC,0.004544,
Quad,DRCRAD,0.004838,
Quad,DRCRAR,0.005649,
Quad,DRCRCA,0.004449,
Quad,DRCRCC,0.004436,
Quad,DRCRCD,0.004901,
Quad,DRCRCR,0.005471,
Quad,DRCRDA,0.004963,
Quad,DRCRDC,0.004734,
Quad,DRCRDD,0.005334,
Quad,DRCRDR,0.005809,
Quad,DRCRRA,0.005523,
Quad,DRCRRC,0.005385,
Quad,DRCRRD,0.005846,
Quad,DRCRRR,0.006461,
Quad,DRDAAA,0.004017,
Quad,DRDAAC,0.003985,
Quad,DRDAAD,0.004341,
Quad,DRDAAR,0.005083,
Quad,DRDACA,0.003928,
Quad,DRDACC,0.003924,
Quad,DRDACD,0.004259,
Quad,DRDACR,0.004840,
Quad,DRDADA,0.004222,
Quad,DRDADC,0.004196,
Quad,DRDADD,0.004567,
Quad,DRDADR,0.005139,
Quad,DRDARA,0.005019,
Quad,DRDARC,0.004831,
Quad,DRDARD,0.005370,
Quad,DRDARR,0.005816,
Quad,DRDCAA,0.003686,
Quad,DRDCAC,0.003626,
Quad,DRDCAD,0.004065,
Quad,DRDCAR,0.004786,
Quad,DRDCCA,0.003808,
Quad,DRDCCC,0.003633,
Quad,DRDCCD,0.004174,
Quad,DRDCCR,0.004856,
Quad,DRDCDA,0.004019,
Quad,DRDCDC,0.004092,
Quad,DRDCDD,0.004915,
Quad,DRDCDR,0.005142,
Quad,DRDCRA,0.004854,
Quad,DRDCRC,0.004811,
Quad,DRDCRD,0.005215,
Quad,DRDCRR,0.005691,
Quad,DRDDAA,0.004536,
Quad,DRDDAC,0.004314,
Quad,DRDDAD,0.004937,
Quad,DRDDAR,0.005543,
Quad,DRDDCA,0.004521,
Quad,DRDDCC,0.004058,
Quad,DRDDCD,0.004708,
Quad,DRDDCR,0.005145,
Quad,DRDDDA,0.004883,
Quad,DRDDDC,0.004506,
Quad,DRDDDD,0.004964,
Quad,DRDDDR,0.005738,
Quad,DRDDRA,0.005082,
Quad,DRDDRC,0.005022,
Quad,DRDDRD,0.005664,
Quad,DRDDRR,0.006367,
Quad,DRDRAA,0.004918,
Quad,DRDRAC,0.004896,
Quad,DRDRAD,0.005335,
Quad,DRDRAR,0.005967,
Quad,DRDRCA,0.004978,
Quad,DRDRCC,0.004935,
Quad,DRDRCD,0.005328,
Quad,DRDRCR,0.005826,
Quad,DRDRDA,0.005429,
Quad,DRDRDC,0.005155,
Quad,DRDRDD,0.005639,
Quad,DRDRDR,0.006267,
Quad,DRDRRA,0.005964,
Quad,DRDRRC,0.005827,
Quad,DRDRRD,0.006298,
Quad,DRDRRR,0.006838,
Quad,DRRAAA,0.004485,
Quad,DRRAAC,0.004362,
Quad,DRRAAD,0.005125,
Quad,DRRAAR,0.005531,
Quad,DRRACA,0.004045,
Quad,DRRACC,0.004402,
Quad,DRRACD,0.004975,
Quad,DRRACR,0.005403,
Quad,DRRADA,0.004768,
Quad,DRRADC,0.004697,
Quad,DRRADD,0.005222,
Quad,DRRADR,0.005830,
Quad,DRRARA,0.005410,
Quad,DRRARC,0.005373,
Quad,DRRARD,0.005838,
Quad,DRRARR,0.006545,
Quad,DRRCAA,0.004675,
Quad,DRRCAC,0.004330,
Quad,DRRCAD,0.004752,
Quad,DRRCAR,0.005531,
Quad,DRRCCA,0.004468,
Quad,DRRCCC,0.004268,
Quad,DRRCCD,0.004846,
Quad,DRRCCR,0.005449,
Quad,DRRCDA,0.004775,
Quad,DRRCDC,0.004651,
Quad,DRRCDD,0.005161,
Quad,DRRCDR,0.005839,
Quad,DRRCRA,0.005415,
Quad,DRRCRC,0.005343,
Quad,DRRCRD,0.005645,
Quad,DRRCRR,0.006456,
Quad,DRRDAA,0.004965,
Quad,DRRDAC,0.004859,
Quad,DRRDAD,0.005164,
Quad,DRRDAR,0.005833,
Quad,DRRDCA,0.004731,
Quad,DRRDCC,0.004670,
Quad,DRRDCD,0.005417,
Quad,DRRDCR,0.005857,
Quad,DRRDDA,0.005192,
Quad,DRRDDC,0.005236,
Quad,DRRDDD,0.005862,
Quad,DRRDDR,0.006267,
Quad,DRRDRA,0.005773,
Quad,DRRDRC,0.005908,
Quad,DRRDRD,0.006153,
Quad,DRRDRR,0.006928,
Quad,DRRRAA,0.005595,
Quad,DRRRAC,0.005552,
Quad,DRRRAD,0.005872,
Quad,DRRRAR,0.006601,
Quad,DRRRCA,0.005460,
Quad,DRRRCC,0.005685,
Quad,DRRRCD,0.005937,
Quad,DRRRCR,0.006503,
Quad,DRRRDA,0.005875,
Quad,DRRRDC,0.005790,
Quad,DRRRDD,0.006279,
Quad,DRRRDR,0.006896,
Quad,DRRRRA,0.006570,
Quad,DRRRRC,0.006389,
Quad,DRRRRD,0.006725,
Quad,DRRRRR,0.007513,
Quad,RAAAAA,0.003062,
Quad,RAAAAC,0.003299,
Quad,RAAAAD,0.003718,
Quad,RAAAAR,0.004386,
Quad,RAAACA,0.002960,
Quad,RAAACC,0.003155,
Quad,RAAACD,0.003604,
Quad,RAAACR,0.004273,
Quad,RAAADA,0.003491,
Quad,RAAADC,0.003539,
Quad,RAAADD,0.003902,
Quad,RAAADR,0.004605,
Quad,RAAARA,0.004281,
Quad,RAAARC,0.004159,
Quad,RAAARD,0.004450,
Quad,RAAARR,0.005143,
Quad,RAACAA,0.003239,
Quad,RAACAC,0.003069,
Quad,RAACAD,0.003539,
Quad,RAACAR,0.004301,
Quad,RAACCA,0.003217,
Quad,RAACCC,0.003253,
Quad,RAACCD,0.003494,
Quad,RAACCR,0.004237,
Quad,RAACDA,0.003632,
Quad,RAACDC,0.003592,
Quad,RAACDD,0.003873,
Quad,RAACDR,0.004456,
Quad,RAACRA,0.004226,
Quad,RAACRC,0.004187,
Quad,RAACRD,0.004502,
Quad,RAACRR,0.005191,
Quad,RAADAA,0.003665,
Quad,RAADAC,0.003540,
Quad,RAADAD,0.003977,
Quad,RAADAR,0.004610,
Quad,RAADCA,0.003595,
Quad,RAADCC,0.003473,
Quad,RAADCD,0.003875,
Quad,RAADCR,0.004738,
Quad,RAADDA,0.003996,
Quad,RAADDC,0.003731,
Quad,RAADDD,0.004358,
Quad,RAADDR,0.004816,
Quad,RAADRA,0.004556,
Quad,RAADRC,0.004577,
Quad,RAADRD,0.004932,
Quad,RAADRR,0.005434,
Quad,RAARAA,0.004368,
Quad,RAARAC,0.004442,
Quad,RAARAD,0.004735,
Quad,RAARAR,0.005347,
Quad,RAARCA,0.004258,
Quad,RAARCC,0.004262,
Quad,RAARCD,0.004599,
Quad,RAARCR,0.005508,
Quad,RAARDA,0.004667,
Quad,RAARDC,0.004622,
Quad,RAARDD,0.004861,
Quad,RAARDR,0.005689,
Quad,RAARRA,0.005324,
Quad,RAARRC,0.005315,
Quad,RAARRD,0.005574,
Quad,RAARRR,0.006275,
Quad,RACAAA,0.003509,
Quad,RACAAC,0.003489,
Quad,RACAAD,0.003647,
Quad,RACAAR,0.004212,
Quad,RACACA,0.003091,
Quad,RACACC,0.003108,
Quad,RACACD,0.003516,
Quad,RACACR,0.004369,
Quad,RACADA,0.003550,
Quad,RACADC,0.003425,
Quad,RACADD,0.003921,
Quad,RACADR,0.004644,
Quad,RACARA,0.004295,
Quad,RACARC,0.004389,
Quad,RACARD,0.004678,
Quad,RACARR,0.005260,
Quad,RACCAA,0.003045,
Quad,RACCAC,0.003245,
Quad,RACCAD,0.003694,
Quad,RACCAR,0.004266,
Quad,RACCCA,0.003224,
Quad,RACCCC,0.003166,
Quad,RACCCD,0.003375,
Quad,RACCCR,0.004380,
Quad,RACCDA,0.003383,
Quad,RACCDC,0.003399,
Quad,RACCDD,0.004334,
Quad,RACCDR,0.004476,
Quad,RACCRA,0.004204,
Quad,RACCRC,0.004118,
Quad,RACCRD,0.004371,
Quad,RACCRR,0.005278,
Quad,RACDAA,0.003585,
Quad,RACDAC,0.003455,
Quad,RACDAD,0.003871,
Quad,RACDAR,0.004653,
Quad,RACDCA,0.003515,
Quad,RACDCC,0.003378,
Quad,RACDCD,0.004120,
Quad,RACDCR,0.004527,
Quad,RACDDA,0.003992,
Quad,RACDDC,0.003712,
Quad,RACDDD,0.004298,
Quad,RACDDR,0.004884,
Quad,RACDRA,0.004884,
Quad,RACDRC,0.004602,
Quad,RACDRD,0.004944,
Quad,RACDRR,0.005580,
Quad,RACRAA,0.004314,
Quad,RACRAC,0.004499,
Quad,RACRAD,0.004640,
Quad,RACRAR,0.005332,
Quad,RACRCA,0.004178,
Quad,RACRCC,0.004220,
Quad,RACRCD,0.004805,
Quad,RACRCR,0.005439,
Quad,RACRDA,0.004691,
Quad,RACRDC,0.004581,
Quad,RACRDD,0.005075,
Quad,RACRDR,0.005578,
Quad,RACRRA,0.005268,
Quad,RACRRC,0.005250,
Quad,RACRRD,0.005504,
Quad,RACRRR,0.006331,
Quad,RADAAA,0.003485,
Quad,RADAAC,0.003471,
Quad,RADAAD,0.004205,
Quad,RADAAR,0.004678,
Quad,RADACA,0.003498,
Quad,RADACC,0.003490,
Quad,RADACD,0.004456,
Quad,RADACR,0.004736,
Quad,RADADA,0.004252,
Quad,RADADC,0.003911,
Quad,RADADD,0.004392,
Quad,RADADR,0.004918,
Quad,RADARA,0.004883,
Quad,RADARC,0.004455,
Quad,RADARD,0.005039,
Quad,RADARR,0.005569,
Quad,RADCAA,0.003473,
Quad,RADCAC,0.003819,
Quad,RADCAD,0.003982,
Quad,RADCAR,0.004869,
Quad,RADCCA,0.003322,
Quad,RADCCC,0.003556,
Quad,RADCCD,0.003736,
Quad,RADCCR,0.004479,
Quad,RADCDA,0.003907,
Quad,RADCDC,0.003704,
Quad,RADCDD,0.004193,
Quad,RADCDR,0.004882,
Quad,RADCRA,0.004527,
Quad,RADCRC,0.004586,
Quad,RADCRD,0.005068,
Quad,RADCRR,0.005646,
Quad,RADDAA,0.004327,
Quad,RADDAC,0.004029,
Quad,RADDAD,0.004370,
Quad,RADDAR,0.005131,
Quad,RADDCA,0.003854,
Quad,RADDCC,0.003798,
Quad,RADDCD,0.004454,
Quad,RADDCR,0.004857,
Quad,RADDDA,0.004271,
Quad,RADDDC,0.004470,
Quad,RADDDD,0.004691,
Quad,RADDDR,0.005352,
Quad,RADDRA,0.004972,
Quad,RADDRC,0.005168,
Quad,RADDRD,0.005383,
Quad,RADDRR,0.006100,
Quad,RADRAA,0.004706,
Quad,RADRAC,0.004788,
Quad,RADRAD,0.005177,
Quad,RADRAR,0.005990,
Quad,RADRCA,0.004686,
Quad,RADRCC,0.004739,
Quad,RADRCD,0.005193,
Quad,RADRCR,0.005754,
Quad,RADRDA,0.005086,
Quad,RADRDC,0.004864,
Quad,RADRDD,0.005352,
Quad,RADRDR,0.005996,
Quad,RADRRA,0.005603,
Quad,RADRRC,0.005547,
Quad,RADRRD,0.005930,
Quad,RADRRR,0.006741,
Quad,RARAAA,0.004138,
Quad,RARAAC,0.004449,
Quad,RARAAD,0.004747,
Quad,RARAAR,0.005329,
Quad,RARACA,0.004207,
Quad,RARACC,0.004058,
Quad,RARACD,0.005006,
Quad,RARACR,0.005222,
Quad,RARADA,0.004587,
Quad,RARADC,0.004417,
Quad,RARADD,0.005021,
Quad,RARADR,0.005732,
Quad,RARARA,0.005254,
Quad,RARARC,0.005248,
Quad,RARARD,0.005511,
Quad,RARARR,0.006548,
Quad,RARCAA,0.004308,
Quad,RARCAC,0.004307,
Quad,RARCAD,0.004518,
Quad,RARCAR,0.005201,
Quad,RARCCA,0.004430,
Quad,RARCCC,0.004208,
Quad,RARCCD,0.004529,
Quad,RARCCR,0.005251,
Quad,RARCDA,0.004476,
Quad,RARCDC,0.004656,
Quad,RARCDD,0.004870,
Quad,RARCDR,0.005511,
Quad,RARCRA,0.005266,
Quad,RARCRC,0.005214,
Quad,RARCRD,0.005564,
Quad,RARCRR,0.006221,
Quad,RARDAA,0.004443,
Quad,RARDAC,0.004570,
Quad,RARDAD,0.005283,
Quad,RARDAR,0.005715,
Quad,RARDCA,0.004523,
Quad,RARDCC,0.004509,
Quad,RARDCD,0.005000,
Quad,RARDCR,0.005638,
Quad,RARDDA,0.004763,
Quad,RARDDC,0.005137,
Quad,RARDDD,0.005530,
Quad,RARDDR,0.005891,
Quad,RARDRA,0.005741,
Quad,RARDRC,0.005809,
Quad,RARDRD,0.006043,
Quad,RARDRR,0.006527,
Quad,RARRAA,0.005365,
Quad,RARRAC,0.005308,
Quad,RARRAD,0.005719,
Quad,RARRAR,0.006391,
Quad,RARRCA,0.005250,
Quad,RARRCC,0.005371,
Quad,RARRCD,0.005608,
Quad,RARRCR,0.006359,
Quad,RARRDA,0.005813,
Quad,RARRDC,0.005805,
Quad,RARRDD,0.005980,
Quad,RARRDR,0.006743,
Quad,RARRRA,0.006441,
Quad,RARRRC,0.006334,
Quad,RARRRD,0.006608,
Quad,RARRRR,0.007518,
Quad,RCAAAA,0.003107,
Quad,RCAAAC,0.003250,
Quad,RCAAAD,0.003643,
Quad,RCAAAR,0.004218,
Quad,RCAACA,0.003033,
Quad,RCAACC,0.003021,
Quad,RCAACD,0.003794,
Quad,RCAACR,0.004077,
Quad,RCAADA,0.003766,
Quad,RCAADC,0.003580,
Quad,RCAADD,0.003886,
Quad,RCAADR,0.004495,
Quad,RCAARA,0.004315,
Quad,RCAARC,0.004049,
Quad,RCAARD,0.004551,
Quad,RCAARR,0.005114,
Quad,RCACAA,0.003138,
Quad,RCACAC,0.003166,
Quad,RCACAD,0.003649,
Quad,RCACAR,0.004384,
Quad,RCACCA,0.003202,
Quad,RCACCC,0.002988,
Quad,RCACCD,0.003480,
Quad,RCACCR,0.004265,
Quad,RCACDA,0.003604,
Quad,RCACDC,0.003403,
Quad,RCACDD,0.004027,
Quad,RCACDR,0.004661,
Quad,RCACRA,0.004110,
Quad,RCACRC,0.004202,
Quad,RCACRD,0.004592,
Quad,RCACRR,0.005100,
Quad,RCADAA,0.003637,
Quad,RCADAC,0.003579,
Quad,RCADAD,0.004071,
Quad,RCADAR,0.004613,
Quad,RCADCA,0.003711,
Quad,RCADCC,0.003358,
Quad,RCADCD,0.004023,
Quad,RCADCR,0.004616,
Quad,RCADDA,0.003724,
Quad,RCADDC,0.003972,
Quad,RCADDD,0.004319,
Quad,RCADDR,0.004738,
Quad,RCADRA,0.004534,
Quad,RCADRC,0.004572,
Quad,RCADRD,0.004996,
Quad,RCADRR,0.005418,
Quad,RCARAA,0.004299,
Quad,RCARAC,0.004469,
Quad,RCARAD,0.004582,
Quad,RCARAR,0.005517,
Quad,RCARCA,0.004392,
Quad,RCARCC,0.004404,
Quad,RCARCD,0.004707,
Quad,RCARCR,0.005287,
Quad,RCARDA,0.004572,
Quad,RCARDC,0.004381,
Quad,RCARDD,0.005010,
Quad,RCARDR,0.005645,
Quad,RCARRA,0.005179,
Quad,RCARRC,0.005140,
Quad,RCARRD,0.005593,
Quad,RCARRR,0.006212,
Quad,RCCAAA,0.003077,
Quad,RCCAAC,0.003018,
Quad,RCCAAD,0.003619,
Quad,RCCAAR,0.004065,
Quad,RCCACA,0.003085,
Quad,RCCACC,0.003269,
Quad,RCCACD,0.003497,
Quad,RCCACR,0.004070,
Quad,RCCADA,0.003503,
Quad,RCCADC,0.003681,
Quad,RCCADD,0.003808,
Quad,RCCADR,0.004613,
Quad,RCCARA,0.004479,
Quad,RCCARC,0.004123,
Quad,RCCARD,0.004504,
Quad,RCCARR,0.005187,
Quad,RCCCAA,0.003020,
Quad,RCCCAC,0.003266,
Quad,RCCCAD,0.003248,
Quad,RCCCAR,0.004143,
Quad,RCCCCA,0.002812,
Quad,RCCCCC,0.002974,
Quad,RCCCCD,0.003399,
Quad,RCCCCR,0.004130,
Quad,RCCCDA,0.003662,
Quad,RCCCDC,0.003318,
Quad,RCCCDD,0.003849,
Quad,RCCCDR,0.004343,
Quad,RCCCRA,0.004115,
Quad,RCCCRC,0.004152,
Quad,RCCCRD,0.004476,
Quad,RCCCRR,0.005123,
Quad,RCCDAA,0.003368,
Quad,RCCDAC,0.003514,
Quad,RCCDAD,0.003747,
Quad,RCCDAR,0.004509,
Quad,RCCDCA,0.003203,
Quad,RCCDCC,0.003221,
Quad,RCCDCD,0.003767,
Quad,RCCDCR,0.004552,
Quad,RCCDDA,0.003757,
Quad,RCCDDC,0.003867,
Quad,RCCDDD,0.004159,
Quad,RCCDDR,0.004730,
Quad,RCCDRA,0.004638,
Quad,RCCDRC,0.004375,
Quad,RCCDRD,0.004927,
Quad,RCCDRR,0.005464,
Quad,RCCRAA,0.004195,
Quad,RCCRAC,0.004219,
Quad,RCCRAD,0.004511,
Quad,RCCRAR,0.005350,
Quad,RCCRCA,0.004137,
Quad,RCCRCC,0.004191,
Quad,RCCRCD,0.004626,
Quad,RCCRCR,0.005147,
Quad,RCCRDA,0.004530,
Quad,RCCRDC,0.004537,
Quad,RCCRDD,0.004855,
Quad,RCCRDR,0.005589,
Quad,RCCRRA,0.005237,
Quad,RCCRRC,0.005276,
Quad,RCCRRD,0.005541,
Quad,RCCRRR,0.006080,
Quad,RCDAAA,0.003559,
Quad,RCDAAC,0.003523,
Quad,RCDAAD,0.003950,
Quad,RCDAAR,0.004682,
Quad,RCDACA,0.003409,
Quad,RCDACC,0.003472,
Quad,RCDACD,0.003838,
Quad,RCDACR,0.004566,
Quad,RCDADA,0.003836,
Quad,RCDADC,0.003852,
Quad,RCDADD,0.004301,
Quad,RCDADR,0.004923,
Quad,RCDARA,0.004431,
Quad,RCDARC,0.004463,
Quad,RCDARD,0.004907,
Quad,RCDARR,0.005494,
Quad,RCDCAA,0.003459,
Quad,RCDCAC,0.003590,
Quad,RCDCAD,0.003723,
Quad,RCDCAR,0.004456,
Quad,RCDCCA,0.003490,
Quad,RCDCCC,0.003413,
Quad,RCDCCD,0.003729,
Quad,RCDCCR,0.004608,
Quad,RCDCDA,0.003880,
Quad,RCDCDC,0.003783,
Quad,RCDCDD,0.004205,
Quad,RCDCDR,0.004912,
Quad,RCDCRA,0.004602,
Quad,RCDCRC,0.004559,
Quad,RCDCRD,0.004792,
Quad,RCDCRR,0.005538,
Quad,RCDDAA,0.003941,
Quad,RCDDAC,0.004071,
Quad,RCDDAD,0.004357,
Quad,RCDDAR,0.005090,
Quad,RCDDCA,0.004085,
Quad,RCDDCC,0.003831,
Quad,RCDDCD,0.004308,
Quad,RCDDCR,0.004773,
Quad,RCDDDA,0.004512,
Quad,RCDDDC,0.004137,
Quad,RCDDDD,0.004915,
Quad,RCDDDR,0.005354,
Quad,RCDDRA,0.004814,
Quad,RCDDRC,0.004859,
Quad,RCDDRD,0.005253,
Quad,RCDDRR,0.005921,
Quad,RCDRAA,0.004684,
Quad,RCDRAC,0.004640,
Quad,RCDRAD,0.005105,
Quad,RCDRAR,0.005713,
Quad,RCDRCA,0.004545,
Quad,RCDRCC,0.004612,
Quad,RCDRCD,0.005067,
Quad,RCDRCR,0.005706,
Quad,RCDRDA,0.005112,
Quad,RCDRDC,0.004710,
Quad,RCDRDD,0.005534,
Quad,RCDRDR,0.006031,
Quad,RCDRRA,0.005605,
Quad,RCDRRC,0.005574,
Quad,RCDRRD,0.006041,
Quad,RCDRRR,0.006626,
Quad,RCRAAA,0.004186,
Quad,RCRAAC,0.004187,
Quad,RCRAAD,0.004415,
Quad,RCRAAR,0.005276,
Quad,RCRACA,0.004273,
Quad,RCRACC,0.004093,
Quad,RCRACD,0.004577,
Quad,RCRACR,0.005295,
Quad,RCRADA,0.004474,
Quad,RCRADC,0.004562,
Quad,RCRADD,0.004886,
Quad,RCRADR,0.005348,
Quad,RCRARA,0.005168,
Quad,RCRARC,0.005144,
Quad,RCRARD,0.005450,
Quad,RCRARR,0.006266,
Quad,RCRCAA,0.004135,
Quad,RCRCAC,0.003919,
Quad,RCRCAD,0.004436,
Quad,RCRCAR,0.005107,
Quad,RCRCCA,0.003968,
Quad,RCRCCC,0.004033,
Quad,RCRCCD,0.004406,
Quad,RCRCCR,0.005455,
Quad,RCRCDA,0.004429,
Quad,RCRCDC,0.004464,
Quad,RCRCDD,0.004975,
Quad,RCRCDR,0.005456,
Quad,RCRCRA,0.005238,
Quad,RCRCRC,0.004788,
Quad,RCRCRD,0.005451,
Quad,RCRCRR,0.006195,
Quad,RCRDAA,0.004511,
Quad,RCRDAC,0.004571,
Quad,RCRDAD,0.004933,
Quad,RCRDAR,0.005559,
Quad,RCRDCA,0.004502,
Quad,RCRDCC,0.004521,
Quad,RCRDCD,0.004972,
Quad,RCRDCR,0.005515,
Quad,RCRDDA,0.004825,
Quad,RCRDDC,0.004943,
Quad,RCRDDD,0.005291,
Quad,RCRDDR,0.006010,
Quad,RCRDRA,0.005799,
Quad,RCRDRC,0.005476,
Quad,RCRDRD,0.005598,
Quad,RCRDRR,0.006573,
Quad,RCRRAA,0.005405,
Quad,RCRRAC,0.005248,
Quad,RCRRAD,0.005673,
Quad,RCRRAR,0.006428,
Quad,RCRRCA,0.005375,
Quad,RCRRCC,0.005268,
Quad,RCRRCD,0.005711,
Quad,RCRRCR,0.006301,
Quad,RCRRDA,0.005626,
Quad,RCRRDC,0.005413,
Quad,RCRRDD,0.005999,
Quad,RCRRDR,0.006621,
Quad,RCRRRA,0.006369,
Quad,RCRRRC,0.006272,
Quad,RCRRRD,0.006550,
Quad,RCRRRR,0.007260,
Quad,RDAAAA,0.003516,
Quad,RDAAAC,0.003550,
Quad,RDAAAD,0.004161,
Quad,RDAAAR,0.004547,
Quad,RDAACA,0.003746,
Quad,RDAACC,0.003344,
Quad,RDAACD,0.003950,
Quad,RDAACR,0.004548,
Quad,RDAADA,0.003883,
Quad,RDAADC,0.003821,
Quad,RDAADD,0.004431,
Quad,RDAADR,0.004940,
Quad,RDAARA,0.004681,
Quad,RDAARC,0.004410,
Quad,RDAARD,0.004936,
Quad,RDAARR,0.005626,
Quad,RDACAA,0.003519,
Quad,RDACAC,0.003542,
Quad,RDACAD,0.003701,
Quad,RDACAR,0.004649,
Quad,RDACCA,0.003550,
Quad,RDACCC,0.003181,
Quad,RDACCD,0.003770,
Quad,RDACCR,0.004604,
Quad,RDACDA,0.003964,
Quad,RDACDC,0.003826,
Quad,RDACDD,0.004184,
Quad,RDACDR,0.004942,
Quad,RDACRA,0.004547,
Quad,RDACRC,0.004545,
Quad,RDACRD,0.005072,
Quad,RDACRR,0.005618,
Quad,RDADAA,0.003981,
Quad,RDADAC,0.003889,
Quad,RDADAD,0.004530,
Quad,RDADAR,0.005094,
Quad,RDADCA,0.003937,
Quad,RDADCC,0.003819,
Quad,RDADCD,0.004384,
Quad,RDADCR,0.005094,
Quad,RDADDA,0.004237,
Quad,RDADDC,0.004202,
Quad,RDADDD,0.004665,
Quad,RDADDR,0.005093,
Quad,RDADRA,0.004985,
Quad,RDADRC,0.004779,
Quad,RDADRD,0.005203,
Quad,RDADRR,0.005916,
Quad,RDARAA,0.004589,
Quad,RDARAC,0.004679,
Quad,RDARAD,0.004871,
Quad,RDARAR,0.005555,
Quad,RDARCA,0.004847,
Quad,RDARCC,0.004493,
Quad,RDARCD,0.004887,
Quad,RDARCR,0.005575,
Quad,RDARDA,0.005008,
Quad,RDARDC,0.004840,
Quad,RDARDD,0.005573,
Quad,RDARDR,0.005892,
Quad,RDARRA,0.005568,
Quad,RDARRC,0.005433,
Quad,RDARRD,0.005946,
Quad,RDARRR,0.006594,
Quad,RDCAAA,0.003536,
Quad,RDCAAC,0.003176,
Quad,RDCAAD,0.003722,
Quad,RDCAAR,0.004388,
Quad,RDCACA,0.003473,
Quad,RDCACC,0.003397,
Quad,RDCACD,0.003729,
Quad,RDCACR,0.004482,
Quad,RDCADA,0.003701,
Quad,RDCADC,0.003653,
Quad,RDCADD,0.004159,
Quad,RDCADR,0.004869,
Quad,RDCARA,0.004482,
Quad,RDCARC,0.004264,
Quad,RDCARD,0.004967,
Quad,RDCARR,0.005408,
Quad,RDCCAA,0.003628,
Quad,RDCCAC,0.003338,
Quad,RDCCAD,0.003975,
Quad,RDCCAR,0.004336,
Quad,RDCCCA,0.003379,
Quad,RDCCCC,0.003495,
Quad,RDCCCD,0.003769,
Quad,RDCCCR,0.004440,
Quad,RDCCDA,0.003697,
Quad,RDCCDC,0.003908,
Quad,RDCCDD,0.004167,
Quad,RDCCDR,0.004833,
Quad,RDCCRA,0.004298,
Quad,RDCCRC,0.004388,
Quad,RDCCRD,0.004790,
Quad,RDCCRR,0.005332,
Quad,RDCDAA,0.003836,
Quad,RDCDAC,0.003966,
Quad,RDCDAD,0.004314,
Quad,RDCDAR,0.005086,
Quad,RDCDCA,0.004076,
Quad,RDCDCC,0.003612,
Quad,RDCDCD,0.004208,
Quad,RDCDCR,0.004770,
Quad,RDCDDA,0.004088,
Quad,RDCDDC,0.003969,
Quad,RDCDDD,0.004619,
Quad,RDCDDR,0.005170,
Quad,RDCDRA,0.004822,
Quad,RDCDRC,0.004671,
Quad,RDCDRD,0.005074,
Quad,RDCDRR,0.005864,
Quad,RDCRAA,0.004596,
Quad,RDCRAC,0.004653,
Quad,RDCRAD,0.004946,
Quad,RDCRAR,0.005619,
Quad,RDCRCA,0.004678,
Quad,RDCRCC,0.004511,
Quad,RDCRCD,0.004881,
Quad,RDCRCR,0.005585,
Quad,RDCRDA,0.005010,
Quad,RDCRDC,0.004665,
Quad,RDCRDD,0.005203,
Quad,RDCRDR,0.005647,
Quad,RDCRRA,0.005690,
Quad,RDCRRC,0.005436,
Quad,RDCRRD,0.005763,
Quad,RDCRRR,0.006516,
Quad,RDDAAA,0.003891,
Quad,RDDAAC,0.003893,
Quad,RDDAAD,0.004328,
Quad,RDDAAR,0.004931,
Quad,RDDACA,0.004033,
Quad,RDDACC,0.003768,
Quad,RDDACD,0.004094,
Quad,RDDACR,0.004834,
Quad,RDDADA,0.004239,
Quad,RDDADC,0.004161,
Quad,RDDADD,0.004714,
Quad,RDDADR,0.005385,
Quad,RDDARA,0.004723,
Quad,RDDARC,0.004745,
Quad,RDDARD,0.005173,
Quad,RDDARR,0.006022,
Quad,RDDCAA,0.004110,
Quad,RDDCAC,0.003854,
Quad,RDDCAD,0.004240,
Quad,RDDCAR,0.005217,
Quad,RDDCCA,0.003812,
Quad,RDDCCC,0.003740,
Quad,RDDCCD,0.004128,
Quad,RDDCCR,0.004718,
Quad,RDDCDA,0.004194,
Quad,RDDCDC,0.004273,
Quad,RDDCDD,0.004503,
Quad,RDDCDR,0.005276,
Quad,RDDCRA,0.004929,
Quad,RDDCRC,0.004786,
Quad,RDDCRD,0.005141,
Quad,RDDCRR,0.005839,
Quad,RDDDAA,0.004155,
Quad,RDDDAC,0.004111,
Quad,RDDDAD,0.004599,
Quad,RDDDAR,0.005306,
Quad,RDDDCA,0.004489,
Quad,RDDDCC,0.004238,
Quad,RDDDCD,0.004788,
Quad,RDDDCR,0.005311,
Quad,RDDDDA,0.005091,
Quad,RDDDDC,0.004667,
Quad,RDDDDD,0.005028,
Quad,RDDDDR,0.005514,
Quad,RDDDRA,0.005351,
Quad,RDDDRC,0.004985,
Quad,RDDDRD,0.005524,
Quad,RDDDRR,0.006269,
Quad,RDDRAA,0.004902,
Quad,RDDRAC,0.004700,
Quad,RDDRAD,0.005414,
Quad,RDDRAR,0.006013,
Quad,RDDRCA,0.004985,
Quad,RDDRCC,0.004814,
Quad,RDDRCD,0.005174,
Quad,RDDRCR,0.005998,
Quad,RDDRDA,0.005468,
Quad,RDDRDC,0.004972,
Quad,RDDRDD,0.005435,
Quad,RDDRDR,0.006291,
Quad,RDDRRA,0.005804,
Quad,RDDRRC,0.005912,
Quad,RDDRRD,0.006200,
Quad,RDDRRR,0.006909,
Quad,RDRAAA,0.004578,
Quad,RDRAAC,0.004498,
Quad,RDRAAD,0.004862,
Quad,RDRAAR,0.005401,
Quad,RDRACA,0.004578,
Quad,RDRACC,0.004379,
Quad,RDRACD,0.004947,
Quad,RDRACR,0.005518,
Quad,RDRADA,0.004814,
Quad,RDRADC,0.004517,
Quad,RDRADD,0.005139,
Quad,RDRADR,0.005844,
Quad,RDRARA,0.005491,
Quad,RDRARC,0.005373,
Quad,RDRARD,0.005836,
Quad,RDRARR,0.006429,
Quad,RDRCAA,0.004638,
Quad,RDRCAC,0.004367,
Quad,RDRCAD,0.004520,
Quad,RDRCAR,0.005421,
Quad,RDRCCA,0.004376,
Quad,RDRCCC,0.004259,
Quad,RDRCCD,0.004821,
Quad,RDRCCR,0.005517,
Quad,RDRCDA,0.004811,
Quad,RDRCDC,0.004740,
Quad,RDRCDD,0.005342,
Quad,RDRCDR,0.005819,
Quad,RDRCRA,0.005390,
Quad,RDRCRC,0.005425,
Quad,RDRCRD,0.005703,
Quad,RDRCRR,0.006423,
Quad,RDRDAA,0.005087,
Quad,RDRDAC,0.004850,
Quad,RDRDAD,0.005390,
Quad,RDRDAR,0.005858,
Quad,RDRDCA,0.004758,
Quad,RDRDCC,0.004900,
Quad,RDRDCD,0.005356,
Quad,RDRDCR,0.005810,
Quad,RDRDDA,0.005256,
Quad,RDRDDC,0.005269,
Quad,RDRDDD,0.005603,
Quad,RDRDDR,0.006432,
Quad,RDRDRA,0.006167,
Quad,RDRDRC,0.005769,
Quad,RDRDRD,0.006378,
Quad,RDRDRR,0.006734,
Quad,RDRRAA,0.005736,
Quad,RDRRAC,0.005602,
Quad,RDRRAD,0.005954,
Quad,RDRRAR,0.006622,
Quad,RDRRCA,0.005610,
Quad,RDRRCC,0.005403,
Quad,RDRRCD,0.005827,
Quad,RDRRCR,0.006595,
Quad,RDRRDA,0.005765,
Quad,RDRRDC,0.005791,
Quad,RDRRDD,0.006488,
Quad,RDRRDR,0.006873,
Quad,RDRRRA,0.006673,
Quad,RDRRRC,0.006522,
Quad,RDRRRD,0.006899,
Quad,RDRRRR,0.007571,
Quad,RRAAAA,0.004204,
Quad,RRAAAC,0.004242,
Quad,RRAAAD,0.004578,
Quad,RRAAAR,0.005215,
Quad,RRAACA,0.004034,
Quad,RRAACC,0.004205,
Quad,RRAACD,0.004657,
Quad,RRAACR,0.005352,
Quad,RRAADA,0.004509,
Quad,RRAADC,0.004458,
Quad,RRAADD,0.004963,
Quad,RRAADR,0.005501,
Quad,RRAARA,0.005258,
Quad,RRAARC,0.005040,
Quad,RRAARD,0.005497,
Quad,RRAARR,0.006195,
Quad,RRACAA,0.004304,
Quad,RRACAC,0.004122,
Quad,RRACAD,0.004639,
Quad,RRACAR,0.005175,
Quad,RRACCA,0.004159,
Quad,RRACCC,0.004131,
Quad,RRACCD,0.004366,
Quad,RRACCR,0.005268,
Quad,RRACDA,0.004490,
Quad,RRACDC,0.004571,
Quad,RRACDD,0.004851,
Quad,RRACDR,0.005447,
Quad,RRACRA,0.005307,
Quad,RRACRC,0.005250,
Quad,RRACRD,0.005576,
Quad,RRACRR,0.006204,
Quad,RRADAA,0.004760,
Quad,RRADAC,0.004626,
Quad,RRADAD,0.005079,
Quad,RRADAR,0.005635,
Quad,RRADCA,0.004709,
Quad,RRADCC,0.004713,
Quad,RRADCD,0.005112,
Quad,RRADCR,0.005659,
Quad,RRADDA,0.004904,
Quad,RRADDC,0.004747,
Quad,RRADDD,0.005322,
Quad,RRADDR,0.005777,
Quad,RRADRA,0.005639,
Quad,RRADRC,0.005500,
Quad,RRADRD,0.005881,
Quad,RRADRR,0.006588,
Quad,RRARAA,0.005392,
Quad,RRARAC,0.005252,
Quad,RRARAD,0.005715,
Quad,RRARAR,0.006436,
Quad,RRARCA,0.005360,
Quad,RRARCC,0.005038,
Quad,RRARCD,0.005573,
Quad,RRARCR,0.006262,
Quad,RRARDA,0.005662,
Quad,RRARDC,0.005543,
Quad,RRARDD,0.005977,
Quad,RRARDR,0.006638,
Quad,RRARRA,0.006250,
Quad,RRARRC,0.006269,
Quad,RRARRD,0.006569,
Quad,RRARRR,0.007231,
Quad,RRCAAA,0.004171,
Quad,RRCAAC,0.004117,
Quad,RRCAAD,0.004476,
Quad,RRCAAR,0.005265,
Quad,RRCACA,0.004049,
Quad,RRCACC,0.004209,
Quad,RRCACD,0.004509,
Quad,RRCACR,0.005262,
Quad,RRCADA,0.004346,
Quad,RRCADC,0.004516,
Quad,RRCADD,0.004830,
Quad,RRCADR,0.005364,
Quad,RRCARA,0.005072,
Quad,RRCARC,0.005191,
Quad,RRCARD,0.005498,
Quad,RRCARR,0.006066,
Quad,RRCCAA,0.004109,
Quad,RRCCAC,0.004176,
Quad,RRCCAD,0.004513,
Quad,RRCCAR,0.005114,
Quad,RRCCCA,0.004137,
Quad,RRCCCC,0.004151,
Quad,RRCCCD,0.004578,
Quad,RRCCCR,0.005301,
Quad,RRCCDA,0.004443,
Quad,RRCCDC,0.004329,
Quad,RRCCDD,0.004859,
Quad,RRCCDR,0.005524,
Quad,RRCCRA,0.005231,
Quad,RRCCRC,0.005137,
Quad,RRCCRD,0.005512,
Quad,RRCCRR,0.006188,
Quad,RRCDAA,0.004435,
Quad,RRCDAC,0.004499,
Quad,RRCDAD,0.004823,
Quad,RRCDAR,0.005603,
Quad,RRCDCA,0.004376,
Quad,RRCDCC,0.004499,
Quad,RRCDCD,0.004857,
Quad,RRCDCR,0.005467,
Quad,RRCDDA,0.004893,
Quad,RRCDDC,0.004941,
Quad,RRCDDD,0.005249,
Quad,RRCDDR,0.005992,
Quad,RRCDRA,0.005520,
Quad,RRCDRC,0.005432,
Quad,RRCDRD,0.005774,
Quad,RRCDRR,0.006430,
Quad,RRCRAA,0.005422,
Quad,RRCRAC,0.005287,
Quad,RRCRAD,0.005691,
Quad,RRCRAR,0.006323,
Quad,RRCRCA,0.005257,
Quad,RRCRCC,0.005375,
Quad,RRCRCD,0.005607,
Quad,RRCRCR,0.006315,
Quad,RRCRDA,0.005581,
Quad,RRCRDC,0.005475,
Quad,RRCRDD,0.005855,
Quad,RRCRDR,0.006635,
Quad,RRCRRA,0.006345,
Quad,RRCRRC,0.006090,
Quad,RRCRRD,0.006495,
Quad,RRCRRR,0.007383,
Quad,RRDAAA,0.004616,
Quad,RRDAAC,0.004790,
Quad,RRDAAD,0.004956,
Quad,RRDAAR,0.005496,
Quad,RRDACA,0.004395,
Quad,RRDACC,0.004334,
Quad,RRDACD,0.005008,
Quad,RRDACR,0.005548,
Quad,RRDADA,0.004747,
Quad,RRDADC,0.004693,
Quad,RRDADD,0.005415,
Quad,RRDADR,0.005944,
Quad,RRDARA,0.005517,
Quad,RRDARC,0.005547,
Quad,RRDARD,0.005885,
Quad,RRDARR,0.006551,
Quad,RRDCAA,0.004331,
Quad,RRDCAC,0.004514,
Quad,RRDCAD,0.004751,
Quad,RRDCAR,0.005647,
Quad,RRDCCA,0.004545,
Quad,RRDCCC,0.004587,
Quad,RRDCCD,0.004821,
Quad,RRDCCR,0.005535,
Quad,RRDCDA,0.004796,
Quad,RRDCDC,0.004763,
Quad,RRDCDD,0.005343,
Quad,RRDCDR,0.005868,
Quad,RRDCRA,0.005353,
Quad,RRDCRC,0.005493,
Quad,RRDCRD,0.005841,
Quad,RRDCRR,0.006392,
Quad,RRDDAA,0.004997,
Quad,RRDDAC,0.004814,
Quad,RRDDAD,0.005255,
Quad,RRDDAR,0.005953,
Quad,RRDDCA,0.004913,
Quad,RRDDCC,0.004755,
Quad,RRDDCD,0.005282,
Quad,RRDDCR,0.005921,
Quad,RRDDDA,0.005188,
Quad,RRDDDC,0.005240,
Quad,RRDDDD,0.005629,
Quad,RRDDDR,0.006374,
Quad,RRDDRA,0.005846,
Quad,RRDDRC,0.005672,
Quad,RRDDRD,0.006369,
Quad,RRDDRR,0.006960,
Quad,RRDRAA,0.005694,
Quad,RRDRAC,0.005616,
Quad,RRDRAD,0.005985,
Quad,RRDRAR,0.006699,
Quad,RRDRCA,0.005421,
Quad,RRDRCC,0.005480,
Quad,RRDRCD,0.006107,
Quad,RRDRCR,0.006580,
Quad,RRDRDA,0.005868,
Quad,RRDRDC,0.005782,
Quad,RRDRDD,0.006284,
Quad,RRDRDR,0.006975,
Quad,RRDRRA,0.006671,
Quad,RRDRRC,0.006516,
Quad,RRDRRD,0.007040,
Quad,RRDRRR,0.007574,
Quad,RRRAAA,0.005258,
Quad,RRRAAC,0.005225,
Quad,RRRAAD,0.005594,
Quad,RRRAAR,0.006252,
Quad,RRRACA,0.005224,
Quad,RRRACC,0.005203,
Quad,RRRACD,0.005443,
Quad,RRRACR,0.006318,
Quad,RRRADA,0.005393,
Quad,RRRADC,0.005408,
Quad,RRRADD,0.005898,
Quad,RRRADR,0.006563,
Quad,RRRARA,0.006205,
Quad,RRRARC,0.006238,
Quad,RRRARD,0.006481,
Quad,RRRARR,0.007231,
Quad,RRRCAA,0.005176,
Quad,RRRCAC,0.005219,
Quad,RRRCAD,0.005351,
Quad,RRRCAR,0.006110,
Quad,RRRCCA,0.005166,
Quad,RRRCCC,0.005040,
Quad,RRRCCD,0.005529,
Quad,RRRCCR,0.006133,
Quad,RRRCDA,0.006510,
Quad,RRRCDC,0.005385,
Quad,RRRCDD,0.006012,
Quad,RRRCDR,0.006608,
Quad,RRRCRA,0.006277,
Quad,RRRCRC,0.006202,
Quad,RRRCRD,0.006526,
Quad,RRRCRR,0.007377,
Quad,RRRDAA,0.005669,
Quad,RRRDAC,0.005560,
Quad,RRRDAD,0.006006,
Quad,RRRDAR,0.006576,
Quad,RRRDCA,0.005519,
Quad,RRRDCC,0.005415,
Quad,RRRDCD,0.005865,
Quad,RRRDCR,0.006553,
Quad,RRRDDA,0.005922,
Quad,RRRDDC,0.005746,
Quad,RRRDDD,0.006166,
Quad,RRRDDR,0.006902,
Quad,RRRDRA,0.006504,
Quad,RRRDRC,0.006516,
Quad,RRRDRD,0.006850,
Quad,RRRDRR,0.007664,
Quad,RRRRAA,0.006207,
Quad,RRRRAC,0.006282,
Quad,RRRRAD,0.006552,
Quad,RRRRAR,0.007349,
Quad,RRRRCA,0.006180,
Quad,RRRRCC,0.006311,
Quad,RRRRCD,0.006638,
Quad,RRRRCR,0.007297,
Quad,RRRRDA,0.006646,
Quad,RRRRDC,0.006529,
Quad,RRRRDD,0.006883,
Quad,RRRRDR,0.007578,
Quad,RRRRRA,0.007266,
Quad,RRRRRC,0.007356,
Quad,RRRRRD,0.007649,
Quad,RRRRRR,0.008271,
