Cape,AAAA,0.026467
Quad,AAAA,0.035965
Quick,AAAA,0.440587
Tim,AAAA,0.026449
Cape,AAAD,0.070011
Quad,AAAD,0.130190
Quick,AAAD,0.485767
Tim,AAAD,0.069956
Cape,AAAC,0.026468
Quad,AAAC,0.035969
Quick,AAAC,0.440605
Tim,AAAC,0.026449
Cape,AAAR,0.200424
Quad,AAAR,0.200357
Quick,AAAR,0.533630
Tim,AAAR,0.325595
Cape,AADA,0.169129
Quad,AADA,0.169422
Quick,AADA,0.527017
Tim,AADA,0.108127
Cape,AADD,0.114500
Quad,AADD,0.195865
Quick,AADD,0.537016
Tim,AADD,0.114424
Cape,AADC,0.092528
Quad,AADC,0.148921
Quick,AADC,0.503222
Tim,AADC,0.092669
Cape,AADR,0.290634
Quad,AADR,0.290990
Quick,AADR,0.591305
Tim,AADR,0.391383
Cape,AACA,0.035983
Quad,AACA,0.035958
Quick,AACA,0.440482
Tim,AACA,0.026454
Cape,AACD,0.080079
Quad,AACD,0.138150
Quick,AACD,0.491545
Tim,AACD,0.080029
Cape,AACC,0.035975
Quad,AACC,0.035956
Quick,AACC,0.440395
Tim,AACC,0.026450
Cape,AACR,0.233385
Quad,AACR,0.233372
Quick,AACR,0.539663
Tim,AACR,0.336055
Cape,AARA,0.231752
Quad,AARA,0.231726
Quick,AARA,0.534935
Tim,AARA,0.353519
Cape,AARD,0.290607
Quad,AARD,0.290894
Quick,AARD,0.587806
Tim,AARD,0.387632
Cape,AARC,0.236562
Quad,AARC,0.236551
Quick,AARC,0.549457
Tim,AARC,0.353639
Cape,AARR,0.377933
Quad,AARR,0.377888
Quick,AARR,0.634609
Tim,AARR,0.643920
Cape,ADAA,0.164796
Quad,ADAA,0.165061
Quick,ADAA,0.515711
Tim,ADAA,0.112271
Cape,ADAD,0.256715
Quad,ADAD,0.257190
Quick,ADAD,0.586565
Tim,ADAD,0.184493
Cape,ADAC,0.167203
Quad,ADAC,0.167477
Quick,ADAC,0.521139
Tim,ADAC,0.122112
Cape,ADAR,0.329198
Quad,ADAR,0.329501
Quick,ADAR,0.613564
Tim,ADAR,0.408490
Cape,ADDA,0.215238
Quad,ADDA,0.215759
Quick,ADDA,0.543957
Tim,ADDA,0.128106
Cape,ADDD,0.122966
Quad,ADDD,0.237997
Quick,ADDD,0.552939
Tim,ADDD,0.122898
Cape,ADDC,0.119590
Quad,ADDC,0.200030
Quick,ADDC,0.528968
Tim,ADDC,0.119790
Cape,ADDR,0.342103
Quad,ADDR,0.342581
Quick,ADDR,0.616410
Tim,ADDR,0.431330
Cape,ADCA,0.169817
Quad,ADCA,0.170044
Quick,ADCA,0.527180
Tim,ADCA,0.140114
Cape,ADCD,0.199979
Quad,ADCD,0.200388
Quick,ADCD,0.528591
Tim,ADCD,0.146859
Cape,ADCC,0.146879
Quad,ADCC,0.144244
Quick,ADCC,0.498701
Tim,ADCC,0.147131
Cape,ADCR,0.306744
Quad,ADCR,0.307083
Quick,ADCR,0.592373
Tim,ADCR,0.422719
Cape,ADRA,0.330386
Quad,ADRA,0.330720
Quick,ADRA,0.614898
Tim,ADRA,0.429004
Cape,ADRD,0.348956
Quad,ADRD,0.349545
Quick,ADRD,0.618692
Tim,ADRD,0.442255
Cape,ADRC,0.306643
Quad,ADRC,0.306943
Quick,ADRC,0.594207
Tim,ADRC,0.427491
Cape,ADRR,0.448501
Quad,ADRR,0.448828
Quick,ADRR,0.682133
Tim,ADRR,0.721039
Cape,ACAA,0.035987
Quad,ACAA,0.035957
Quick,ACAA,0.440576
Tim,ACAA,0.026448
Cape,ACAD,0.126033
Quad,ACAD,0.126272
Quick,ACAD,0.485713
Tim,ACAD,0.074499
Cape,ACAC,0.035989
Quad,ACAC,0.035964
Quick,ACAC,0.440601
Tim,ACAC,0.026450
Cape,ACAR,0.200063
Quad,ACAR,0.200051
Quick,ACAR,0.532988
Tim,ACAR,0.325431
Cape,ACDA,0.166881
Quad,ACDA,0.167133
Quick,ACDA,0.524646
Tim,ACDA,0.118159
Cape,ACDD,0.103562
Quad,ACDD,0.182274
Quick,ACDD,0.522191
Tim,ACDD,0.103479
Cape,ACDC,0.143833
Quad,ACDC,0.143734
Quick,ACDC,0.498121
Tim,ACDC,0.101557
Cape,ACDR,0.285711
Quad,ACDR,0.286005
Quick,ACDR,0.585734
Tim,ACDR,0.399534
Cape,ACCA,0.035983
Quad,ACCA,0.035955
Quick,ACCA,0.440449
Tim,ACCA,0.026451
Cape,ACCD,0.090105
Quad,ACCD,0.138165
Quick,ACCD,0.491414
Tim,ACCD,0.090053
Cape,ACCC,0.026464
Quad,ACCC,0.035960
Quick,ACCC,0.440597
Tim,ACCC,0.026449
Cape,ACCR,0.234064
Quad,ACCR,0.234020
Quick,ACCR,0.541341
Tim,ACCR,0.346149
Cape,ACRA,0.231483
Quad,ACRA,0.231409
Quick,ACRA,0.533791
Tim,ACRA,0.362051
Cape,ACRD,0.290225
Quad,ACRD,0.290538
Quick,ACRD,0.587786
Tim,ACRD,0.398194
Cape,ACRC,0.235903
Quad,ACRC,0.235876
Quick,ACRC,0.547636
Tim,ACRC,0.363304
Cape,ACRR,0.377796
Quad,ACRR,0.377740
Quick,ACRR,0.634115
Tim,ACRR,0.653239
Cape,ARAA,0.231560
Quad,ARAA,0.231536
Quick,ARAA,0.534310
Tim,ARAA,0.352987
Cape,ARAD,0.305632
Quad,ARAD,0.305893
Quick,ARAD,0.578702
Tim,ARAD,0.397403
Cape,ARAC,0.231224
Quad,ARAC,0.231172
Quick,ARAC,0.534217
Tim,ARAC,0.352666
Cape,ARAR,0.393849
Quad,ARAR,0.393820
Quick,ARAR,0.627966
Tim,ARAR,0.651838
Cape,ARDA,0.330515
Quad,ARDA,0.330814
Quick,ARDA,0.619032
Tim,ARDA,0.417108
Cape,ARDD,0.346085
Quad,ARDD,0.346744
Quick,ARDD,0.619124
Tim,ARDD,0.403169
Cape,ARDC,0.308957
Quad,ARDC,0.309304
Quick,ARDC,0.594916
Tim,ARDC,0.400766
Cape,ARDR,0.449851
Quad,ARDR,0.450200
Quick,ARDR,0.682267
Tim,ARDR,0.698287
Cape,ARCA,0.236556
Quad,ARCA,0.236545
Quick,ARCA,0.546442
Tim,ARCA,0.354296
Cape,ARCD,0.304007
Quad,ARCD,0.304316
Quick,ARCD,0.594773
Tim,ARCD,0.409110
Cape,ARCC,0.239598
Quad,ARCC,0.239563
Quick,ARCC,0.555846
Tim,ARCC,0.354164
Cape,ARCR,0.401981
Quad,ARCR,0.401924
Quick,ARCR,0.647655
Tim,ARCR,0.664277
Cape,ARRA,0.395777
Quad,ARRA,0.395770
Quick,ARRA,0.631310
Tim,ARRA,0.660274
Cape,ARRD,0.452610
Quad,ARRD,0.452945
Quick,ARRD,0.683904
Tim,ARRD,0.697714
Cape,ARRC,0.400523
Quad,ARRC,0.400438
Quick,ARRC,0.646572
Tim,ARRC,0.660729
Cape,ARRR,0.541717
Quad,ARRR,0.541645
Quick,ARRR,0.732494
Tim,ARRR,0.949964
Cape,DAAA,0.062961
Quad,DAAA,0.128170
Quick,DAAA,0.486154
Tim,DAAA,0.062955
Cape,DAAD,0.210169
Quad,DAAD,0.210670
Quick,DAAD,0.531238
Tim,DAAD,0.106708
Cape,DAAC,0.062958
Quad,DAAC,0.126327
Quick,DAAC,0.486076
Tim,DAAC,0.062951
Cape,DAAR,0.288502
Quad,DAAR,0.288829
Quick,DAAR,0.580608
Tim,DAAR,0.362743
Cape,DADA,0.256161
Quad,DADA,0.256683
Quick,DADA,0.587191
Tim,DADA,0.174842
Cape,DADD,0.267693
Quad,DADD,0.268395
Quick,DADD,0.581631
Tim,DADD,0.182052
Cape,DADC,0.230435
Quad,DADC,0.230963
Quick,DADC,0.557523
Tim,DADC,0.155123
Cape,DADR,0.371719
Quad,DADR,0.372383
Quick,DADR,0.645186
Tim,DADR,0.470347
Cape,DACA,0.131771
Quad,DACA,0.132035
Quick,DACA,0.492386
Tim,DACA,0.068715
Cape,DACD,0.222492
Quad,DACD,0.222990
Quick,DACD,0.549941
Tim,DACD,0.137658
Cape,DACC,0.071761
Quad,DACC,0.129765
Quick,DACC,0.495737
Tim,DACC,0.071730
Cape,DACR,0.311316
Quad,DACR,0.311653
Quick,DACR,0.592563
Tim,DACR,0.377000
Cape,DARA,0.307490
Quad,DARA,0.307791
Quick,DARA,0.583561
Tim,DARA,0.388107
Cape,DARD,0.372675
Quad,DARD,0.373409
Quick,DARD,0.643659
Tim,DARD,0.438807
Cape,DARC,0.311999
Quad,DARC,0.312312
Quick,DARC,0.596521
Tim,DARC,0.386452
Cape,DARR,0.454227
Quad,DARR,0.454597
Quick,DARR,0.685343
Tim,DARR,0.678374
Cape,DDAA,0.095280
Quad,DDAA,0.195802
Quick,DDAA,0.537510
Tim,DDAA,0.095276
Cape,DDAD,0.262773
Quad,DDAD,0.263420
Quick,DDAD,0.576205
Tim,DDAD,0.137072
Cape,DDAC,0.086874
Quad,DDAC,0.182365
Quick,DDAC,0.522572
Tim,DDAC,0.086878
Cape,DDAR,0.343693
Quad,DDAR,0.344400
Quick,DDAR,0.615606
Tim,DDAR,0.385731
Cape,DDDA,0.090102
Quad,DDDA,0.237677
Quick,DDDA,0.553002
Tim,DDDA,0.090080
Cape,DDDD,0.084631
Quad,DDDD,0.255462
Quick,DDDD,0.562087
Tim,DDDD,0.084539
Cape,DDDC,0.081681
Quad,DDDC,0.218531
Quick,DDDC,0.537853
Tim,DDDC,0.081777
Cape,DDDR,0.393390
Quad,DDDR,0.359496
Quick,DDDR,0.625284
Tim,DDDR,0.393186
Cape,DDCA,0.086951
Quad,DDCA,0.182311
Quick,DDCA,0.522570
Tim,DDCA,0.087051
Cape,DDCD,0.223810
Quad,DDCD,0.223777
Quick,DDCD,0.537418
Tim,DDCD,0.107939
Cape,DDCC,0.078493
Quad,DDCC,0.168692
Quick,DDCC,0.507808
Tim,DDCC,0.078726
Cape,DDCR,0.330083
Quad,DDCR,0.330751
Quick,DDCR,0.600468
Tim,DDCR,0.384587
Cape,DDRA,0.341978
Quad,DDRA,0.342583
Quick,DDRA,0.610712
Tim,DDRA,0.400275
Cape,DDRD,0.372303
Quad,DDRD,0.373210
Quick,DDRD,0.628000
Tim,DDRD,0.414843
Cape,DDRC,0.330323
Quad,DDRC,0.330866
Quick,DDRC,0.603551
Tim,DDRC,0.400330
Cape,DDRR,0.471939
Quad,DDRR,0.472604
Quick,DDRR,0.691379
Tim,DDRR,0.693794
Cape,DCAA,0.079435
Quad,DCAA,0.143612
Quick,DCAA,0.491848
Tim,DCAA,0.079427
Cape,DCAD,0.230637
Quad,DCAD,0.231131
Quick,DCAD,0.556962
Tim,DCAD,0.145406
Cape,DCAC,0.145872
Quad,DCAC,0.145817
Quick,DCAC,0.497192
Tim,DCAC,0.084435
Cape,DCAR,0.309071
Quad,DCAR,0.309451
Quick,DCAR,0.591491
Tim,DCAR,0.379191
Cape,DCDA,0.201466
Quad,DCDA,0.201958
Quick,DCDA,0.531088
Tim,DCDA,0.141066
Cape,DCDD,0.217831
Quad,DCDD,0.217844
Quick,DCDD,0.537579
Tim,DCDD,0.158867
Cape,DCDC,0.180598
Quad,DCDC,0.180568
Quick,DCDC,0.513257
Tim,DCDC,0.132770
Cape,DCDR,0.321910
Quad,DCDR,0.322518
Quick,DCDR,0.601274
Tim,DCDR,0.447458
Cape,DCCA,0.096513
Quad,DCCA,0.148693
Quick,DCCA,0.503338
Tim,DCCA,0.096514
Cape,DCCD,0.191507
Quad,DCCD,0.191521
Quick,DCCD,0.518344
Tim,DCCD,0.127698
Cape,DCCC,0.091145
Quad,DCCC,0.135249
Quick,DCCC,0.488358
Tim,DCCC,0.091110
Cape,DCCR,0.297948
Quad,DCCR,0.298272
Quick,DCCR,0.581379
Tim,DCCR,0.402807
Cape,DCRA,0.309387
Quad,DCRA,0.309707
Quick,DCRA,0.591628
Tim,DCRA,0.405683
Cape,DCRD,0.340170
Quad,DCRD,0.340833
Quick,DCRD,0.608420
Tim,DCRD,0.410951
Cape,DCRC,0.297855
Quad,DCRC,0.298161
Quick,DCRC,0.584205
Tim,DCRC,0.395915
Cape,DCRR,0.439964
Quad,DCRR,0.440355
Quick,DCRR,0.672051
Tim,DCRR,0.686938
Cape,DRAA,0.285347
Quad,DRAA,0.285694
Quick,DRAA,0.579461
Tim,DRAA,0.378460
Cape,DRAD,0.372156
Quad,DRAD,0.372782
Quick,DRAD,0.644920
Tim,DRAD,0.451438
Cape,DRAC,0.288085
Quad,DRAC,0.288429
Quick,DRAC,0.585638
Tim,DRAC,0.384009
Cape,DRAR,0.449980
Quad,DRAR,0.450385
Quick,DRAR,0.679391
Tim,DRAR,0.696152
Cape,DRDA,0.349005
Quad,DRDA,0.349649
Quick,DRDA,0.619899
Tim,DRDA,0.423706
Cape,DRDD,0.372105
Quad,DRDD,0.373071
Quick,DRDD,0.628237
Tim,DRDD,0.447401
Cape,DRDC,0.335222
Quad,DRDC,0.335811
Quick,DRDC,0.604106
Tim,DRDC,0.431896
Cape,DRDR,0.475970
Quad,DRDR,0.476610
Quick,DRDR,0.691648
Tim,DRDR,0.731192
Cape,DRCA,0.290333
Quad,DRCA,0.290648
Quick,DRCA,0.590820
Tim,DRCA,0.399285
Cape,DRCD,0.330394
Quad,DRCD,0.331037
Quick,DRCD,0.603861
Tim,DRCD,0.442128
Cape,DRCC,0.274821
Quad,DRCC,0.275148
Quick,DRCC,0.573909
Tim,DRCC,0.412470
Cape,DRCR,0.438140
Quad,DRCR,0.438500
Quick,DRCR,0.668541
Tim,DRCR,0.700553
Cape,DRRA,0.450207
Quad,DRRA,0.450530
Quick,DRRA,0.679048
Tim,DRRA,0.699909
Cape,DRRD,0.479670
Quad,DRRD,0.480353
Quick,DRRD,0.695256
Tim,DRRD,0.718707
Cape,DRRC,0.438603
Quad,DRRC,0.438923
Quick,DRRC,0.672283
Tim,DRRC,0.702743
Cape,DRRR,0.579435
Quad,DRRR,0.579774
Quick,DRRR,0.759264
Tim,DRRR,0.998409
Cape,CAAA,0.026470
Quad,CAAA,0.035972
Quick,CAAA,0.440503
Tim,CAAA,0.026454
Cape,CAAD,0.069983
Quad,CAAD,0.127801
Quick,CAAD,0.485695
Tim,CAAD,0.069950
Cape,CAAC,0.035993
Quad,CAAC,0.035959
Quick,CAAC,0.440419
Tim,CAAC,0.026451
Cape,CAAR,0.200525
Quad,CAAR,0.200476
Quick,CAAR,0.534149
Tim,CAAR,0.325670
Cape,CADA,0.169165
Quad,CADA,0.169435
Quick,CADA,0.527167
Tim,CADA,0.113388
Cape,CADD,0.103487
Quad,CADD,0.187112
Quick,CADD,0.527297
Tim,CADD,0.103396
Cape,CADC,0.148622
Quad,CADC,0.148563
Quick,CADC,0.503039
Tim,CADC,0.096860
Cape,CADR,0.290678
Quad,CADR,0.291011
Quick,CADR,0.591201
Tim,CADR,0.396665
Cape,CACA,0.035982
Quad,CACA,0.035952
Quick,CACA,0.440226
Tim,CACA,0.026449
Cape,CACD,0.137872
Quad,CACD,0.137838
Quick,CACD,0.491329
Tim,CACD,0.084564
Cape,CACC,0.035986
Quad,CACC,0.035958
Quick,CACC,0.440549
Tim,CACC,0.026449
Cape,CACR,0.233260
Quad,CACR,0.233242
Quick,CACR,0.539358
Tim,CACR,0.335602
Cape,CARA,0.232123
Quad,CARA,0.232077
Quick,CARA,0.535580
Tim,CARA,0.353599
Cape,CARD,0.289649
Quad,CARD,0.289983
Quick,CARD,0.586373
Tim,CARD,0.392441
Cape,CARC,0.236367
Quad,CARC,0.236296
Quick,CARC,0.548792
Tim,CARC,0.353591
Cape,CARR,0.378182
Quad,CARR,0.378183
Quick,CARR,0.635381
Tim,CARR,0.643956
Cape,CDAA,0.096186
Quad,CDAA,0.139073
Quick,CDAA,0.491444
Tim,CDAA,0.096421
Cape,CDAD,0.223274
Quad,CDAD,0.223722
Quick,CDAD,0.554202
Tim,CDAD,0.163447
Cape,CDAC,0.138954
Quad,CDAC,0.138891
Quick,CDAC,0.494237
Tim,CDAC,0.109371
Cape,CDAR,0.302318
Quad,CDAR,0.302670
Quick,CDAR,0.589151
Tim,CDAR,0.399676
Cape,CDDA,0.116848
Quad,CDDA,0.195083
Quick,CDDA,0.528253
Tim,CDDA,0.117091
Cape,CDDD,0.111877
Quad,CDDD,0.213379
Quick,CDDD,0.537278
Tim,CDDD,0.111756
Cape,CDDC,0.175980
Quad,CDDC,0.175942
Quick,CDDC,0.513008
Tim,CDDC,0.108769
Cape,CDDR,0.317097
Quad,CDDR,0.317608
Quick,CDDR,0.600799
Tim,CDDR,0.420110
Cape,CDCA,0.141487
Quad,CDCA,0.141412
Quick,CDCA,0.500491
Tim,CDCA,0.128003
Cape,CDCD,0.181620
Quad,CDCD,0.181611
Quick,CDCD,0.512619
Tim,CDCD,0.135914
Cape,CDCC,0.125598
Quad,CDCC,0.125535
Quick,CDCC,0.482979
Tim,CDCC,0.136281
Cape,CDCR,0.288205
Quad,CDCR,0.288522
Quick,CDCR,0.576606
Tim,CDCR,0.411712
Cape,CDRA,0.302485
Quad,CDRA,0.302797
Quick,CDRA,0.588824
Tim,CDRA,0.413181
Cape,CDRD,0.331445
Quad,CDRD,0.331965
Quick,CDRD,0.604203
Tim,CDRD,0.431396
Cape,CDRC,0.288791
Quad,CDRC,0.289081
Quick,CDRC,0.579075
Tim,CDRC,0.415131
Cape,CDRR,0.430035
Quad,CDRR,0.430329
Quick,CDRR,0.666362
Tim,CDRR,0.710586
Cape,CCAA,0.035967
Quad,CCAA,0.035954
Quick,CCAA,0.440363
Tim,CCAA,0.026449
Cape,CCAD,0.078460
Quad,CCAD,0.125267
Quick,CCAD,0.485800
Tim,CCAD,0.078434
Cape,CCAC,0.035987
Quad,CCAC,0.035958
Quick,CCAC,0.440431
Tim,CCAC,0.026451
Cape,CCAR,0.200562
Quad,CCAR,0.200573
Quick,CCAR,0.534327
Tim,CCAR,0.325776
Cape,CCDA,0.097442
Quad,CCDA,0.141196
Quick,CCDA,0.502837
Tim,CCDA,0.097386
Cape,CCDD,0.092488
Quad,CCDD,0.157877
Quick,CCDD,0.507214
Tim,CCDD,0.092399
Cape,CCDC,0.119467
Quad,CCDC,0.119459
Quick,CCDC,0.482804
Tim,CCDC,0.089048
Cape,CCDR,0.261261
Quad,CCDR,0.261574
Quick,CCDR,0.570834
Tim,CCDR,0.387580
Cape,CCCA,0.026465
Quad,CCCA,0.035960
Quick,CCCA,0.440567
Tim,CCCA,0.026453
Cape,CCCD,0.079080
Quad,CCCD,0.129140
Quick,CCCD,0.481588
Tim,CCCD,0.079020
Cape,CCCC,0.026468
Quad,CCCC,0.035962
Quick,CCCC,0.440569
Tim,CCCC,0.026452
Cape,CCCR,0.233228
Quad,CCCR,0.233259
Quick,CCCR,0.539452
Tim,CCCR,0.354092
Cape,CCRA,0.231828
Quad,CCRA,0.231773
Quick,CCRA,0.534873
Tim,CCRA,0.371558
Cape,CCRD,0.281711
Quad,CCRD,0.282097
Quick,CCRD,0.578300
Tim,CCRD,0.385528
Cape,CCRC,0.236674
Quad,CCRC,0.236658
Quick,CCRC,0.549415
Tim,CCRC,0.369982
Cape,CCRR,0.378197
Quad,CCRR,0.378267
Quick,CCRR,0.635288
Tim,CCRR,0.661956
Cape,CRAA,0.231787
Quad,CRAA,0.231703
Quick,CRAA,0.534573
Tim,CRAA,0.368629
Cape,CRAD,0.305876
Quad,CRAD,0.306149
Quick,CRAD,0.579287
Tim,CRAD,0.413703
Cape,CRAC,0.231603
Quad,CRAC,0.231565
Quick,CRAC,0.534404
Tim,CRAC,0.367859
Cape,CRAR,0.393312
Quad,CRAR,0.393215
Quick,CRAR,0.626282
Tim,CRAR,0.666099
Cape,CRDA,0.313127
Quad,CRDA,0.313452
Quick,CRDA,0.599317
Tim,CRDA,0.404898
Cape,CRDD,0.334536
Quad,CRDD,0.335161
Quick,CRDD,0.605563
Tim,CRDD,0.400269
Cape,CRDC,0.298065
Quad,CRDC,0.298409
Quick,CRDC,0.582344
Tim,CRDC,0.396909
Cape,CRDR,0.438755
Quad,CRDR,0.439036
Quick,CRDR,0.669122
Tim,CRDR,0.694858
Cape,CRCA,0.236198
Quad,CRCA,0.236130
Quick,CRCA,0.545147
Tim,CRCA,0.366112
Cape,CRCD,0.292889
Quad,CRCD,0.293160
Quick,CRCD,0.581717
Tim,CRCD,0.406400
Cape,CRCC,0.237388
Quad,CRCC,0.237378
Quick,CRCC,0.551809
Tim,CRCC,0.364684
Cape,CRCR,0.400371
Quad,CRCR,0.400274
Quick,CRCR,0.645431
Tim,CRCR,0.679440
Cape,CRRA,0.395700
Quad,CRRA,0.395662
Quick,CRRA,0.631147
Tim,CRRA,0.675693
Cape,CRRD,0.443067
Quad,CRRD,0.443417
Quick,CRRD,0.672857
Tim,CRRD,0.694684
Cape,CRRC,0.400393
Quad,CRRC,0.400307
Quick,CRRC,0.647160
Tim,CRRC,0.676653
Cape,CRRR,0.541559
Quad,CRRR,0.541526
Quick,CRRR,0.733735
Tim,CRRR,0.968239
Cape,RAAA,0.198745
Quad,RAAA,0.198726
Quick,RAAA,0.529127
Tim,RAAA,0.316863
Cape,RAAD,0.289328
Quad,RAAD,0.289613
Quick,RAAD,0.574239
Tim,RAAD,0.360788
Cape,RAAC,0.198671
Quad,RAAC,0.198678
Quick,RAAC,0.529168
Tim,RAAC,0.317271
Cape,RAAR,0.361431
Quad,RAAR,0.361384
Quick,RAAR,0.622696
Tim,RAAR,0.616801
Cape,RADA,0.329802
Quad,RADA,0.330125
Quick,RADA,0.615663
Tim,RADA,0.402820
Cape,RADD,0.346662
Quad,RADD,0.347257
Quick,RADD,0.615902
Tim,RADD,0.394273
Cape,RADC,0.309251
Quad,RADC,0.309534
Quick,RADC,0.591688
Tim,RADC,0.387604
Cape,RADR,0.450675
Quad,RADR,0.451013
Quick,RADR,0.679775
Tim,RADR,0.687470
Cape,RACA,0.199003
Quad,RACA,0.198975
Quick,RACA,0.529564
Tim,RACA,0.317363
Cape,RACD,0.299380
Quad,RACD,0.299703
Quick,RACD,0.579907
Tim,RACD,0.375979
Cape,RACC,0.198896
Quad,RACC,0.198885
Quick,RACC,0.529354
Tim,RACC,0.317201
Cape,RACR,0.393853
Quad,RACR,0.393815
Quick,RACR,0.627305
Tim,RACR,0.626101
Cape,RARA,0.392095
Quad,RARA,0.392076
Quick,RARA,0.622500
Tim,RARA,0.642906
Cape,RARD,0.450807
Quad,RARD,0.451152
Quick,RARD,0.676519
Tim,RARD,0.684425
Cape,RARC,0.397256
Quad,RARC,0.397246
Quick,RARC,0.638068
Tim,RARC,0.644759
Cape,RARR,0.537683
Quad,RARR,0.537738
Quick,RARR,0.722611
Tim,RARR,0.934722
Cape,RDAA,0.288569
Quad,RDAA,0.288900
Quick,RDAA,0.583028
Tim,RDAA,0.538054
Cape,RDAD,0.372549
Quad,RDAD,0.373142
Quick,RDAD,0.645566
Tim,RDAD,0.588513
Cape,RDAC,0.289648
Quad,RDAC,0.289965
Quick,RDAC,0.588024
Tim,RDAC,0.538088
Cape,RDAR,0.452078
Quad,RDAR,0.452420
Quick,RDAR,0.682100
Tim,RDAR,0.836906
Cape,RDDA,0.342560
Quad,RDDA,0.343170
Quick,RDDA,0.619514
Tim,RDDA,0.711758
Cape,RDDD,0.361269
Quad,RDDD,0.362135
Quick,RDDD,0.628201
Tim,RDDD,0.875797
Cape,RDDC,0.324788
Quad,RDDC,0.325423
Quick,RDDC,0.604575
Tim,RDDC,0.702641
Cape,RDDR,0.465262
Quad,RDDR,0.465855
Quick,RDDR,0.691503
Tim,RDDR,1.014279
Cape,RDCA,0.290577
Quad,RDCA,0.290933
Quick,RDCA,0.591384
Tim,RDCA,0.538718
Cape,RDCD,0.330237
Quad,RDCD,0.330817
Quick,RDCD,0.603793
Tim,RDCD,0.559972
Cape,RDCC,0.275078
Quad,RDCC,0.275402
Quick,RDCC,0.574338
Tim,RDCC,0.529742
Cape,RDCR,0.436364
Quad,RDCR,0.436687
Quick,RDCR,0.666526
Tim,RDCR,0.836297
Cape,RDRA,0.450412
Quad,RDRA,0.450723
Quick,RDRA,0.678817
Tim,RDRA,0.850220
Cape,RDRD,0.479148
Quad,RDRD,0.479798
Quick,RDRD,0.694249
Tim,RDRD,0.866780
Cape,RDRC,0.437706
Quad,RDRC,0.438038
Quick,RDRC,0.670653
Tim,RDRC,0.851637
Cape,RDRR,0.578290
Quad,RDRR,0.578617
Quick,RDRR,0.756928
Tim,RDRR,1.144916
Cape,RCAA,0.231347
Quad,RCAA,0.231295
Quick,RCAA,0.536985
Tim,RCAA,0.438606
Cape,RCAD,0.306020
Quad,RCAD,0.306330
Quick,RCAD,0.581721
Tim,RCAD,0.488939
Cape,RCAC,0.231062
Quad,RCAC,0.231003
Quick,RCAC,0.537086
Tim,RCAC,0.438819
Cape,RCAR,0.394071
Quad,RCAR,0.394030
Quick,RCAR,0.630118
Tim,RCAR,0.737634
Cape,RCDA,0.311605
Quad,RCDA,0.311926
Quick,RCDA,0.600993
Tim,RCDA,0.511549
Cape,RCDD,0.332938
Quad,RCDD,0.333467
Quick,RCDD,0.606842
Tim,RCDD,0.503127
Cape,RCDC,0.295646
Quad,RCDC,0.295912
Quick,RCDC,0.582829
Tim,RCDC,0.500913
Cape,RCDR,0.437244
Quad,RCDR,0.437521
Quick,RCDR,0.670728
Tim,RCDR,0.794341
Cape,RCCA,0.236607
Quad,RCCA,0.236542
Quick,RCCA,0.548878
Tim,RCCA,0.557458
Cape,RCCD,0.294937
Quad,RCCD,0.295232
Quick,RCCD,0.586524
Tim,RCCD,0.612683
Cape,RCCC,0.239172
Quad,RCCC,0.239175
Quick,RCCC,0.557442
Tim,RCCC,0.692374
Cape,RCCR,0.402141
Quad,RCCR,0.402088
Quick,RCCR,0.650441
Tim,RCCR,0.898533
Cape,RCRA,0.395674
Quad,RCRA,0.395657
Quick,RCRA,0.634105
Tim,RCRA,0.779694
Cape,RCRD,0.444700
Quad,RCRD,0.445081
Quick,RCRD,0.677277
Tim,RCRD,0.793240
Cape,RCRC,0.401395
Quad,RCRC,0.401373
Quick,RCRC,0.650666
Tim,RCRC,0.782126
Cape,RCRR,0.542037
Quad,RCRR,0.541995
Quick,RCRR,0.736032
Tim,RCRR,1.069409
Cape,RRAA,0.374101
Quad,RRAA,0.374057
Quick,RRAA,0.625052
Tim,RRAA,0.625857
Cape,RRAD,0.448228
Quad,RRAD,0.448480
Quick,RRAD,0.670121
Tim,RRAD,0.680360
Cape,RRAC,0.374056
Quad,RRAC,0.374046
Quick,RRAC,0.624918
Tim,RRAC,0.626044
Cape,RRAR,0.535574
Quad,RRAR,0.535557
Quick,RRAR,0.717896
Tim,RRAR,0.924624
Cape,RRDA,0.454058
Quad,RRDA,0.454395
Quick,RRDA,0.688635
Tim,RRDA,0.854271
Cape,RRDD,0.475846
Quad,RRDD,0.476428
Quick,RRDD,0.696789
Tim,RRDD,1.031600
Cape,RRDC,0.439419
Quad,RRDC,0.439773
Quick,RRDC,0.672773
Tim,RRDC,0.847903
Cape,RRDR,0.579434
Quad,RRDR,0.579819
Quick,RRDR,0.759185
Tim,RRDR,1.159011
Cape,RRCA,0.378365
Quad,RRCA,0.378328
Quick,RRCA,0.635863
Tim,RRCA,0.756372
Cape,RRCD,0.434652
Quad,RRCD,0.434955
Quick,RRCD,0.671859
Tim,RRCD,0.809499
Cape,RRCC,0.379845
Quad,RRCC,0.379846
Quick,RRCC,0.643034
Tim,RRCC,0.898126
Cape,RRCR,0.542207
Quad,RRCR,0.542145
Quick,RRCR,0.736692
Tim,RRCR,1.082392
Cape,RRRA,0.538478
Quad,RRRA,0.538405
Quick,RRRA,0.723498
Tim,RRRA,0.949818
Cape,RRRD,0.584104
Quad,RRRD,0.584456
Quick,RRRD,0.763429
Tim,RRRD,1.140876
Cape,RRRC,0.542197
Quad,RRRC,0.542175
Quick,RRRC,0.737497
Tim,RRRC,1.073582
Cape,RRRR,0.683672
Quad,RRRR,0.683580
Quick,RRRR,0.827311
Tim,RRRR,1.255978
