Cape,AAAA,0.052935
Quad,AAAA,0.071928
Quick,AAAA,0.917232
Tim,AAAA,0.052936
Cape,AAAD,0.140908
Quad,AAAD,0.283316
Quick,AAAD,1.015140
Tim,AAAD,0.140876
Cape,AAAC,0.052979
Quad,AAAC,0.071948
Quick,AAAC,0.917057
Tim,AAAC,0.052926
Cape,AAAR,0.468253
Quad,AAAR,0.468186
Quick,AAAR,1.113257
Tim,AAAR,0.671171
Cape,AADA,0.334063
Quad,AADA,0.334120
Quick,AADA,1.097957
Tim,AADA,0.228966
Cape,AADD,0.235919
Quad,AADD,0.400206
Quick,AADD,1.128808
Tim,AADD,0.235907
Cape,AADC,0.197922
Quad,AADC,0.293412
Quick,AADC,1.050874
Tim,AADC,0.198008
Cape,AADR,0.597206
Quad,AADR,0.597244
Quick,AADR,1.235677
Tim,AADR,0.813838
Cape,AACA,0.071977
Quad,AACA,0.071907
Quick,AACA,0.916387
Tim,AACA,0.052923
Cape,AACD,0.160818
Quad,AACD,0.275347
Quick,AACD,1.026760
Tim,AACD,0.161044
Cape,AACC,0.071965
Quad,AACC,0.071909
Quick,AACC,0.916553
Tim,AACC,0.052927
Cape,AACR,0.471827
Quad,AACR,0.471921
Quick,AACR,1.122180
Tim,AACR,0.690150
Cape,AARA,0.468263
Quad,AARA,0.468198
Quick,AARA,1.113612
Tim,AARA,0.736886
Cape,AARD,0.595379
Quad,AARD,0.595758
Quick,AARD,1.228457
Tim,AARD,0.807710
Cape,AARC,0.476324
Quad,AARC,0.476228
Quick,AARC,1.139476
Tim,AARC,0.736971
Cape,AARR,0.782667
Quad,AARR,0.782360
Quick,AARR,1.326622
Tim,AARR,1.338469
Cape,ADAA,0.327593
Quad,ADAA,0.327719
Quick,ADAA,1.073840
Tim,ADAA,0.225265
Cape,ADAD,0.485554
Quad,ADAD,0.485932
Quick,ADAD,1.223659
Tim,ADAD,0.371501
Cape,ADAC,0.331761
Quad,ADAC,0.331825
Quick,ADAC,1.084225
Tim,ADAC,0.244037
Cape,ADAR,0.640627
Quad,ADAR,0.640655
Quick,ADAR,1.279982
Tim,ADAR,0.837926
Cape,ADDA,0.404441
Quad,ADDA,0.404236
Quick,ADDA,1.138132
Tim,ADDA,0.256759
Cape,ADDD,0.246292
Quad,ADDD,0.462842
Quick,ADDD,1.167566
Tim,ADDD,0.246511
Cape,ADDC,0.239243
Quad,ADDC,0.372764
Quick,ADDC,1.108881
Tim,ADDC,0.239962
Cape,ADDR,0.676177
Quad,ADDR,0.676348
Quick,ADDR,1.293781
Tim,ADDR,0.883628
Cape,ADCA,0.336578
Quad,ADCA,0.336796
Quick,ADCA,1.096564
Tim,ADCA,0.281408
Cape,ADCD,0.374778
Quad,ADCD,0.374482
Quick,ADCD,1.108687
Tim,ADCD,0.296204
Cape,ADCC,0.295704
Quad,ADCC,0.285723
Quick,ADCC,1.039850
Tim,ADCC,0.295556
Cape,ADCR,0.594099
Quad,ADCR,0.594208
Quick,ADCR,1.234498
Tim,ADCR,0.865756
Cape,ADRA,0.640356
Quad,ADRA,0.640520
Quick,ADRA,1.281787
Tim,ADRA,0.890853
Cape,ADRD,0.691201
Quad,ADRD,0.691497
Quick,ADRD,1.298030
Tim,ADRD,0.918224
Cape,ADRC,0.592295
Quad,ADRC,0.592485
Quick,ADRC,1.239486
Tim,ADRC,0.890644
Cape,ADRR,0.897861
Quad,ADRR,0.898084
Quick,ADRR,1.423707
Tim,ADRR,1.495360
Cape,ACAA,0.071994
Quad,ACAA,0.071914
Quick,ACAA,0.916568
Tim,ACAA,0.052923
Cape,ACAD,0.283102
Quad,ACAD,0.283031
Quick,ACAD,1.014450
Tim,ACAD,0.149833
Cape,ACAC,0.071995
Quad,ACAC,0.071917
Quick,ACAC,0.916511
Tim,ACAC,0.052929
Cape,ACAR,0.467081
Quad,ACAR,0.467020
Quick,ACAR,1.109598
Tim,ACAR,0.668815
Cape,ACDA,0.329761
Quad,ACDA,0.329798
Quick,ACDA,1.092194
Tim,ACDA,0.249045
Cape,ACDD,0.213651
Quad,ACDD,0.373759
Quick,ACDD,1.098530
Tim,ACDD,0.213939
Cape,ACDC,0.284397
Quad,ACDC,0.284464
Quick,ACDC,1.040229
Tim,ACDC,0.215466
Cape,ACDR,0.588584
Quad,ACDR,0.588433
Quick,ACDR,1.226183
Tim,ACDR,0.831491
Cape,ACCA,0.072002
Quad,ACCA,0.071932
Quick,ACCA,0.916697
Tim,ACCA,0.052936
Cape,ACCD,0.180816
Quad,ACCD,0.275399
Quick,ACCD,1.026578
Tim,ACCD,0.181190
Cape,ACCC,0.052925
Quad,ACCC,0.071933
Quick,ACCC,0.916594
Tim,ACCC,0.052931
Cape,ACCR,0.471211
Quad,ACCR,0.471119
Quick,ACCR,1.120901
Tim,ACCR,0.710030
Cape,ACRA,0.467956
Quad,ACRA,0.467851
Quick,ACRA,1.112441
Tim,ACRA,0.755865
Cape,ACRD,0.596409
Quad,ACRD,0.596613
Quick,ACRD,1.230581
Tim,ACRD,0.827923
Cape,ACRC,0.474754
Quad,ACRC,0.474728
Quick,ACRC,1.135187
Tim,ACRC,0.754932
Cape,ACRR,0.782100
Quad,ACRR,0.781988
Quick,ACRR,1.325443
Tim,ACRR,1.359465
Cape,ARAA,0.469264
Quad,ARAA,0.469095
Quick,ARAA,1.113296
Tim,ARAA,0.738184
Cape,ARAD,0.592730
Quad,ARAD,0.592943
Quick,ARAD,1.211436
Tim,ARAD,0.829061
Cape,ARAC,0.468410
Quad,ARAC,0.468221
Quick,ARAC,1.111886
Tim,ARAC,0.736628
Cape,ARAR,0.776072
Quad,ARAR,0.776011
Quick,ARAR,1.304202
Tim,ARAR,1.352306
Cape,ARDA,0.640262
Quad,ARDA,0.640239
Quick,ARDA,1.289025
Tim,ARDA,0.866264
Cape,ARDD,0.686041
Quad,ARDD,0.686304
Quick,ARDD,1.297803
Tim,ARDD,0.835662
Cape,ARDC,0.597250
Quad,ARDC,0.597568
Quick,ARDC,1.240691
Tim,ARDC,0.833187
Cape,ARDR,0.901100
Quad,ARDR,0.901088
Quick,ARDR,1.427244
Tim,ARDR,1.449338
Cape,ARCA,0.477179
Quad,ARCA,0.476946
Quick,ARCA,1.133923
Tim,ARCA,0.736740
Cape,ARCD,0.589037
Quad,ARCD,0.589113
Quick,ARCD,1.240565
Tim,ARCD,0.849443
Cape,ARCC,0.481081
Quad,ARCC,0.481519
Quick,ARCC,1.151170
Tim,ARCC,0.734879
Cape,ARCR,0.791046
Quad,ARCR,0.790915
Quick,ARCR,1.346053
Tim,ARCR,1.377759
Cape,ARRA,0.779878
Quad,ARRA,0.779733
Quick,ARRA,1.315463
Tim,ARRA,1.368370
Cape,ARRD,0.905951
Quad,ARRD,0.906228
Quick,ARRD,1.429030
Tim,ARRD,1.444314
Cape,ARRC,0.787285
Quad,ARRC,0.787211
Quick,ARRC,1.344606
Tim,ARRC,1.370677
Cape,ARRR,1.093652
Quad,ARRR,1.093539
Quick,ARRR,1.529835
Tim,ARRR,1.972308
Cape,DAAA,0.126199
Quad,DAAA,0.285920
Quick,DAAA,1.014214
Tim,DAAA,0.126206
Cape,DAAD,0.408682
Quad,DAAD,0.408767
Quick,DAAD,1.111937
Tim,DAAD,0.214340
Cape,DAAC,0.126215
Quad,DAAC,0.285934
Quick,DAAC,1.014197
Tim,DAAC,0.126204
Cape,DAAR,0.594077
Quad,DAAR,0.594097
Quick,DAAR,1.210040
Tim,DAAR,0.744365
Cape,DADA,0.485757
Quad,DADA,0.486035
Quick,DADA,1.223737
Tim,DADA,0.352088
Cape,DADD,0.523266
Quad,DADD,0.523921
Quick,DADD,1.224629
Tim,DADD,0.364512
Cape,DADC,0.434983
Quad,DADC,0.435232
Quick,DADC,1.165863
Tim,DADC,0.312424
Cape,DADR,0.738073
Quad,DADR,0.738528
Quick,DADR,1.351034
Tim,DADR,0.963429
Cape,DACA,0.290846
Quad,DACA,0.290839
Quick,DACA,1.027432
Tim,DACA,0.138357
Cape,DACD,0.420547
Quad,DACD,0.420948
Quick,DACD,1.152531
Tim,DACD,0.277953
Cape,DACC,0.147469
Quad,DACC,0.294724
Quick,DACC,1.037606
Tim,DACC,0.147522
Cape,DACR,0.603565
Quad,DACR,0.604132
Quick,DACR,1.235344
Tim,DACR,0.772153
Cape,DARA,0.595540
Quad,DARA,0.595759
Quick,DARA,1.214033
Tim,DARA,0.804512
Cape,DARD,0.738537
Quad,DARD,0.738842
Quick,DARD,1.347333
Tim,DARD,0.910202
Cape,DARC,0.604745
Quad,DARC,0.604788
Quick,DARC,1.243857
Tim,DARC,0.806248
Cape,DARR,0.909367
Quad,DARR,0.909722
Quick,DARR,1.427917
Tim,DARR,1.406357
Cape,DDAA,0.197156
Quad,DDAA,0.398600
Quick,DDAA,1.127952
Tim,DDAA,0.197099
Cape,DDAD,0.510327
Quad,DDAD,0.510956
Quick,DDAD,1.213086
Tim,DDAD,0.286923
Cape,DDAC,0.180000
Quad,DDAC,0.372309
Quick,DDAC,1.098161
Tim,DDAC,0.180227
Cape,DDAR,0.679345
Quad,DDAR,0.679747
Quick,DDAR,1.290945
Tim,DDAR,0.801440
Cape,DDDA,0.180804
Quad,DDDA,0.457917
Quick,DDDA,1.166603
Tim,DDDA,0.181272
Cape,DDDD,0.169278
Quad,DDDD,0.512246
Quick,DDDD,1.196134
Tim,DDDD,0.169457
Cape,DDDC,0.163790
Quad,DDDC,0.423145
Quick,DDDC,1.137549
Tim,DDDC,0.164398
Cape,DDDR,0.806968
Quad,DDDR,0.726302
Quick,DDDR,1.321679
Tim,DDDR,0.808163
Cape,DDCA,0.180195
Quad,DDCA,0.372278
Quick,DDCA,1.098225
Tim,DDCA,0.180326
Cape,DDCD,0.434120
Quad,DDCD,0.434013
Quick,DDCD,1.137177
Tim,DDCD,0.228942
Cape,DDCC,0.163268
Quad,DDCC,0.345656
Quick,DDCC,1.068528
Tim,DDCC,0.163586
Cape,DDCR,0.653629
Quad,DDCR,0.654056
Quick,DDCR,1.263344
Tim,DDCR,0.799899
Cape,DDRA,0.675904
Quad,DDRA,0.676338
Quick,DDRA,1.283272
Tim,DDRA,0.832833
Cape,DDRD,0.750079
Quad,DDRD,0.750660
Quick,DDRD,1.326989
Tim,DDRD,0.866195
Cape,DDRC,0.653038
Quad,DDRC,0.653175
Quick,DDRC,1.267722
Tim,DDRC,0.828527
Cape,DDRR,0.958038
Quad,DDRR,0.958480
Quick,DDRR,1.453432
Tim,DDRR,1.440023
Cape,DCAA,0.160255
Quad,DCAA,0.284964
Quick,DCAA,1.027394
Tim,DCAA,0.160266
Cape,DCAD,0.432622
Quad,DCAD,0.432524
Quick,DCAD,1.164935
Tim,DCAD,0.294869
Cape,DCAC,0.289668
Quad,DCAC,0.289698
Quick,DCAC,1.039145
Tim,DCAC,0.171547
Cape,DCAR,0.596863
Quad,DCAR,0.596954
Quick,DCAR,1.231558
Tim,DCAR,0.776961
Cape,DCDA,0.375347
Quad,DCDA,0.375011
Quick,DCDA,1.112865
Tim,DCDA,0.284665
Cape,DCDD,0.424744
Quad,DCDD,0.424405
Quick,DCDD,1.137871
Tim,DCDD,0.318064
Cape,DCDC,0.336114
Quad,DCDC,0.336028
Quick,DCDC,1.079698
Tim,DCDC,0.267703
Cape,DCDR,0.639399
Quad,DCDR,0.639804
Quick,DCDR,1.263361
Tim,DCDR,0.915004
Cape,DCCA,0.194642
Quad,DCCA,0.294099
Quick,DCCA,1.049719
Tim,DCCA,0.194662
Cape,DCCD,0.347290
Quad,DCCD,0.347187
Quick,DCCD,1.088827
Tim,DCCD,0.257524
Cape,DCCC,0.184537
Quad,DCCC,0.258477
Quick,DCCC,1.020069
Tim,DCCC,0.184460
Cape,DCCR,0.575860
Quad,DCCR,0.575901
Quick,DCCR,1.216038
Tim,DCCR,0.826970
Cape,DCRA,0.597909
Quad,DCRA,0.598128
Quick,DCRA,1.234725
Tim,DCRA,0.842776
Cape,DCRD,0.672051
Quad,DCRD,0.672334
Quick,DCRD,1.278344
Tim,DCRD,0.856042
Cape,DCRC,0.574075
Quad,DCRC,0.574206
Quick,DCRC,1.219062
Tim,DCRC,0.824218
Cape,DCRR,0.880142
Quad,DCRR,0.880219
Quick,DCRR,1.404428
Tim,DCRR,1.424282
Cape,DRAA,0.589128
Quad,DRAA,0.589262
Quick,DRAA,1.212249
Tim,DRAA,0.777699
Cape,DRAD,0.736283
Quad,DRAD,0.736331
Quick,DRAD,1.348665
Tim,DRAD,0.935349
Cape,DRAC,0.593583
Quad,DRAC,0.594034
Quick,DRAC,1.223739
Tim,DRAC,0.787422
Cape,DRAR,0.901661
Quad,DRAR,0.901746
Quick,DRAR,1.419740
Tim,DRAR,1.441173
Cape,DRDA,0.691583
Quad,DRDA,0.691860
Quick,DRDA,1.299692
Tim,DRDA,0.879982
Cape,DRDD,0.753556
Quad,DRDD,0.754123
Quick,DRDD,1.327074
Tim,DRDD,0.912021
Cape,DRDC,0.663929
Quad,DRDC,0.664209
Quick,DRDC,1.268762
Tim,DRDC,0.899047
Cape,DRDR,0.967611
Quad,DRDR,0.968323
Quick,DRDR,1.453298
Tim,DRDR,1.502700
Cape,DRCA,0.597972
Quad,DRCA,0.598098
Quick,DRCA,1.235150
Tim,DRCA,0.820082
Cape,DRCD,0.656398
Quad,DRCD,0.656805
Quick,DRCD,1.268562
Tim,DRCD,0.914872
Cape,DRCC,0.566752
Quad,DRCC,0.566857
Quick,DRCC,1.199724
Tim,DRCC,0.844833
Cape,DRCR,0.877178
Quad,DRCR,0.877307
Quick,DRCR,1.397423
Tim,DRCR,1.451214
Cape,DRRA,0.901171
Quad,DRRA,0.901047
Quick,DRRA,1.418548
Tim,DRRA,1.452262
Cape,DRRD,0.974750
Quad,DRRD,0.974964
Quick,DRRD,1.461887
Tim,DRRD,1.489407
Cape,DRRC,0.877115
Quad,DRRC,0.877072
Quick,DRRC,1.402718
Tim,DRRC,1.452431
Cape,DRRR,1.181919
Quad,DRRR,1.181645
Quick,DRRR,1.587208
Tim,DRRR,2.063446
Cape,CAAA,0.052952
Quad,CAAA,0.071958
Quick,CAAA,0.916649
Tim,CAAA,0.052932
Cape,CAAD,0.140843
Quad,CAAD,0.283314
Quick,CAAD,1.014685
Tim,CAAD,0.140832
Cape,CAAC,0.071996
Quad,CAAC,0.071929
Quick,CAAC,0.916839
Tim,CAAC,0.052941
Cape,CAAR,0.468183
Quad,CAAR,0.468120
Quick,CAAR,1.112876
Tim,CAAR,0.671038
Cape,CADA,0.334262
Quad,CADA,0.334167
Quick,CADA,1.098868
Tim,CADA,0.238384
Cape,CADD,0.214076
Quad,CADD,0.382614
Quick,CADD,1.109165
Tim,CADD,0.214056
Cape,CADC,0.293355
Quad,CADC,0.293337
Quick,CADC,1.050795
Tim,CADC,0.204995
Cape,CADR,0.597353
Quad,CADR,0.597362
Quick,CADR,1.236066
Tim,CADR,0.826188
Cape,CACA,0.072046
Quad,CACA,0.071928
Quick,CACA,0.917379
Tim,CACA,0.052939
Cape,CACD,0.275309
Quad,CACD,0.275370
Quick,CACD,1.027146
Tim,CACD,0.170468
Cape,CACC,0.072072
Quad,CACC,0.071965
Quick,CACC,0.916901
Tim,CACC,0.052944
Cape,CACR,0.470662
Quad,CACR,0.470700
Quick,CACR,1.118268
Tim,CACR,0.689131
Cape,CARA,0.468560
Quad,CARA,0.468451
Quick,CARA,1.114022
Tim,CARA,0.738579
Cape,CARD,0.596162
Quad,CARD,0.596514
Quick,CARD,1.229352
Tim,CARD,0.818436
Cape,CARC,0.476309
Quad,CARC,0.476089
Quick,CARC,1.140563
Tim,CARC,0.738320
Cape,CARR,0.781688
Quad,CARR,0.781692
Quick,CARR,1.324114
Tim,CARR,1.336883
Cape,CDAA,0.192981
Quad,CDAA,0.274398
Quick,CDAA,1.026690
Tim,CDAA,0.193040
Cape,CDAD,0.417243
Quad,CDAD,0.417455
Quick,CDAD,1.158863
Tim,CDAD,0.328782
Cape,CDAC,0.274365
Quad,CDAC,0.274385
Quick,CDAC,1.032633
Tim,CDAC,0.220047
Cape,CDAR,0.584345
Quad,CDAR,0.584503
Quick,CDAR,1.228799
Tim,CDAR,0.817060
Cape,CDDA,0.234166
Quad,CDDA,0.362871
Quick,CDDA,1.108274
Tim,CDDA,0.234459
Cape,CDDD,0.224239
Quad,CDDD,0.414388
Quick,CDDD,1.137634
Tim,CDDD,0.224354
Cape,CDDC,0.325374
Quad,CDDC,0.325177
Quick,CDDC,1.079402
Tim,CDDC,0.217654
Cape,CDDR,0.629188
Quad,CDDR,0.629385
Quick,CDDR,1.264862
Tim,CDDR,0.862644
Cape,CDCA,0.278638
Quad,CDCA,0.278679
Quick,CDCA,1.044176
Tim,CDCA,0.256813
Cape,CDCD,0.336974
Quad,CDCD,0.336939
Quick,CDCD,1.078807
Tim,CDCD,0.273985
Cape,CDCC,0.247865
Quad,CDCC,0.247686
Quick,CDCC,1.010191
Tim,CDCC,0.273229
Cape,CDCR,0.555317
Quad,CDCR,0.555475
Quick,CDCR,1.201315
Tim,CDCR,0.841418
Cape,CDRA,0.581809
Quad,CDRA,0.582003
Quick,CDRA,1.229113
Tim,CDRA,0.860041
Cape,CDRD,0.653748
Quad,CDRD,0.654029
Quick,CDRD,1.268470
Tim,CDRD,0.893941
Cape,CDRC,0.554551
Quad,CDRC,0.554680
Quick,CDRC,1.208882
Tim,CDRC,0.865455
Cape,CDRR,0.860142
Quad,CDRR,0.860397
Quick,CDRR,1.394315
Tim,CDRR,1.472931
Cape,CCAA,0.071964
Quad,CCAA,0.071915
Quick,CCAA,0.916606
Tim,CCAA,0.052925
Cape,CCAD,0.158977
Quad,CCAD,0.283139
Quick,CCAD,1.014508
Tim,CCAD,0.159024
Cape,CCAC,0.072009
Quad,CCAC,0.071923
Quick,CCAC,0.916618
Tim,CCAC,0.052929
Cape,CCAR,0.468238
Quad,CCAR,0.468159
Quick,CCAR,1.112467
Tim,CCAR,0.670225
Cape,CCDA,0.207398
Quad,CCDA,0.285493
Quick,CCDA,1.052304
Tim,CCDA,0.207781
Cape,CCDD,0.191374
Quad,CCDD,0.326917
Quick,CCDD,1.069167
Tim,CCDD,0.191956
Cape,CCDC,0.237667
Quad,CCDC,0.237676
Quick,CCDC,1.010626
Tim,CCDC,0.190923
Cape,CCDR,0.541034
Quad,CCDR,0.541228
Quick,CCDR,1.195059
Tim,CCDR,0.806510
Cape,CCCA,0.052936
Quad,CCCA,0.071966
Quick,CCCA,0.916796
Tim,CCCA,0.052934
Cape,CCCD,0.158402
Quad,CCCD,0.257884
Quick,CCCD,1.007394
Tim,CCCD,0.159123
Cape,CCCC,0.052932
Quad,CCCC,0.072000
Quick,CCCC,0.916621
Tim,CCCC,0.052932
Cape,CCCR,0.472834
Quad,CCCR,0.472778
Quick,CCCR,1.125269
Tim,CCCR,0.727696
Cape,CCRA,0.468104
Quad,CCRA,0.467989
Quick,CCRA,1.113757
Tim,CCRA,0.773859
Cape,CCRD,0.578962
Quad,CCRD,0.579127
Quick,CCRD,1.209709
Tim,CCRD,0.803615
Cape,CCRC,0.476192
Quad,CCRC,0.476035
Quick,CCRC,1.139118
Tim,CCRC,0.771131
Cape,CCRR,0.781594
Quad,CCRR,0.781482
Quick,CCRR,1.323632
Tim,CCRR,1.372025
Cape,CRAA,0.468685
Quad,CRAA,0.468420
Quick,CRAA,1.112024
Tim,CRAA,0.766263
Cape,CRAD,0.592064
Quad,CRAD,0.592165
Quick,CRAD,1.208866
Tim,CRAD,0.858843
Cape,CRAC,0.468288
Quad,CRAC,0.468143
Quick,CRAC,1.110865
Tim,CRAC,0.762984
Cape,CRAR,0.776612
Quad,CRAR,0.776466
Quick,CRAR,1.305687
Tim,CRAR,1.381630
Cape,CRDA,0.603566
Quad,CRDA,0.603704
Quick,CRDA,1.248901
Tim,CRDA,0.841636
Cape,CRDD,0.664234
Quad,CRDD,0.664664
Quick,CRDD,1.274799
Tim,CRDD,0.831919
Cape,CRDC,0.576175
Quad,CRDC,0.576274
Quick,CRDC,1.216255
Tim,CRDC,0.824965
Cape,CRDR,0.878029
Quad,CRDR,0.878080
Quick,CRDR,1.403320
Tim,CRDR,1.442284
Cape,CRCA,0.477847
Quad,CRCA,0.477786
Quick,CRCA,1.135379
Tim,CRCA,0.766024
Cape,CRCD,0.566277
Quad,CRCD,0.566353
Quick,CRCD,1.214426
Tim,CRCD,0.844000
Cape,CRCC,0.476872
Quad,CRCC,0.476790
Quick,CRCC,1.146189
Tim,CRCC,0.761321
Cape,CRCR,0.788365
Quad,CRCR,0.788209
Quick,CRCR,1.342302
Tim,CRCR,1.408812
Cape,CRRA,0.778279
Quad,CRRA,0.778075
Quick,CRRA,1.312968
Tim,CRRA,1.403074
Cape,CRRD,0.884450
Quad,CRRD,0.884602
Quick,CRRD,1.406688
Tim,CRRD,1.439092
Cape,CRRC,0.785217
Quad,CRRC,0.785137
Quick,CRRC,1.343027
Tim,CRRC,1.400372
Cape,CRRR,1.091994
Quad,CRRR,1.092062
Quick,CRRR,1.530769
Tim,CRRR,2.004762
Cape,RAAA,0.463790
Quad,RAAA,0.463700
Quick,RAAA,1.101245
Tim,RAAA,0.653983
Cape,RAAD,0.587321
Quad,RAAD,0.587478
Quick,RAAD,1.199096
Tim,RAAD,0.740700
Cape,RAAC,0.463793
Quad,RAAC,0.463610
Quick,RAAC,1.100880
Tim,RAAC,0.653897
Cape,RAAR,0.772239
Quad,RAAR,0.772261
Quick,RAAR,1.298073
Tim,RAAR,1.272938
Cape,RADA,0.638235
Quad,RADA,0.638363
Quick,RADA,1.282200
Tim,RADA,0.839289
Cape,RADD,0.685549
Quad,RADD,0.685922
Quick,RADD,1.293039
Tim,RADD,0.816961
Cape,RADC,0.597606
Quad,RADC,0.597660
Quick,RADC,1.235536
Tim,RADC,0.807857
Cape,RADR,0.899924
Quad,RADR,0.900150
Quick,RADR,1.418782
Tim,RADR,1.422736
Cape,RACA,0.464083
Quad,RACA,0.464008
Quick,RACA,1.101863
Tim,RACA,0.653918
Cape,RACD,0.579407
Quad,RACD,0.579419
Quick,RACD,1.211784
Tim,RACD,0.773179
Cape,RACC,0.464074
Quad,RACC,0.463982
Quick,RACC,1.102184
Tim,RACC,0.655418
Cape,RACR,0.776559
Quad,RACR,0.776437
Quick,RACR,1.307702
Tim,RACR,1.290788
Cape,RARA,0.772050
Quad,RARA,0.771909
Quick,RARA,1.296328
Tim,RARA,1.335598
Cape,RARD,0.900004
Quad,RARD,0.900140
Quick,RARD,1.412943
Tim,RARD,1.416624
Cape,RARC,0.780160
Quad,RARC,0.780158
Quick,RARC,1.325251
Tim,RARC,1.338220
Cape,RARR,1.086212
Quad,RARR,1.086143
Quick,RARR,1.510015
Tim,RARR,1.938035
Cape,RDAA,0.593192
Quad,RDAA,0.593316
Quick,RDAA,1.216972
Tim,RDAA,1.126485
Cape,RDAD,0.736062
Quad,RDAD,0.736447
Quick,RDAD,1.349764
Tim,RDAD,1.231331
Cape,RDAC,0.594193
Quad,RDAC,0.594369
Quick,RDAC,1.226859
Tim,RDAC,1.127290
Cape,RDAR,0.904025
Quad,RDAR,0.904084
Quick,RDAR,1.423127
Tim,RDAR,1.746312
Cape,RDDA,0.678970
Quad,RDDA,0.679235
Quick,RDDA,1.297905
Tim,RDDA,1.481208
Cape,RDDD,0.732851
Quad,RDDD,0.733419
Quick,RDDD,1.328289
Tim,RDDD,1.824479
Cape,RDDC,0.645120
Quad,RDDC,0.645301
Quick,RDDC,1.269700
Tim,RDDC,1.464003
Cape,RDDR,0.947856
Quad,RDDR,0.948098
Quick,