Sorts,Sequence,Time,
Cape,AAAA,0.000251,
Quad,AAAA,0.000023,
Quick,AAAA,0.000205,
Tim,AAAA,0.000020,
Cape,AAAD,0.000052,
Quad,AAAD,0.000070,
Quick,AAAD,0.000197,
Tim,AAAD,0.000049,
Cape,AAAC,0.000023,
Quad,AAAC,0.000022,
Quick,AAAC,0.000198,
Tim,AAAC,0.000020,
Cape,AAAR,0.000102,
Quad,AAAR,0.000093,
Quick,AAAR,0.000225,
Tim,AAAR,0.000176,
Cape,AADA,0.000101,
Quad,AADA,0.000090,
Quick,AADA,0.000222,
Tim,AADA,0.000079,
Cape,AADD,0.000082,
Quad,AADD,0.000095,
Quick,AADD,0.000212,
Tim,AADD,0.000078,
Cape,AADC,0.000062,
Quad,AADC,0.000078,
Quick,AADC,0.000200,
Tim,AADC,0.000060,
Cape,AADR,0.000149,
Quad,AADR,0.000140,
Quick,AADR,0.000246,
Tim,AADR,0.000217,
Cape,AACA,0.000028,
Quad,AACA,0.000019,
Quick,AACA,0.000178,
Tim,AACA,0.000018,
Cape,AACD,0.000058,
Quad,AACD,0.000067,
Quick,AACD,0.000195,
Tim,AACD,0.000055,
Cape,AACC,0.000023,
Quad,AACC,0.000020,
Quick,AACC,0.000179,
Tim,AACC,0.000018,
Cape,AACR,0.000129,
Quad,AACR,0.000117,
Quick,AACR,0.000238,
Tim,AACR,0.000193,
Cape,AARA,0.000126,
Quad,AARA,0.000114,
Quick,AARA,0.000232,
Tim,AARA,0.000204,
Cape,AARD,0.000155,
Quad,AARD,0.000146,
Quick,AARD,0.000258,
Tim,AARD,0.000241,
Cape,AARC,0.000125,
Quad,AARC,0.000116,
Quick,AARC,0.000233,
Tim,AARC,0.000204,
Cape,AARR,0.000187,
Quad,AARR,0.000177,
Quick,AARR,0.000274,
Tim,AARR,0.000354,
Cape,ADAA,0.000096,
Quad,ADAA,0.000087,
Quick,ADAA,0.000217,
Tim,ADAA,0.000082,
Cape,ADAD,0.000154,
Quad,ADAD,0.000144,
Quick,ADAD,0.000267,
Tim,ADAD,0.000141,
Cape,ADAC,0.000120,
Quad,ADAC,0.000107,
Quick,ADAC,0.000260,
Tim,ADAC,0.000100,
Cape,ADAR,0.000212,
Quad,ADAR,0.000199,
Quick,ADAR,0.000315,
Tim,ADAR,0.000294,
Cape,ADDA,0.000141,
Quad,ADDA,0.000125,
Quick,ADDA,0.000251,
Tim,ADDA,0.000110,
Cape,ADDD,0.000102,
Quad,ADDD,0.000114,
Quick,ADDD,0.000230,
Tim,ADDD,0.000101,
Cape,ADDC,0.000097,
Quad,ADDC,0.000105,
Quick,ADDC,0.000230,
Tim,ADDC,0.000095,
Cape,ADDR,0.000183,
Quad,ADDR,0.000172,
Quick,ADDR,0.000277,
Tim,ADDR,0.000275,
Cape,ADCA,0.000109,
Quad,ADCA,0.000099,
Quick,ADCA,0.000244,
Tim,ADCA,0.000110,
Cape,ADCD,0.000106,
Quad,ADCD,0.000098,
Quick,ADCD,0.000209,
Tim,ADCD,0.000108,
Cape,ADCC,0.000101,
Quad,ADCC,0.000071,
Quick,ADCC,0.000196,
Tim,ADCC,0.000100,
Cape,ADCR,0.000158,
Quad,ADCR,0.000151,
Quick,ADCR,0.000251,
Tim,ADCR,0.000257,
Cape,ADRA,0.000183,
Quad,ADRA,0.000171,
Quick,ADRA,0.000275,
Tim,ADRA,0.000257,
Cape,ADRD,0.000189,
Quad,ADRD,0.000172,
Quick,ADRD,0.000266,
Tim,ADRD,0.000269,
Cape,ADRC,0.000177,
Quad,ADRC,0.000161,
Quick,ADRC,0.000263,
Tim,ADRC,0.000261,
Cape,ADRR,0.000228,
Quad,ADRR,0.000218,
Quick,ADRR,0.000296,
Tim,ADRR,0.000413,
Cape,ACAA,0.000029,
Quad,ACAA,0.000020,
Quick,ACAA,0.000179,
Tim,ACAA,0.000018,
Cape,ACAD,0.000068,
Quad,ACAD,0.000057,
Quick,ACAD,0.000209,
Tim,ACAD,0.000050,
Cape,ACAC,0.000029,
Quad,ACAC,0.000020,
Quick,ACAC,0.000180,
Tim,ACAC,0.000018,
Cape,ACAR,0.000111,
Quad,ACAR,0.000098,
Quick,ACAR,0.000236,
Tim,ACAR,0.000187,
Cape,ACDA,0.000104,
Quad,ACDA,0.000091,
Quick,ACDA,0.000219,
Tim,ACDA,0.000084,
Cape,ACDD,0.000073,
Quad,ACDD,0.000083,
Quick,ACDD,0.000200,
Tim,ACDD,0.000070,
Cape,ACDC,0.000099,
Quad,ACDC,0.000085,
Quick,ACDC,0.000230,
Tim,ACDC,0.000079,
Cape,ACDR,0.000173,
Quad,ACDR,0.000164,
Quick,ACDR,0.000288,
Tim,ACDR,0.000269,
Cape,ACCA,0.000033,
Quad,ACCA,0.000023,
Quick,ACCA,0.000208,
Tim,ACCA,0.000020,
Cape,ACCD,0.000076,
Quad,ACCD,0.000077,
Quick,ACCD,0.000223,
Tim,ACCD,0.000071,
Cape,ACCC,0.000024,
Quad,ACCC,0.000023,
Quick,ACCC,0.000209,
Tim,ACCC,0.000020,
Cape,ACCR,0.000138,
Quad,ACCR,0.000130,
Quick,ACCR,0.000263,
Tim,ACCR,0.000222,
Cape,ACRA,0.000134,
Quad,ACRA,0.000121,
Quick,ACRA,0.000250,
Tim,ACRA,0.000220,
Cape,ACRD,0.000142,
Quad,ACRD,0.000135,
Quick,ACRD,0.000244,
Tim,ACRD,0.000228,
Cape,ACRC,0.000126,
Quad,ACRC,0.000114,
Quick,ACRC,0.000232,
Tim,ACRC,0.000203,
Cape,ACRR,0.000185,
Quad,ACRR,0.000176,
Quick,ACRR,0.000273,
Tim,ACRR,0.000361,
Cape,ARAA,0.000121,
Quad,ARAA,0.000107,
Quick,ARAA,0.000223,
Tim,ARAA,0.000191,
Cape,ARAD,0.000156,
Quad,ARAD,0.000144,
Quick,ARAD,0.000243,
Tim,ARAD,0.000223,
Cape,ARAC,0.000124,
Quad,ARAC,0.000112,
Quick,ARAC,0.000231,
Tim,ARAC,0.000196,
Cape,ARAR,0.000200,
Quad,ARAR,0.000188,
Quick,ARAR,0.000279,
Tim,ARAR,0.000356,
Cape,ARDA,0.000190,
Quad,ARDA,0.000180,
Quick,ARDA,0.000282,
Tim,ARDA,0.000260,
Cape,ARDD,0.000169,
Quad,ARDD,0.000161,
Quick,ARDD,0.000252,
Tim,ARDD,0.000232,
Cape,ARDC,0.000160,
Quad,ARDC,0.000154,
Quick,ARDC,0.000249,
Tim,ARDC,0.000233,
Cape,ARDR,0.000235,
Quad,ARDR,0.000221,
Quick,ARDR,0.000300,
Tim,ARDR,0.000407,
Cape,ARCA,0.000129,
Quad,ARCA,0.000116,
Quick,ARCA,0.000236,
Tim,ARCA,0.000194,
Cape,ARCD,0.000160,
Quad,ARCD,0.000153,
Quick,ARCD,0.000252,
Tim,ARCD,0.000242,
Cape,ARCC,0.000134,
Quad,ARCC,0.000124,
Quick,ARCC,0.000243,
Tim,ARCC,0.000198,
Cape,ARCR,0.000203,
Quad,ARCR,0.000191,
Quick,ARCR,0.000281,
Tim,ARCR,0.000359,
Cape,ARRA,0.000205,
Quad,ARRA,0.000191,
Quick,ARRA,0.000278,
Tim,ARRA,0.000357,
Cape,ARRD,0.000239,
Quad,ARRD,0.000229,
Quick,ARRD,0.000313,
Tim,ARRD,0.000408,
Cape,ARRC,0.000205,
Quad,ARRC,0.000192,
Quick,ARRC,0.000287,
Tim,ARRC,0.000360,
Cape,ARRR,0.000272,
Quad,ARRR,0.000258,
Quick,ARRR,0.000323,
Tim,ARRR,0.000532,
Cape,DAAA,0.000047,
Quad,DAAA,0.000069,
Quick,DAAA,0.000194,
Tim,DAAA,0.000043,
Cape,DAAD,0.000114,
Quad,DAAD,0.000103,
Quick,DAAD,0.000212,
Tim,DAAD,0.000074,
Cape,DAAC,0.000046,
Quad,DAAC,0.000069,
Quick,DAAC,0.000193,
Tim,DAAC,0.000042,
Cape,DAAR,0.000163,
Quad,DAAR,0.000149,
Quick,DAAR,0.000251,
Tim,DAAR,0.000219,
Cape,DADA,0.000149,
Quad,DADA,0.000138,
Quick,DADA,0.000250,
Tim,DADA,0.000129,
Cape,DADD,0.000138,
Quad,DADD,0.000126,
Quick,DADD,0.000228,
Tim,DADD,0.000133,
Cape,DADC,0.000127,
Quad,DADC,0.000116,
Quick,DADC,0.000225,
Tim,DADC,0.000109,
Cape,DADR,0.000196,
Quad,DADR,0.000188,
Quick,DADR,0.000277,
Tim,DADR,0.000289,
Cape,DACA,0.000084,
Quad,DACA,0.000073,
Quick,DACA,0.000201,
Tim,DACA,0.000052,
Cape,DACD,0.000129,
Quad,DACD,0.000117,
Quick,DACD,0.000231,
Tim,DACD,0.000106,
Cape,DACC,0.000062,
Quad,DACC,0.000081,
Quick,DACC,0.000204,
Tim,DACC,0.000059,
Cape,DACR,0.000176,
Quad,DACR,0.000167,
Quick,DACR,0.000271,
Tim,DACR,0.000243,
Cape,DARA,0.000163,
Quad,DARA,0.000150,
Quick,DARA,0.000252,
Tim,DARA,0.000231,
Cape,DARD,0.000203,
Quad,DARD,0.000186,
Quick,DARD,0.000275,
Tim,DARD,0.000261,
Cape,DARC,0.000191,
Quad,DARC,0.000179,
Quick,DARC,0.000287,
Tim,DARC,0.000246,
Cape,DARR,0.000266,
Quad,DARR,0.000249,
Quick,DARR,0.000335,
Tim,DARR,0.000421,
Cape,DDAA,0.000067,
Quad,DDAA,0.000095,
Quick,DDAA,0.000213,
Tim,DDAA,0.000064,
Cape,DDAD,0.000141,
Quad,DDAD,0.000129,
Quick,DDAD,0.000237,
Tim,DDAD,0.000099,
Cape,DDAC,0.000058,
Quad,DDAC,0.000084,
Quick,DDAC,0.000201,
Tim,DDAC,0.000055,
Cape,DDAR,0.000173,
Quad,DDAR,0.000163,
Quick,DDAR,0.000257,
Tim,DDAR,0.000232,
Cape,DDDA,0.000068,
Quad,DDDA,0.000109,
Quick,DDDA,0.000217,
Tim,DDDA,0.000064,
Cape,DDDD,0.000061,
Quad,DDDD,0.000101,
Quick,DDDD,0.000206,
Tim,DDDD,0.000060,
Cape,DDDC,0.000058,
Quad,DDDC,0.000091,
Quick,DDDC,0.000191,
Tim,DDDC,0.000054,
Cape,DDDR,0.000223,
Quad,DDDR,0.000158,
Quick,DDDR,0.000243,
Tim,DDDR,0.000224,
Cape,DDCA,0.000062,
Quad,DDCA,0.000088,
Quick,DDCA,0.000209,
Tim,DDCA,0.000058,
Cape,DDCD,0.000115,
Quad,DDCD,0.000106,
Quick,DDCD,0.000211,
Tim,DDCD,0.000080,
Cape,DDCC,0.000052,
Quad,DDCC,0.000071,
Quick,DDCC,0.000186,
Tim,DDCC,0.000050,
Cape,DDCR,0.000155,
Quad,DDCR,0.000148,
Quick,DDCR,0.000236,
Tim,DDCR,0.000222,
Cape,DDRA,0.000168,
Quad,DDRA,0.000159,
Quick,DDRA,0.000250,
Tim,DDRA,0.000231,
Cape,DDRD,0.000174,
Quad,DDRD,0.000160,
Quick,DDRD,0.000238,
Tim,DDRD,0.000236,
Cape,DDRC,0.000164,
Quad,DDRC,0.000158,
Quick,DDRC,0.000252,
Tim,DDRC,0.000235,
Cape,DDRR,0.000254,
Quad,DDRR,0.000237,
Quick,DDRR,0.000314,
Tim,DDRR,0.000440,
Cape,DCAA,0.000053,
Quad,DCAA,0.000069,
Quick,DCAA,0.000194,
Tim,DCAA,0.000051,
Cape,DCAD,0.000123,
Quad,DCAD,0.000113,
Quick,DCAD,0.000224,
Tim,DCAD,0.000095,
Cape,DCAC,0.000081,
Quad,DCAC,0.000072,
Quick,DCAC,0.000203,
Tim,DCAC,0.000054,
Cape,DCAR,0.000182,
Quad,DCAR,0.000175,
Quick,DCAR,0.000290,
Tim,DCAR,0.000248,
Cape,DCDA,0.000108,
Quad,DCDA,0.000098,
Quick,DCDA,0.000214,
Tim,DCDA,0.000101,
Cape,DCDD,0.000102,
Quad,DCDD,0.000094,
Quick,DCDD,0.000201,
Tim,DCDD,0.000115,
Cape,DCDC,0.000093,
Quad,DCDC,0.000083,
Quick,DCDC,0.000197,
Tim,DCDC,0.000094,
Cape,DCDR,0.000157,
Quad,DCDR,0.000145,
Quick,DCDR,0.000238,
Tim,DCDR,0.000262,
Cape,DCCA,0.000065,
Quad,DCCA,0.000080,
Quick,DCCA,0.000206,
Tim,DCCA,0.000063,
Cape,DCCD,0.000097,
Quad,DCCD,0.000087,
Quick,DCCD,0.000193,
Tim,DCCD,0.000082,
Cape,DCCC,0.000056,
Quad,DCCC,0.000068,
Quick,DCCC,0.000190,
Tim,DCCC,0.000054,
Cape,DCCR,0.000147,
Quad,DCCR,0.000144,
Quick,DCCR,0.000237,
Tim,DCCR,0.000229,
Cape,DCRA,0.000157,
Quad,DCRA,0.000148,
Quick,DCRA,0.000248,
Tim,DCRA,0.000232,
Cape,DCRD,0.000169,
Quad,DCRD,0.000158,
Quick,DCRD,0.000250,
Tim,DCRD,0.000242,
Cape,DCRC,0.000155,
Quad,DCRC,0.000142,
Quick,DCRC,0.000238,
Tim,DCRC,0.000225,
Cape,DCRR,0.000214,
Quad,DCRR,0.000207,
Quick,DCRR,0.000279,
Tim,DCRR,0.000388,
Cape,DRAA,0.000146,
Quad,DRAA,0.000137,
Quick,DRAA,0.000247,
Tim,DRAA,0.000230,
Cape,DRAD,0.000203,
Quad,DRAD,0.000186,
Quick,DRAD,0.000284,
Tim,DRAD,0.000291,
Cape,DRAC,0.000153,
Quad,DRAC,0.000140,
Quick,DRAC,0.000256,
Tim,DRAC,0.000232,
Cape,DRAR,0.000228,
Quad,DRAR,0.000216,
Quick,DRAR,0.000299,
Tim,DRAR,0.000397,
Cape,DRDA,0.000181,
Quad,DRDA,0.000172,
Quick,DRDA,0.000259,
Tim,DRDA,0.000257,
Cape,DRDD,0.000182,
Quad,DRDD,0.000171,
Quick,DRDD,0.000250,
Tim,DRDD,0.000288,
Cape,DRDC,0.000165,
Quad,DRDC,0.000152,
Quick,DRDC,0.000242,
Tim,DRDC,0.000257,
Cape,DRDR,0.000227,
Quad,DRDR,0.000213,
Quick,DRDR,0.000281,
Tim,DRDR,0.000418,
Cape,DRCA,0.000155,
Quad,DRCA,0.000146,
Quick,DRCA,0.000257,
Tim,DRCA,0.000247,
Cape,DRCD,0.000163,
Quad,DRCD,0.000151,
Quick,DRCD,0.000242,
Tim,DRCD,0.000259,
Cape,DRCC,0.000135,
Quad,DRCC,0.000127,
Quick,DRCC,0.000236,
Tim,DRCC,0.000263,
Cape,DRCR,0.000225,
Quad,DRCR,0.000210,
Quick,DRCR,0.000288,
Tim,DRCR,0.000403,
Cape,DRRA,0.000241,
Quad,DRRA,0.000225,
Quick,DRRA,0.000306,
Tim,DRRA,0.000427,
Cape,DRRD,0.000240,
Quad,DRRD,0.000227,
Quick,DRRD,0.000291,
Tim,DRRD,0.000430,
Cape,DRRC,0.000217,
Quad,DRRC,0.000209,
Quick,DRRC,0.000281,
Tim,DRRC,0.000405,
Cape,DRRR,0.000308,
Quad,DRRR,0.000296,
Quick,DRRR,0.000352,
Tim,DRRR,0.000617,
Cape,CAAA,0.000025,
Quad,CAAA,0.000024,
Quick,CAAA,0.000211,
Tim,CAAA,0.000021,
Cape,CAAD,0.000060,
Quad,CAAD,0.000085,
Quick,CAAD,0.000230,
Tim,CAAD,0.000055,
Cape,CAAC,0.000035,
Quad,CAAC,0.000024,
Quick,CAAC,0.000213,
Tim,CAAC,0.000021,
Cape,CAAR,0.000125,
Quad,CAAR,0.000112,
Quick,CAAR,0.000263,
Tim,CAAR,0.000213,
Cape,CADA,0.000119,
Quad,CADA,0.000102,
Quick,CADA,0.000251,
Tim,CADA,0.000087,
Cape,CADD,0.000074,
Quad,CADD,0.000089,
Quick,CADD,0.000209,
Tim,CADD,0.000070,
Cape,CADC,0.000088,
Quad,CADC,0.000076,
Quick,CADC,0.000201,
Tim,CADC,0.000059,
Cape,CADR,0.000151,
Quad,CADR,0.000143,
Quick,CADR,0.000248,
Tim,CADR,0.000228,
Cape,CACA,0.000028,
Quad,CACA,0.000019,
Quick,CACA,0.000178,
Tim,CACA,0.000018,
Cape,CACD,0.000076,
Quad,CACD,0.000067,
Quick,CACD,0.000194,
Tim,CACD,0.000055,
Cape,CACC,0.000028,
Quad,CACC,0.000019,
Quick,CACC,0.000178,
Tim,CACC,0.000017,
Cape,CACR,0.000129,
Quad,CACR,0.000117,
Quick,CACR,0.000238,
Tim,CACR,0.000194,
Cape,CARA,0.000129,
Quad,CARA,0.000118,
Quick,CARA,0.000239,
Tim,CARA,0.000209,
Cape,CARD,0.000150,
Quad,CARD,0.000144,
Quick,CARD,0.000258,
Tim,CARD,0.000247,
Cape,CARC,0.000130,
Quad,CARC,0.000117,
Quick,CARC,0.000237,
Tim,CARC,0.000202,
Cape,CARR,0.000204,
Quad,CARR,0.000192,
Quick,CARR,0.000295,
Tim,CARR,0.000387,
Cape,CDAA,0.000074,
Quad,CDAA,0.000069,
Quick,CDAA,0.000200,
Tim,CDAA,0.000072,
Cape,CDAD,0.000121,
Quad,CDAD,0.000110,
Quick,CDAD,0.000226,
Tim,CDAD,0.000120,
Cape,CDAC,0.000076,
Quad,CDAC,0.000065,
Quick,CDAC,0.000194,
Tim,CDAC,0.000068,
Cape,CDAR,0.000154,
Quad,CDAR,0.000146,
Quick,CDAR,0.000248,
Tim,CDAR,0.000245,
Cape,CDDA,0.000084,
Quad,CDDA,0.000092,
Quick,CDDA,0.000198,
Tim,CDDA,0.000079,
Cape,CDDD,0.000084,
Quad,CDDD,0.000088,
Quick,CDDD,0.000191,
Tim,CDDD,0.000080,
Cape,CDDC,0.000093,
Quad,CDDC,0.000078,
Quick,CDDC,0.000190,
Tim,CDDC,0.000077,
Cape,CDDR,0.000148,
Quad,CDDR,0.000141,
Quick,CDDR,0.000235,
Tim,CDDR,0.000242,
Cape,CDCA,0.000087,
Quad,CDCA,0.000075,
Quick,CDCA,0.000215,
Tim,CDCA,0.000094,
Cape,CDCD,0.000091,
Quad,CDCD,0.000081,
Quick,CDCD,0.000192,
Tim,CDCD,0.000097,
Cape,CDCC,0.000067,
Quad,CDCC,0.000057,
Quick,CDCC,0.000183,
Tim,CDCC,0.000092,
Cape,CDCR,0.000149,
Quad,CDCR,0.000134,
Quick,CDCR,0.000232,
Tim,CDCR,0.000247,
Cape,CDRA,0.000160,
Quad,CDRA,0.000151,
Quick,CDRA,0.000254,
Tim,CDRA,0.000262,
Cape,CDRD,0.000160,
Quad,CDRD,0.000148,
Quick,CDRD,0.000236,
Tim,CDRD,0.000255,
Cape,CDRC,0.000146,
Quad,CDRC,0.000133,
Quick,CDRC,0.000231,
Tim,CDRC,0.000244,
Cape,CDRR,0.000211,
Quad,CDRR,0.000198,
Quick,CDRR,0.000276,
Tim,CDRR,0.000395,
Cape,CCAA,0.000023,
Quad,CCAA,0.000019,
Quick,CCAA,0.000178,
Tim,CCAA,0.000018,
Cape,CCAD,0.000064,
Quad,CCAD,0.000069,
Quick,CCAD,0.000195,
Tim,CCAD,0.000061,
Cape,CCAC,0.000028,
Quad,CCAC,0.000019,
Quick,CCAC,0.000178,
Tim,CCAC,0.000017,
Cape,CCAR,0.000107,
Quad,CCAR,0.000099,
Quick,CCAR,0.000234,
Tim,CCAR,0.000192,
Cape,CCDA,0.000069,
Quad,CCDA,0.000080,
Quick,CCDA,0.000212,
Tim,CCDA,0.000067,
Cape,CCDD,0.000066,
Quad,CCDD,0.000065,
Quick,CCDD,0.000186,
Tim,CCDD,0.000063,
Cape,CCDC,0.000063,
Quad,CCDC,0.000054,
Quick,CCDC,0.000181,
Tim,CCDC,0.000059,
Cape,CCDR,0.000126,
Quad,CCDR,0.000118,
Quick,CCDR,0.000229,
Tim,CCDR,0.000227,
Cape,CCCA,0.000019,
Quad,CCCA,0.000019,
Quick,CCCA,0.000179,
Tim,CCCA,0.000017,
Cape,CCCD,0.000056,
Quad,CCCD,0.000059,
Quick,CCCD,0.000187,
Tim,CCCD,0.000055,
Cape,CCCC,0.000019,
Quad,CCCC,0.000019,
Quick,CCCC,0.000177,
Tim,CCCC,0.000017,
Cape,CCCR,0.000119,
Quad,CCCR,0.000113,
Quick,CCCR,0.000231,
Tim,CCCR,0.000203,
Cape,CCRA,0.000128,
Quad,CCRA,0.000120,
Quick,CCRA,0.000249,
Tim,CCRA,0.000232,
Cape,CCRD,0.000137,
Quad,CCRD,0.000131,
Quick,CCRD,0.000237,
Tim,CCRD,0.000227,
Cape,CCRC,0.000127,
Quad,CCRC,0.000115,
Quick,CCRC,0.000232,
Tim,CCRC,0.000211,
Cape,CCRR,0.000183,
Quad,CCRR,0.000172,
Quick,CCRR,0.000268,
Tim,CCRR,0.000357,
Cape,CRAA,0.000119,
Quad,CRAA,0.000112,
Quick,CRAA,0.000226,
Tim,CRAA,0.000212,
Cape,CRAD,0.000154,
Quad,CRAD,0.000146,
Quick,CRAD,0.000246,
Tim,CRAD,0.000249,
Cape,CRAC,0.000122,
Quad,CRAC,0.000110,
Quick,CRAC,0.000227,
Tim,CRAC,0.000214,
Cape,CRAR,0.000201,
Quad,CRAR,0.000186,
Quick,CRAR,0.000272,
Tim,CRAR,0.000378,
Cape,CRDA,0.000160,
Quad,CRDA,0.000153,
Quick,CRDA,0.000250,
Tim,CRDA,0.000240,
Cape,CRDD,0.000164,
Quad,CRDD,0.000157,
Quick,CRDD,0.000253,
Tim,CRDD,0.000251,
Cape,CRDC,0.000157,
Quad,CRDC,0.000143,
Quick,CRDC,0.000237,
Tim,CRDC,0.000225,
Cape,CRDR,0.000225,
Quad,CRDR,0.000209,
Quick,CRDR,0.000285,
Tim,CRDR,0.000387,
Cape,CRCA,0.000106,
Quad,CRCA,0.000093,
Quick,CRCA,0.000223,
Tim,CRCA,0.000194,
Cape,CRCD,0.000147,
Quad,CRCD,0.000133,
Quick,CRCD,0.000233,
Tim,CRCD,0.000231,
Cape,CRCC,0.000105,
Quad,CRCC,0.000093,
Quick,CRCC,0.000224,
Tim,CRCC,0.000194,
Cape,CRCR,0.000203,
Quad,CRCR,0.000189,
Quick,CRCR,0.000277,
Tim,CRCR,0.000375,
Cape,CRRA,0.000198,
Quad,CRRA,0.000187,
Quick,CRRA,0.000272,
Tim,CRRA,0.000370,
Cape,CRRD,0.000217,
Quad,CRRD,0.000205,
Quick,CRRD,0.000282,
Tim,CRRD,0.000384,
Cape,CRRC,0.000204,
Quad,CRRC,0.000192,
Quick,CRRC,0.000277,
Tim,CRRC,0.000371,
Cape,CRRR,0.000267,
Quad,CRRR,0.000255,
Quick,CRRR,0.000321,
Tim,CRRR,0.000529,
Cape,RAAA,0.000104,
Quad,RAAA,0.000096,
Quick,RAAA,0.000230,
Tim,RAAA,0.000176,
Cape,RAAD,0.000144,
Quad,RAAD,0.000132,
Quick,RAAD,0.000247,
Tim,RAAD,0.000211,
Cape,RAAC,0.000105,
Quad,RAAC,0.000096,
Quick,RAAC,0.000234,
Tim,RAAC,0.000182,
Cape,RAAR,0.000180,
Quad,RAAR,0.000167,
Quick,RAAR,0.000269,
Tim,RAAR,0.000335,
Cape,RADA,0.000180,
Quad,RADA,0.000169,
Quick,RADA,0.000267,
Tim,RADA,0.000233,
Cape,RADD,0.000170,
Quad,RADD,0.000161,
Quick,RADD,0.000254,
Tim,RADD,0.000230,
Cape,RADC,0.000159,
Quad,RADC,0.000152,
Quick,RADC,0.000246,
Tim,RADC,0.000216,
Cape,RADR,0.000228,
Quad,RADR,0.000216,
Quick,RADR,0.000288,
Tim,RADR,0.000387,
Cape,RACA,0.000106,
Quad,RACA,0.000095,
Quick,RACA,0.000226,
Tim,RACA,0.000173,
Cape,RACD,0.000152,
Quad,RACD,0.000143,
Quick,RACD,0.000247,
Tim,RACD,0.000212,
Cape,RACC,0.000098,
Quad,RACC,0.000093,
Quick,RACC,0.000223,
Tim,RACC,0.000170,
Cape,RACR,0.000199,
Quad,RACR,0.000188,
Quick,RACR,0.000274,
Tim,RACR,0.000349,
Cape,RARA,0.000198,
Quad,RARA,0.000186,
Quick,RARA,0.000270,
Tim,RARA,0.000359,
Cape,RARD,0.000225,
Quad,RARD,0.000212,
Quick,RARD,0.000288,
Tim,RARD,0.000389,
Cape,RARC,0.000202,
Quad,RARC,0.000189,
Quick,RARC,0.000273,
Tim,RARC,0.000359,
Cape,RARR,0.000263,
Quad,RARR,0.000251,
Quick,RARR,0.000313,
Tim,RARR,0.000512,
Cape,RDAA,0.000148,
Quad,RDAA,0.000139,
Quick,RDAA,0.000248,
Tim,RDAA,0.000266,
Cape,RDAD,0.000193,
Quad,RDAD,0.000182,
Quick,RDAD,0.000273,
Tim,RDAD,0.000304,
Cape,RDAC,0.000148,
Quad,RDAC,0.000139,
Quick,RDAC,0.000247,
Tim,RDAC,0.000265,
Cape,RDAR,0.000227,
Quad,RDAR,0.000214,
Quick,RDAR,0.000291,
Tim,RDAR,0.000424,
Cape,RDDA,0.000175,
Quad,RDDA,0.000165,
Quick,RDDA,0.000253,
Tim,RDDA,0.000322,
Cape,RDDD,0.000167,
Quad,RDDD,0.000160,
Quick,RDDD,0.000241,
Tim,RDDD,0.000364,
Cape,RDDC,0.000152,
Quad,RDDC,0.000147,
Quick,RDDC,0.000241,
Tim,RDDC,0.000313,
Cape,RDDR,0.000220,
Quad,RDDR,0.000208,
Quick,RDDR,0.000281,
Tim,RDDR,0.000476,
Cape,RDCA,0.000151,
Quad,RDCA,0.000143,
Quick,RDCA,0.000252,
Tim,RDCA,0.000272,
Cape,RDCD,0.000160,
Quad,RDCD,0.000147,
Quick,RDCD,0.000237,
Tim,RDCD,0.000278,
Cape,RDCC,0.000132,
Quad,RDCC,0.000125,
Quick,RDCC,0.000230,
Tim,RDCC,0.000255,
Cape,RDCR,0.000215,
Quad,RDCR,0.000200,
Quick,RDCR,0.000276,
Tim,RDCR,0.000421,
Cape,RDRA,0.000228,
Quad,RDRA,0.000214,
Quick,RDRA,0.000296,
Tim,RDRA,0.000435,
Cape,RDRD,0.000234,
Quad,RDRD,0.000219,
Quick,RDRD,0.000293,
Tim,RDRD,0.000447,
Cape,RDRC,0.000216,
Quad,RDRC,0.000202,
Quick,RDRC,0.000275,
Tim,RDRC,0.000439,
Cape,RDRR,0.000281,
Quad,RDRR,0.000272,
Quick,RDRR,0.000321,
Tim,RDRR,0.000607,
Cape,RCAA,0.000118,
Quad,RCAA,0.000109,
Quick,RCAA,0.000226,
Tim,RCAA,0.000225,
Cape,RCAD,0.000154,
Quad,RCAD,0.000146,
Quick,RCAD,0.000245,
Tim,RCAD,0.000274,
Cape,RCAC,0.000132,
Quad,RCAC,0.000118,
Quick,RCAC,0.000237,
Tim,RCAC,0.000241,
Cape,RCAR,0.000199,
Quad,RCAR,0.000187,
Quick,RCAR,0.000271,
Tim,RCAR,0.000392,
Cape,RCDA,0.000160,
Quad,RCDA,0.000153,
Quick,RCDA,0.000252,
Tim,RCDA,0.000281,
Cape,RCDD,0.000169,
Quad,RCDD,0.000161,
Quick,RCDD,0.000256,
Tim,RCDD,0.000295,
Cape,RCDC,0.000150,
Quad,RCDC,0.000137,
Quick,RCDC,0.000229,
Tim,RCDC,0.000269,
Cape,RCDR,0.000215,
Quad,RCDR,0.000201,
Quick,RCDR,0.000275,
Tim,RCDR,0.000431,
Cape,RCCA,0.000123,
Quad,RCCA,0.000115,
Quick,RCCA,0.000237,
Tim,RCCA,0.000268,
Cape,RCCD,0.000156,
Quad,RCCD,0.000150,
Quick,RCCD,0.000254,
Tim,RCCD,0.000316,
Cape,RCCC,0.000128,
Quad,RCCC,0.000120,
Quick,RCCC,0.000238,
Tim,RCCC,0.000311,
Cape,RCCR,0.000214,
Quad,RCCR,0.000202,
Quick,RCCR,0.000291,
Tim,RCCR,0.000462,
Cape,RCRA,0.000216,
Quad,RCRA,0.000199,
Quick,RCRA,0.000289,
Tim,RCRA,0.000440,
Cape,RCRD,0.000224,
Quad,RCRD,0.000209,
Quick,RCRD,0.000285,
Tim,RCRD,0.000430,
Cape,RCRC,0.000209,
Quad,RCRC,0.000195,
Quick,RCRC,0.000279,
Tim,RCRC,0.000421,
Cape,RCRR,0.000276,
Quad,RCRR,0.000263,
Quick,RCRR,0.000323,
Tim,RCRR,0.000581,
Cape,RRAA,0.000189,
Quad,RRAA,0.000174,
Quick,RRAA,0.000274,
Tim,RRAA,0.000356,
Cape,RRAD,0.000219,
Quad,RRAD,0.000209,
Quick,RRAD,0.000288,
Tim,RRAD,0.000406,
Cape,RRAC,0.000184,
Quad,RRAC,0.000174,
Quick,RRAC,0.000270,
Tim,RRAC,0.000363,
Cape,RRAR,0.000265,
Quad,RRAR,0.000249,
Quick,RRAR,0.000316,
Tim,RRAR,0.000527,
Cape,RRDA,0.000223,
Quad,RRDA,0.000210,
Quick,RRDA,0.000287,
Tim,RRDA,0.000454,
Cape,RRDD,0.000220,
Quad,RRDD,0.000208,
Quick,RRDD,0.000275,
Tim,RRDD,0.000507,
Cape,RRDC,0.000210,
Quad,RRDC,0.000198,
Quick,RRDC,0.000271,
Tim,RRDC,0.000445,
Cape,RRDR,0.000278,
Quad,RRDR,0.000267,
Quick,RRDR,0.000322,
Tim,RRDR,0.000623,
Cape,RRCA,0.000220,
Quad,RRCA,0.000204,
Quick,RRCA,0.000321,
Tim,RRCA,0.000487,
Cape,RRCD,0.000256,
Quad,RRCD,0.000237,
Quick,RRCD,0.000326,
Tim,RRCD,0.000508,
Cape,RRCC,0.000224,
Quad,RRCC,0.000210,
Quick,RRCC,0.000317,
Tim,RRCC,0.000515,
Cape,RRCR,0.000279,
Quad,RRCR,0.000261,
Quick,RRCR,0.000327,
Tim,RRCR,0.000591,
Cape,RRRA,0.000272,
Quad,RRRA,0.000257,
Quick,RRRA,0.000325,
Tim,RRRA,0.000549,
Cape,RRRD,0.000292,
Quad,RRRD,0.000276,
Quick,RRRD,0.000335,
Tim,RRRD,0.000615,
Cape,RRRC,0.000281,
Quad,RRRC,0.000268,
Quick,RRRC,0.000338,
Tim,RRRC,0.000612,
Cape,RRRR,0.000349,
Quad,RRRR,0.000333,
Quick,RRRR,0.000378,
Tim,RRRR,0.000718,
