Sorts,Sequence,Time,
Quad,AAAAAA,0.002744,
Quad,AAAAAC,0.002530,
Quad,AAAAAD,0.002950,
Quad,AAAAAR,0.003533,
Quad,AAAACA,0.002518,
Quad,AAAACC,0.002228,
Tim,AAAACD,0.002910,
Quad,AAAACR,0.003296,
Quad,AAAADA,0.003175,
Quad,AAAADC,0.003199,
Quad,AAAADD,0.003153,
Quad,AAAADR,0.003994,
Quad,AAAARA,0.003533,
Quad,AAAARC,0.003363,
Quad,AAAARD,0.003815,
Quad,AAAARR,0.004345,
Quad,AAACAA,0.002456,
Quad,AAACAC,0.002248,
Quad,AAACAD,0.002703,
Quad,AAACAR,0.003413,
Quad,AAACCA,0.002292,
Quad,AAACCC,0.002058,
Quad,AAACCD,0.002523,
Quad,AAACCR,0.003392,
Quad,AAACDA,0.002884,
Quad,AAACDC,0.002709,
Quad,AAACDD,0.003126,
Quad,AAACDR,0.003582,
Quad,AAACRA,0.003548,
Quad,AAACRC,0.003223,
Quad,AAACRD,0.003820,
Quad,AAACRR,0.004320,
Quad,AAADAA,0.002735,
Quad,AAADAC,0.002545,
Tim,AAADAD,0.003163,
Quad,AAADAR,0.004082,
Quad,AAADCA,0.002521,
Quad,AAADCC,0.002438,
Quad,AAADCD,0.002952,
Quad,AAADCR,0.003630,
Quad,AAADDA,0.003311,
Tim,AAADDC,0.003170,
Tim,AAADDD,0.003130,
Quad,AAADDR,0.004056,
Quad,AAADRA,0.003685,
Quad,AAADRC,0.003451,
Quad,AAADRD,0.004046,
Quad,AAADRR,0.004559,
Quad,AAARAA,0.003956,
Quad,AAARAC,0.003602,
Quad,AAARAD,0.003831,
Quad,AAARAR,0.004656,
Quad,AAARCA,0.003422,
Quad,AAARCC,0.003307,
Quad,AAARCD,0.003621,
Quad,AAARCR,0.004648,
Quad,AAARDA,0.003924,
Quad,AAARDC,0.003833,
Quad,AAARDD,0.004299,
Quad,AAARDR,0.004758,
Quad,AAARRA,0.004733,
Quad,AAARRC,0.004414,
Quad,AAARRD,0.004609,
Quad,AAARRR,0.005430,
Quad,AACAAA,0.002824,
Quad,AACAAC,0.002260,
Tim,AACAAD,0.002941,
Quad,AACAAR,0.003814,
Quad,AACACA,0.002203,
Tim,AACACC,0.002310,
Quad,AACACD,0.002555,
Quad,AACACR,0.003204,
Quad,AACADA,0.002646,
Quad,AACADC,0.002381,
Quad,AACADD,0.003088,
Quad,AACADR,0.003671,
Quad,AACARA,0.003380,
Quad,AACARC,0.003277,
Quad,AACARD,0.003503,
Quad,AACARR,0.004296,
Quad,AACCAA,0.002614,
Quad,AACCAC,0.002165,
Quad,AACCAD,0.002474,
Quad,AACCAR,0.003267,
Quad,AACCCA,0.002080,
Quad,AACCCC,0.001745,
Quad,AACCCD,0.002552,
Quad,AACCCR,0.003093,
Quad,AACCDA,0.002524,
Quad,AACCDC,0.002256,
Tim,AACCDD,0.002918,
Quad,AACCDR,0.003374,
Quad,AACCRA,0.003157,
Quad,AACCRC,0.003128,
Quad,AACCRD,0.003370,
Quad,AACCRR,0.004131,
Quad,AACDAA,0.002880,
Quad,AACDAC,0.002942,
Tim,AACDAD,0.003149,
Quad,AACDAR,0.003807,
Quad,AACDCA,0.002395,
Quad,AACDCC,0.002652,
Quad,AACDCD,0.002792,
Quad,AACDCR,0.003704,
Tim,AACDDA,0.002853,
Quad,AACDDC,0.002864,
Quad,AACDDD,0.003337,
Quad,AACDDR,0.003834,
Quad,AACDRA,0.003628,
Quad,AACDRC,0.003550,
Quad,AACDRD,0.003960,
Quad,AACDRR,0.004621,
Quad,AACRAA,0.003652,
Quad,AACRAC,0.003176,
Quad,AACRAD,0.003570,
Quad,AACRAR,0.004498,
Quad,AACRCA,0.003253,
Quad,AACRCC,0.003046,
Quad,AACRCD,0.003690,
Quad,AACRCR,0.004336,
Quad,AACRDA,0.003706,
Quad,AACRDC,0.003355,
Quad,AACRDD,0.004055,
Quad,AACRDR,0.004704,
Quad,AACRRA,0.004381,
Quad,AACRRC,0.004274,
Quad,AACRRD,0.004681,
Quad,AACRRR,0.005227,
Quad,AADAAA,0.003193,
Quad,AADAAC,0.002944,
Quad,AADAAD,0.003385,
Quad,AADAAR,0.003801,
Quad,AADACA,0.002678,
Quad,AADACC,0.002691,
Quad,AADACD,0.002898,
Quad,AADACR,0.003863,
Quad,AADADA,0.003347,
Quad,AADADC,0.003114,
Tim,AADADD,0.003666,
Quad,AADADR,0.004117,
Quad,AADARA,0.003616,
Quad,AADARC,0.003465,
Quad,AADARD,0.004132,
Quad,AADARR,0.004637,
Quad,AADCAA,0.002761,
Tim,AADCAC,0.002637,
Tim,AADCAD,0.002418,
Quad,AADCAR,0.003706,
Quad,AADCCA,0.002316,
Quad,AADCCC,0.002484,
Quad,AADCCD,0.002875,
Quad,AADCCR,0.003494,
Quad,AADCDA,0.003020,
Quad,AADCDC,0.002803,
Tim,AADCDD,0.002980,
Quad,AADCDR,0.004110,
Quad,AADCRA,0.003557,
Quad,AADCRC,0.003757,
Quad,AADCRD,0.004144,
Quad,AADCRR,0.004561,
Tim,AADDAA,0.003299,
Tim,AADDAC,0.003268,
Tim,AADDAD,0.003543,
Quad,AADDAR,0.004230,
Tim,AADDCA,0.002942,
Tim,AADDCC,0.002810,
Tim,AADDCD,0.003676,
Quad,AADDCR,0.003825,
Tim,AADDDA,0.003224,
Quad,AADDDC,0.003141,
Tim,AADDDD,0.004112,
Quad,AADDDR,0.004260,
Quad,AADDRA,0.003922,
Quad,AADDRC,0.004039,
Quad,AADDRD,0.004196,
Quad,AADDRR,0.004973,
Quad,AADRAA,0.003838,
Quad,AADRAC,0.003864,
Quad,AADRAD,0.004190,
Quad,AADRAR,0.004683,
Quad,AADRCA,0.003663,
Quad,AADRCC,0.003681,
Quad,AADRCD,0.004022,
Quad,AADRCR,0.004599,
Quad,AADRDA,0.004427,
Quad,AADRDC,0.003821,
Quad,AADRDD,0.004337,
Quad,AADRDR,0.005076,
Quad,AADRRA,0.004758,
Quad,AADRRC,0.004607,
Quad,AADRRD,0.004946,
Quad,AADRRR,0.005736,
Quad,AARAAA,0.003311,
Quad,AARAAC,0.003582,
Quad,AARAAD,0.003970,
Quad,AARAAR,0.004429,
Quad,AARACA,0.003400,
Quad,AARACC,0.003416,
Quad,AARACD,0.003900,
Quad,AARACR,0.004267,
Quad,AARADA,0.003966,
Quad,AARADC,0.003597,
Quad,AARADD,0.004065,
Quad,AARADR,0.004778,
Quad,AARARA,0.004417,
Quad,AARARC,0.004325,
Quad,AARARD,0.004596,
Quad,AARARR,0.005336,
Quad,AARCAA,0.003470,
Quad,AARCAC,0.003134,
Quad,AARCAD,0.003726,
Quad,AARCAR,0.004140,
Quad,AARCCA,0.003540,
Quad,AARCCC,0.003200,
Quad,AARCCD,0.003393,
Quad,AARCCR,0.004168,
Quad,AARCDA,0.003767,
Quad,AARCDC,0.003358,
Quad,AARCDD,0.003824,
Quad,AARCDR,0.004806,
Quad,AARCRA,0.004302,
Quad,AARCRC,0.004271,
Quad,AARCRD,0.004406,
Quad,AARCRR,0.005305,
Quad,AARDAA,0.003615,
Quad,AARDAC,0.004025,
Quad,AARDAD,0.003951,
Quad,AARDAR,0.004688,
Quad,AARDCA,0.003662,
Quad,AARDCC,0.003431,
Quad,AARDCD,0.003841,
Quad,AARDCR,0.004694,
Quad,AARDDA,0.003834,
Quad,AARDDC,0.003731,
Quad,AARDDD,0.004177,
Quad,AARDDR,0.005002,
Quad,AARDRA,0.004877,
Quad,AARDRC,0.004564,
Quad,AARDRD,0.004915,
Quad,AARDRR,0.005369,
Quad,AARRAA,0.004819,
Quad,AARRAC,0.004247,
Quad,AARRAD,0.004773,
Quad,AARRAR,0.005438,
Quad,AARRCA,0.004438,
Quad,AARRCC,0.004353,
Quad,AARRCD,0.004469,
Quad,AARRCR,0.005519,
Quad,AARRDA,0.004683,
Quad,AARRDC,0.004595,
Quad,AARRDD,0.004928,
Quad,AARRDR,0.005771,
Quad,AARRRA,0.005485,
Quad,AARRRC,0.005235,
Quad,AARRRD,0.005486,
Quad,AARRRR,0.006419,
Quad,ACAAAA,0.002568,
Quad,ACAAAC,0.002427,
Tim,ACAAAD,0.002438,
Quad,ACAAAR,0.003546,
Quad,ACAACA,0.002174,
Quad,ACAACC,0.002268,
Quad,ACAACD,0.002744,
Quad,ACAACR,0.003171,
Quad,ACAADA,0.002567,
Quad,ACAADC,0.002373,
Quad,ACAADD,0.002986,
Quad,ACAADR,0.003573,
Quad,ACAARA,0.003659,
Quad,ACAARC,0.003262,
Quad,ACAARD,0.003606,
Quad,ACAARR,0.004432,
Quad,ACACAA,0.002298,
Quad,ACACAC,0.002046,
Quad,ACACAD,0.002620,
Quad,ACACAR,0.003135,
Quad,ACACCA,0.002261,
Quad,ACACCC,0.002202,
Quad,ACACCD,0.002489,
Quad,ACACCR,0.003199,
Quad,ACACDA,0.002558,
Quad,ACACDC,0.002410,
Quad,ACACDD,0.002721,
Quad,ACACDR,0.003385,
Quad,ACACRA,0.003086,
Quad,ACACRC,0.003271,
Quad,ACACRD,0.003432,
Quad,ACACRR,0.004230,
Quad,ACADAA,0.002718,
Quad,ACADAC,0.002620,
Tim,ACADAD,0.002972,
Quad,ACADAR,0.003601,
Quad,ACADCA,0.002364,
Tim,ACADCC,0.002536,
Quad,ACADCD,0.002727,
Quad,ACADCR,0.003378,
Quad,ACADDA,0.002968,
Quad,ACADDC,0.002972,
Tim,ACADDD,0.003479,
Quad,ACADDR,0.003793,
Quad,ACADRA,0.003520,
Quad,ACADRC,0.003459,
Quad,ACADRD,0.003849,
Quad,ACADRR,0.004587,
Quad,ACARAA,0.003490,
Quad,ACARAC,0.003376,
Quad,ACARAD,0.003879,
Quad,ACARAR,0.004672,
Quad,ACARCA,0.003559,
Quad,ACARCC,0.003353,
Quad,ACARCD,0.003682,
Quad,ACARCR,0.004428,
Quad,ACARDA,0.003764,
Quad,ACARDC,0.003353,
Quad,ACARDD,0.004369,
Quad,ACARDR,0.004643,
Quad,ACARRA,0.004200,
Quad,ACARRC,0.004326,
Quad,ACARRD,0.004540,
Quad,ACARRR,0.005285,
Tim,ACCAAA,0.002387,
Quad,ACCAAC,0.002032,
Tim,ACCAAD,0.002341,
Quad,ACCAAR,0.002878,
Tim,ACCACA,0.002139,
Quad,ACCACC,0.002136,
Quad,ACCACD,0.002461,
Quad,ACCACR,0.003106,
Quad,ACCADA,0.002438,
Quad,ACCADC,0.002516,
Quad,ACCADD,0.002893,
Quad,ACCADR,0.003332,
Quad,ACCARA,0.003436,
Quad,ACCARC,0.003317,
Quad,ACCARD,0.003354,
Quad,ACCARR,0.004191,
Quad,ACCCAA,0.002668,
Tim,ACCCAC,0.001760,
Quad,ACCCAD,0.002554,
Quad,ACCCAR,0.003199,
Quad,ACCCCA,0.001745,
Quad,ACCCCC,0.001996,
Quad,ACCCCD,0.002508,
Quad,ACCCCR,0.003094,
Tim,ACCCDA,0.002189,
Quad,ACCCDC,0.002334,
Tim,ACCCDD,0.002475,
Quad,ACCCDR,0.003533,
Quad,ACCCRA,0.003168,
Quad,ACCCRC,0.003047,
Quad,ACCCRD,0.003456,
Quad,ACCCRR,0.004111,
Quad,ACCDAA,0.002453,
Quad,ACCDAC,0.002680,
Tim,ACCDAD,0.003217,
Quad,ACCDAR,0.003565,
Quad,ACCDCA,0.002479,
Quad,ACCDCC,0.002413,
Tim,ACCDCD,0.003117,
Quad,ACCDCR,0.003570,
Tim,ACCDDA,0.002949,
Quad,ACCDDC,0.002658,
Quad,ACCDDD,0.003050,
Quad,ACCDDR,0.003867,
Quad,ACCDRA,0.003611,
Quad,ACCDRC,0.003293,
Quad,ACCDRD,0.003921,
Quad,ACCDRR,0.004592,
Quad,ACCRAA,0.003158,
Quad,ACCRAC,0.003466,
Quad,ACCRAD,0.003654,
Quad,ACCRAR,0.004262,
Quad,ACCRCA,0.003337,
Quad,ACCRCC,0.003046,
Quad,ACCRCD,0.003596,
Quad,ACCRCR,0.004249,
Quad,ACCRDA,0.003487,
Quad,ACCRDC,0.003353,
Quad,ACCRDD,0.003962,
Quad,ACCRDR,0.004459,
Quad,ACCRRA,0.004383,
Quad,ACCRRC,0.004169,
Quad,ACCRRD,0.004374,
Quad,ACCRRR,0.005275,
Quad,ACDAAA,0.002668,
Quad,ACDAAC,0.002494,
Quad,ACDAAD,0.003152,
Quad,ACDAAR,0.004001,
Quad,ACDACA,0.002460,
Tim,ACDACC,0.001962,
Quad,ACDACD,0.003133,
Quad,ACDACR,0.003510,
Tim,ACDADA,0.003012,
Quad,ACDADC,0.002736,
Tim,ACDADD,0.003071,
Quad,ACDADR,0.004069,
Quad,ACDARA,0.003672,
Quad,ACDARC,0.003573,
Quad,ACDARD,0.004092,
Quad,ACDARR,0.004604,
Quad,ACDCAA,0.002727,
Quad,ACDCAC,0.002477,
Tim,ACDCAD,0.002923,
Quad,ACDCAR,0.003425,
Tim,ACDCCA,0.002336,
Quad,ACDCCC,0.002450,
Quad,ACDCCD,0.003058,
Quad,ACDCCR,0.003554,
Quad,ACDCDA,0.002823,
Quad,ACDCDC,0.002922,
Tim,ACDCDD,0.003577,
Quad,ACDCDR,0.003956,
Quad,ACDCRA,0.003477,
Quad,ACDCRC,0.003335,
Quad,ACDCRD,0.004068,
Quad,ACDCRR,0.004549,
Tim,ACDDAA,0.003254,
Quad,ACDDAC,0.002950,
Quad,ACDDAD,0.003206,
Quad,ACDDAR,0.004092,
Tim,ACDDCA,0.002460,
Tim,ACDDCC,0.002776,
Tim,ACDDCD,0.003518,
Quad,ACDDCR,0.003901,
Tim,ACDDDA,0.002943,
Tim,ACDDDC,0.002990,
Tim,ACDDDD,0.003647,
Quad,ACDDDR,0.004231,
Quad,ACDDRA,0.003821,
Quad,ACDDRC,0.003974,
Quad,ACDDRD,0.004593,
Quad,ACDDRR,0.004962,
Quad,ACDRAA,0.003740,
Quad,ACDRAC,0.003541,
Quad,ACDRAD,0.004210,
Quad,ACDRAR,0.004734,
Quad,ACDRCA,0.003763,
Quad,ACDRCC,0.003698,
Quad,ACDRCD,0.003931,
Quad,ACDRCR,0.004610,
Quad,ACDRDA,0.004341,
Quad,ACDRDC,0.003984,
Quad,ACDRDD,0.004578,
Quad,ACDRDR,0.004820,
Quad,ACDRRA,0.004688,
Quad,ACDRRC,0.004628,
Quad,ACDRRD,0.005213,
Quad,ACDRRR,0.005733,
Quad,ACRAAA,0.003438,
Quad,ACRAAC,0.003277,
Quad,ACRAAD,0.003479,
Quad,ACRAAR,0.004407,
Quad,ACRACA,0.003167,
Quad,ACRACC,0.002987,
Quad,ACRACD,0.003561,
Quad,ACRACR,0.004454,
Quad,ACRADA,0.003676,
Quad,ACRADC,0.003515,
Quad,ACRADD,0.003936,
Quad,ACRADR,0.004451,
Quad,ACRARA,0.004444,
Quad,ACRARC,0.004365,
Quad,ACRARD,0.004605,
Quad,ACRARR,0.005440,
Quad,ACRCAA,0.003046,
Quad,ACRCAC,0.003168,
Quad,ACRCAD,0.003620,
Quad,ACRCAR,0.004099,
Quad,ACRCCA,0.003043,
Quad,ACRCCC,0.003201,
Quad,ACRCCD,0.003543,
Quad,ACRCCR,0.004125,
Quad,ACRCDA,0.003847,
Quad,ACRCDC,0.003417,
Quad,ACRCDD,0.003854,
Quad,ACRCDR,0.004622,
Quad,ACRCRA,0.004093,
Quad,ACRCRC,0.004170,
Quad,ACRCRD,0.004480,
Quad,ACRCRR,0.005259,
Quad,ACRDAA,0.003613,
Quad,ACRDAC,0.003752,
Quad,ACRDAD,0.004038,
Quad,ACRDAR,0.004500,
Quad,ACRDCA,0.003459,
Quad,ACRDCC,0.003530,
Quad,ACRDCD,0.003855,
Quad,ACRDCR,0.004580,
Quad,ACRDDA,0.003968,
Quad,ACRDDC,0.003658,
Quad,ACRDDD,0.004282,
Quad,ACRDDR,0.005021,
Quad,ACRDRA,0.004527,
Quad,ACRDRC,0.004535,
Quad,ACRDRD,0.004921,
Quad,ACRDRR,0.005556,
Quad,ACRRAA,0.004416,
Quad,ACRRAC,0.004427,
Quad,ACRRAD,0.004560,
Quad,ACRRAR,0.005421,
Quad,ACRRCA,0.004206,
Quad,ACRRCC,0.004175,
Quad,ACRRCD,0.004690,
Quad,ACRRCR,0.005422,
Quad,ACRRDA,0.004572,
Quad,ACRRDC,0.004348,
Quad,ACRRDD,0.004971,
Quad,ACRRDR,0.005492,
Quad,ACRRRA,0.005508,
Quad,ACRRRC,0.005335,
Quad,ACRRRD,0.005481,
Quad,ACRRRR,0.006419,
Tim,ADAAAA,0.002793,
Quad,ADAAAC,0.002791,
Quad,ADAAAD,0.003098,
Quad,ADAAAR,0.004056,
Quad,ADAACA,0.002870,
Quad,ADAACC,0.002474,
Tim,ADAACD,0.003039,
Quad,ADAACR,0.003752,
Quad,ADAADA,0.003127,
Quad,ADAADC,0.002838,
Tim,ADAADD,0.003223,
Quad,ADAADR,0.004318,
Quad,ADAARA,0.003702,
Quad,ADAARC,0.003581,
Quad,ADAARD,0.003971,
Quad,ADAARR,0.004580,
Quad,ADACAA,0.002693,
Quad,ADACAC,0.002601,
Tim,ADACAD,0.002678,
Quad,ADACAR,0.003585,
Quad,ADACCA,0.002621,
Tim,ADACCC,0.002376,
Quad,ADACCD,0.002825,
Quad,ADACCR,0.003458,
Quad,ADACDA,0.002994,
Quad,ADACDC,0.002624,
Quad,ADACDD,0.003034,
Quad,ADACDR,0.004011,
Quad,ADACRA,0.003553,
Quad,ADACRC,0.003505,
Quad,ADACRD,0.003973,
Quad,ADACRR,0.004512,
Tim,ADADAA,0.002818,
Quad,ADADAC,0.002987,
Tim,ADADAD,0.003057,
Quad,ADADAR,0.003978,
Quad,ADADCA,0.002767,
Quad,ADADCC,0.002791,
Tim,ADADCD,0.003310,
Quad,ADADCR,0.003835,
Tim,ADADDA,0.003102,
Tim,ADADDC,0.002987,
Tim,ADADDD,0.003614,
Quad,ADADDR,0.004220,
Quad,ADADRA,0.003972,
Quad,ADADRC,0.004011,
Quad,ADADRD,0.004398,
Quad,ADADRR,0.004856,
Quad,ADARAA,0.004081,
Quad,ADARAC,0.003548,
Quad,ADARAD,0.004073,
Quad,ADARAR,0.004678,
Quad,ADARCA,0.003584,
Quad,ADARCC,0.003615,
Quad,ADARCD,0.004064,
Quad,ADARCR,0.004587,
Quad,ADARDA,0.003986,
Quad,ADARDC,0.004081,
Quad,ADARDD,0.004239,
Quad,ADARDR,0.004813,
Quad,ADARRA,0.005074,
Quad,ADARRC,0.004489,
Quad,ADARRD,0.005096,
Quad,ADARRR,0.005390,
Tim,ADCAAA,0.002593,
Quad,ADCAAC,0.002525,
Quad,ADCAAD,0.003150,
Quad,ADCAAR,0.003641,
Quad,ADCACA,0.002627,
Quad,ADCACC,0.002732,
Quad,ADCACD,0.002760,
Quad,ADCACR,0.003339,
Quad,ADCADA,0.003026,
Tim,ADCADC,0.002541,
Tim,ADCADD,0.003473,
Quad,ADCADR,0.003791,
Quad,ADCARA,0.003750,
Quad,ADCARC,0.003662,
Quad,ADCARD,0.003845,
Quad,ADCARR,0.004382,
Quad,ADCCAA,0.002562,
Quad,ADCCAC,0.002501,
Tim,ADCCAD,0.002643,
Quad,ADCCAR,0.003405,
Quad,ADCCCA,0.002365,
Quad,ADCCCC,0.002303,
Quad,ADCCCD,0.002741,
Quad,ADCCCR,0.003273,
Quad,ADCCDA,0.002786,
Quad,ADCCDC,0.002727,
Tim,ADCCDD,0.003216,
Quad,ADCCDR,0.003754,
Quad,ADCCRA,0.003594,
Quad,ADCCRC,0.003489,
Quad,ADCCRD,0.003751,
Quad,ADCCRR,0.004504,
Tim,ADCDAA,0.002882,
Quad,ADCDAC,0.002674,
Tim,ADCDAD,0.003423,
Quad,ADCDAR,0.003777,
Tim,ADCDCA,0.002672,
Quad,ADCDCC,0.002813,
Tim,ADCDCD,0.002640,
Quad,ADCDCR,0.003814,
Tim,ADCDDA,0.003106,
Tim,ADCDDC,0.003146,
Tim,ADCDDD,0.002962,
Quad,ADCDDR,0.004213,
Quad,ADCDRA,0.003756,
Quad,ADCDRC,0.003894,
Quad,ADCDRD,0.004031,
Quad,ADCDRR,0.004675,
Quad,ADCRAA,0.003994,
Quad,ADCRAC,0.003353,
Quad,ADCRAD,0.003865,
Quad,ADCRAR,0.004654,
Quad,ADCRCA,0.003357,
Quad,ADCRCC,0.003297,
Quad,ADCRCD,0.003946,
Quad,ADCRCR,0.004541,
Quad,ADCRDA,0.004221,
Quad,ADCRDC,0.003839,
Quad,ADCRDD,0.004335,
Quad,ADCRDR,0.004972,
Quad,ADCRRA,0.004445,
Quad,ADCRRC,0.004366,
Quad,ADCRRD,0.004902,
Quad,ADCRRR,0.005508,
Tim,ADDAAA,0.003102,
Tim,ADDAAC,0.003151,
Tim,ADDAAD,0.002890,
Quad,ADDAAR,0.003972,
Tim,ADDACA,0.002711,
Quad,ADDACC,0.002786,
Tim,ADDACD,0.002707,
Quad,ADDACR,0.003969,
Tim,ADDADA,0.003063,
Tim,ADDADC,0.003155,
Tim,ADDADD,0.003857,
Quad,ADDADR,0.004285,
Quad,ADDARA,0.004063,
Quad,ADDARC,0.003991,
Quad,ADDARD,0.004174,
Quad,ADDARR,0.004906,
Tim,ADDCAA,0.002984,
Tim,ADDCAC,0.003127,
Tim,ADDCAD,0.003031,
Quad,ADDCAR,0.003987,
Tim,ADDCCA,0.002431,
Quad,ADDCCC,0.002737,
Tim,ADDCCD,0.002528,
Quad,ADDCCR,0.003758,
Tim,ADDCDA,0.002683,
Quad,ADDCDC,0.002935,
Tim,ADDCDD,0.002838,
Quad,ADDCDR,0.004135,
Quad,ADDCRA,0.003861,
Quad,ADDCRC,0.003714,
Quad,ADDCRD,0.003991,
Quad,ADDCRR,0.004801,
Tim,ADDDAA,0.003462,
Tim,ADDDAC,0.002401,
Tim,ADDDAD,0.003169,
Quad,ADDDAR,0.004370,
Tim,ADDDCA,0.002728,
Tim,ADDDCC,0.002499,
Tim,ADDDCD,0.003911,
Quad,ADDDCR,0.004270,
Tim,ADDDDA,0.002999,
Tim,ADDDDC,0.002639,
Tim,ADDDDD,0.003879,
Quad,ADDDDR,0.004589,
Quad,ADDDRA,0.004373,
Quad,ADDDRC,0.004430,
Quad,ADDDRD,0.004554,
Quad,ADDDRR,0.005285,
Quad,ADDRAA,0.003987,
Quad,ADDRAC,0.004246,
Quad,ADDRAD,0.004324,
Quad,ADDRAR,0.005061,
Quad,ADDRCA,0.004134,
Quad,ADDRCC,0.003791,
Quad,ADDRCD,0.004381,
Quad,ADDRCR,0.004760,
Quad,ADDRDA,0.004355,
Quad,ADDRDC,0.004186,
Quad,ADDRDD,0.004620,
Quad,ADDRDR,0.005455,
Quad,ADDRRA,0.005110,
Quad,ADDRRC,0.004826,
Quad,ADDRRD,0.005486,
Quad,ADDRRR,0.006323,
Quad,ADRAAA,0.003699,
Quad,ADRAAC,0.003553,
Quad,ADRAAD,0.004405,
Quad,ADRAAR,0.004638,
Quad,ADRACA,0.003742,
Quad,ADRACC,0.003427,
Quad,ADRACD,0.003722,
Quad,ADRACR,0.004716,
Quad,ADRADA,0.003981,
Quad,ADRADC,0.003715,
Quad,ADRADD,0.004264,
Quad,ADRADR,0.005009,
Quad,ADRARA,0.004431,
Quad,ADRARC,0.004660,
Quad,ADRARD,0.004872,
Quad,ADRARR,0.005780,
Quad,ADRCAA,0.003540,
Quad,ADRCAC,0.003309,
Quad,ADRCAD,0.003990,
Quad,ADRCAR,0.004636,
Quad,ADRCCA,0.003472,
Quad,ADRCCC,0.003670,
Quad,ADRCCD,0.003718,
Quad,ADRCCR,0.004401,
Quad,ADRCDA,0.004122,
Quad,ADRCDC,0.003688,
Quad,ADRCDD,0.003980,
Quad,ADRCDR,0.004904,
Quad,ADRCRA,0.004497,
Quad,ADRCRC,0.004574,
Quad,ADRCRD,0.004662,
Quad,ADRCRR,0.005685,
Quad,ADRDAA,0.004046,
Quad,ADRDAC,0.004000,
Quad,ADRDAD,0.004516,
Quad,ADRDAR,0.005039,
Quad,ADRDCA,0.003922,
Quad,ADRDCC,0.003919,
Quad,ADRDCD,0.004182,
Quad,ADRDCR,0.004966,
Quad,ADRDDA,0.004375,
Quad,ADRDDC,0.004273,
Quad,ADRDDD,0.004654,
Quad,ADRDDR,0.005220,
Quad,ADRDRA,0.004950,
Quad,ADRDRC,0.004652,
Quad,ADRDRD,0.005342,
Quad,ADRDRR,0.005839,
Quad,ADRRAA,0.004892,
Quad,ADRRAC,0.004789,
Quad,ADRRAD,0.005075,
Quad,ADRRAR,0.005819,
Quad,ADRRCA,0.004814,
Quad,ADRRCC,0.004656,
Quad,ADRRCD,0.004894,
Quad,ADRRCR,0.005770,
Quad,ADRRDA,0.004809,
Quad,ADRRDC,0.004734,
Quad,ADRRDD,0.005233,
Quad,ADRRDR,0.006045,
Quad,ADRRRA,0.005482,
Quad,ADRRRC,0.005391,
Quad,ADRRRD,0.006150,
Quad,ADRRRR,0.006341,
Quad,ARAAAA,0.003656,
Quad,ARAAAC,0.003423,
Quad,ARAAAD,0.003774,
Quad,ARAAAR,0.004677,
Quad,ARAACA,0.003390,
Quad,ARAACC,0.003294,
Quad,ARAACD,0.003538,
Quad,ARAACR,0.004629,
Quad,ARAADA,0.003799,
Quad,ARAADC,0.003826,
Quad,ARAADD,0.004255,
Quad,ARAADR,0.004612,
Quad,ARAARA,0.004484,
Quad,ARAARC,0.004133,
Quad,ARAARD,0.004808,
Quad,ARAARR,0.005706,
Quad,ARACAA,0.003424,
Quad,ARACAC,0.003167,
Quad,ARACAD,0.003937,
Quad,ARACAR,0.004201,
Quad,ARACCA,0.003054,
Quad,ARACCC,0.003382,
Quad,ARACCD,0.003575,
Quad,ARACCR,0.004114,
Quad,ARACDA,0.003512,
Quad,ARACDC,0.003426,
Quad,ARACDD,0.003823,
Quad,ARACDR,0.004680,
Quad,ARACRA,0.004350,
Quad,ARACRC,0.004126,
Quad,ARACRD,0.004785,
Quad,ARACRR,0.005345,
Quad,ARADAA,0.003552,
Quad,ARADAC,0.003972,
Quad,ARADAD,0.003968,
Quad,ARADAR,0.004988,
Quad,ARADCA,0.003698,
Quad,ARADCC,0.003561,
Quad,ARADCD,0.003958,
Quad,ARADCR,0.004775,
Quad,ARADDA,0.003912,
Quad,ARADDC,0.003821,
Quad,ARADDD,0.004914,
Quad,ARADDR,0.004847,
Quad,ARADRA,0.004879,
Quad,ARADRC,0.004463,
Quad,ARADRD,0.004935,
Quad,ARADRR,0.005779,
Quad,ARARAA,0.004413,
Quad,ARARAC,0.004449,
Quad,ARARAD,0.004568,
Quad,ARARAR,0.005497,
Quad,ARARCA,0.004536,
Quad,ARARCC,0.004425,
Quad,ARARCD,0.004664,
Quad,ARARCR,0.005339,
Quad,ARARDA,0.004741,
Quad,ARARDC,0.004723,
Quad,ARARDD,0.005125,
Quad,ARARDR,0.005772,
Quad,ARARRA,0.005508,
Quad,ARARRC,0.005311,
Quad,ARARRD,0.005701,
Quad,ARARRR,0.006346,
Quad,ARCAAA,0.003251,
Quad,ARCAAC,0.003232,
Quad,ARCAAD,0.003720,
Quad,ARCAAR,0.004188,
Quad,ARCACA,0.003289,
Quad,ARCACC,0.003214,
Quad,ARCACD,0.003720,
Quad,ARCACR,0.004541,
Quad,ARCADA,0.003784,
Quad,ARCADC,0.003412,
Quad,ARCADD,0.004021,
Quad,ARCADR,0.004802,
Quad,ARCARA,0.004222,
Quad,ARCARC,0.004293,
Quad,ARCARD,0.004760,
Quad,ARCARR,0.005549,
Quad,ARCCAA,0.003107,
Quad,ARCCAC,0.003103,
Quad,ARCCAD,0.003538,
Quad,ARCCAR,0.004309,
Quad,ARCCCA,0.002933,
Quad,ARCCCC,0.003001,
Quad,ARCCCD,0.003540,
Quad,ARCCCR,0.004227,
Quad,ARCCDA,0.003552,
Quad,ARCCDC,0.003544,
Quad,ARCCDD,0.003901,
Quad,ARCCDR,0.004502,
Quad,ARCCRA,0.004698,
Quad,ARCCRC,0.004130,
Quad,ARCCRD,0.004473,
Quad,ARCCRR,0.005258,
Quad,ARCDAA,0.003881,
Quad,ARCDAC,0.003490,
Quad,ARCDAD,0.004235,
Quad,ARCDAR,0.004505,
Quad,ARCDCA,0.003329,
Quad,ARCDCC,0.003645,
Quad,ARCDCD,0.003839,
Quad,ARCDCR,0.004450,
Quad,ARCDDA,0.004125,
Quad,ARCDDC,0.003725,
Quad,ARCDDD,0.004339,
Quad,ARCDDR,0.005156,
Quad,ARCDRA,0.004501,
Quad,ARCDRC,0.004654,
Quad,ARCDRD,0.004970,
Quad,ARCDRR,0.005463,
Quad,ARCRAA,0.004793,
Quad,ARCRAC,0.004156,
Quad,ARCRAD,0.004737,
Quad,ARCRAR,0.005226,
Quad,ARCRCA,0.004238,
Quad,ARCRCC,0.004507,
Quad,ARCRCD,0.004606,
Quad,ARCRCR,0.005444,
Quad,ARCRDA,0.004815,
Quad,ARCRDC,0.004527,
Quad,ARCRDD,0.004982,
Quad,ARCRDR,0.005676,
Quad,ARCRRA,0.005146,
Quad,ARCRRC,0.005105,
Quad,ARCRRD,0.005760,
Quad,ARCRRR,0.006243,
Quad,ARDAAA,0.003796,
Quad,ARDAAC,0.003661,
Quad,ARDAAD,0.003941,
Quad,ARDAAR,0.005053,
Quad,ARDACA,0.003615,
Quad,ARDACC,0.003426,
Quad,ARDACD,0.004264,
Quad,ARDACR,0.004478,
Quad,ARDADA,0.004183,
Quad,ARDADC,0.004240,
Quad,ARDADD,0.004214,
Quad,ARDADR,0.005090,
Quad,ARDARA,0.004861,
Quad,ARDARC,0.004314,
Quad,ARDARD,0.005066,
Quad,ARDARR,0.005705,
Quad,ARDCAA,0.004032,
Quad,ARDCAC,0.003414,
Quad,ARDCAD,0.003928,
Quad,ARDCAR,0.004820,
Quad,ARDCCA,0.003393,
Quad,ARDCCC,0.003073,
Quad,ARDCCD,0.003757,
Quad,ARDCCR,0.004509,
Quad,ARDCDA,0.003861,
Quad,ARDCDC,0.003991,
Quad,ARDCDD,0.004369,
Quad,ARDCDR,0.004740,
Quad,ARDCRA,0.004859,
Quad,ARDCRC,0.004423,
Quad,ARDCRD,0.004823,
Quad,ARDCRR,0.005566,
Quad,ARDDAA,0.004337,
Quad,ARDDAC,0.004039,
Quad,ARDDAD,0.004352,
Quad,ARDDAR,0.005061,
Quad,ARDDCA,0.004097,
Quad,ARDDCC,0.003585,
Quad,ARDDCD,0.004216,
Quad,ARDDCR,0.005072,
Quad,ARDDDA,0.004436,
Quad,ARDDDC,0.004249,
Quad,ARDDDD,0.004682,
Quad,ARDDDR,0.005208,
Quad,ARDDRA,0.005354,
Quad,ARDDRC,0.005031,
Quad,ARDDRD,0.005472,
Quad,ARDDRR,0.006001,
Quad,ARDRAA,0.004539,
Quad,ARDRAC,0.004656,
Quad,ARDRAD,0.005197,
Quad,ARDRAR,0.005968,
Quad,ARDRCA,0.004658,
Quad,ARDRCC,0.004585,
Quad,ARDRCD,0.005167,
Quad,ARDRCR,0.005720,
Quad,ARDRDA,0.005303,
Quad,ARDRDC,0.005089,
Quad,ARDRDD,0.005700,
Quad,ARDRDR,0.005864,
Quad,ARDRRA,0.005787,
Quad,ARDRRC,0.005533,
Quad,ARDRRD,0.005973,
Quad,ARDRRR,0.006600,
Quad,ARRAAA,0.004567,
Quad,ARRAAC,0.004220,
Quad,ARRAAD,0.004907,
Quad,ARRAAR,0.005148,
Quad,ARRACA,0.004613,
Quad,ARRACC,0.004290,
Quad,ARRACD,0.004536,
Quad,ARRACR,0.005519,
Quad,ARRADA,0.004645,
Quad,ARRADC,0.004749,
Quad,ARRADD,0.004911,
Quad,ARRADR,0.005740,
Quad,ARRARA,0.005467,
Quad,ARRARC,0.005351,
Quad,ARRARD,0.005599,
Quad,ARRARR,0.006379,
Quad,ARRCAA,0.004664,
Quad,ARRCAC,0.004216,
Quad,ARRCAD,0.004832,
Quad,ARRCAR,0.005139,
Quad,ARRCCA,0.004229,
Quad,ARRCCC,0.004036,
Quad,ARRCCD,0.004350,
Quad,ARRCCR,0.005382,
Quad,ARRCDA,0.004647,
Quad,ARRCDC,0.004412,
Quad,ARRCDD,0.004808,
Quad,ARRCDR,0.005593,
Quad,ARRCRA,0.005184,
Quad,ARRCRC,0.005119,
Quad,ARRCRD,0.005596,
Quad,ARRCRR,0.006348,
Quad,ARRDAA,0.004910,
Quad,ARRDAC,0.004667,
Quad,ARRDAD,0.004987,
Quad,ARRDAR,0.005479,
Quad,ARRDCA,0.004742,
Quad,ARRDCC,0.004334,
Quad,ARRDCD,0.004785,
Quad,ARRDCR,0.005731,
Quad,ARRDDA,0.005004,
Quad,ARRDDC,0.004767,
Quad,ARRDDD,0.005438,
Quad,ARRDDR,0.005940,
Quad,ARRDRA,0.005899,
Quad,ARRDRC,0.005683,
Quad,ARRDRD,0.005845,
Quad,ARRDRR,0.006657,
Quad,ARRRAA,0.005514,
Quad,ARRRAC,0.005552,
Quad,ARRRAD,0.005536,
Quad,ARRRAR,0.006690,
Quad,ARRRCA,0.005211,
Quad,ARRRCC,0.005439,
Quad,ARRRCD,0.005555,
Quad,ARRRCR,0.006359,
Quad,ARRRDA,0.005632,
Quad,ARRRDC,0.005769,
Quad,ARRRDD,0.006063,
Quad,ARRRDR,0.006663,
Quad,ARRRRA,0.006475,
Quad,ARRRRC,0.006368,
Quad,ARRRRD,0.006504,
Quad,ARRRRR,0.007320,
Quad,CAAAAA,0.002706,
Quad,CAAAAC,0.002031,
Tim,CAAAAD,0.003175,
Quad,CAAAAR,0.003382,
Tim,CAAACA,0.002185,
Tim,CAAACC,0.001785,
Quad,CAAACD,0.002576,
Quad,CAAACR,0.003324,
Quad,CAAADA,0.002448,
Quad,CAAADC,0.002361,
Tim,CAAADD,0.003361,
Quad,CAAADR,0.003713,
Quad,CAAARA,0.003402,
Quad,CAAARC,0.003192,
Quad,CAAARD,0.003661,
Quad,CAAARR,0.004492,
Quad,CAACAA,0.002195,
Quad,CAACAC,0.001974,
Quad,CAACAD,0.002460,
Quad,CAACAR,0.003173,
Quad,CAACCA,0.002492,
Quad,CAACCC,0.002114,
Quad,CAACCD,0.002631,
Quad,CAACCR,0.003337,
Quad,CAACDA,0.002528,
Quad,CAACDC,0.002287,
Tim,CAACDD,0.002247,
Quad,CAACDR,0.003397,
Quad,CAACRA,0.003091,
Quad,CAACRC,0.003054,
Quad,CAACRD,0.003672,
Quad,CAACRR,0.004261,
Tim,CAADAA,0.002504,
Quad,CAADAC,0.002453,
Quad,CAADAD,0.003057,
Quad,CAADAR,0.003829,
Quad,CAADCA,0.002721,
Quad,CAADCC,0.002566,
Tim,CAADCD,0.002656,
Quad,CAADCR,0.003566,
Tim,CAADDA,0.002447,
Quad,CAADDC,0.003192,
Tim,CAADDD,0.003513,
Quad,CAADDR,0.003945,
Quad,CAADRA,0.003811,
Quad,CAADRC,0.003582,
Quad,CAADRD,0.003668,
Quad,CAADRR,0.005026,
Quad,CAARAA,0.003517,
Quad,CAARAC,0.003305,
Quad,CAARAD,0.003692,
Quad,CAARAR,0.004409,
Quad,CAARCA,0.003424,
Quad,CAARCC,0.003246,
Quad,CAARCD,0.003467,
Quad,CAARCR,0.004038,
Quad,CAARDA,0.003591,
Quad,CAARDC,0.003636,
Quad,CAARDD,0.003861,
Quad,CAARDR,0.004645,
Quad,CAARRA,0.004326,
Quad,CAARRC,0.004349,
Quad,CAARRD,0.004573,
Quad,CAARRR,0.005561,
Quad,CACAAA,0.002374,
Quad,CACAAC,0.002060,
Quad,CACAAD,0.002458,
Quad,CACAAR,0.003277,
Quad,CACACA,0.002168,
Quad,CACACC,0.001964,
Quad,CACACD,0.002326,
Quad,CACACR,0.003196,
Quad,CACADA,0.002526,
Quad,CACADC,0.002416,
Quad,CACADD,0.002909,
Quad,CACADR,0.003693,
Quad,CACARA,0.002600,
Quad,CACARC,0.003059,
Quad,CACARD,0.003416,
Quad,CACARR,0.004143,
Tim,CACCAA,0.002004,
Quad,CACCAC,0.002029,
Quad,CACCAD,0.002402,
Quad,CACCAR,0.002992,
Quad,CACCCA,0.002080,
Quad,CACCCC,0.001821,
Tim,CACCCD,0.002400,
Quad,CACCCR,0.003081,
Quad,CACCDA,0.002345,
Quad,CACCDC,0.002215,
Tim,CACCDD,0.002639,
Quad,CACCDR,0.003280,
Quad,CACCRA,0.003016,
Quad,CACCRC,0.003065,
Quad,CACCRD,0.003501,
Quad,CACCRR,0.004165,
Quad,CACDAA,0.002510,
Quad,CACDAC,0.002368,
Quad,CACDAD,0.002904,
Quad,CACDAR,0.003714,
Quad,CACDCA,0.002507,
Quad,CACDCC,0.002404,
Quad,CACDCD,0.002610,
Quad,CACDCR,0.003606,
Quad,CACDDA,0.002947,
Tim,CACDDC,0.002950,
Tim,CACDDD,0.003487,
Quad,CACDDR,0.004013,
Quad,CACDRA,0.003329,
Quad,CACDRC,0.003409,
Quad,CACDRD,0.003756,
Quad,CACDRR,0.004413,
Quad,CACRAA,0.003488,
Quad,CACRAC,0.003192,
Quad,CACRAD,0.003452,
Quad,CACRAR,0.004463,
Quad,CACRCA,0.003167,
Quad,CACRCC,0.003126,
Quad,CACRCD,0.003651,
Quad,CACRCR,0.004219,
Quad,CACRDA,0.003417,
Quad,CACRDC,0.003587,
Quad,CACRDD,0.003802,
Quad,CACRDR,0.004423,
Quad,CACRRA,0.004381,
Quad,CACRRC,0.004145,
Quad,CACRRD,0.004395,
Quad,CACRRR,0.005091,
Quad,CADAAA,0.002758,
Quad,CADAAC,0.002655,
Quad,CADAAD,0.002749,
Quad,CADAAR,0.003585,
Quad,CADACA,0.002611,
Tim,CADACC,0.002055,
Tim,CADACD,0.002099,
Quad,CADACR,0.003443,
Tim,CADADA,0.002678,
Quad,CADADC,0.002583,
Tim,CADADD,0.002980,
Quad,CADADR,0.003701,
Quad,CADARA,0.003704,
Quad,CADARC,0.003352,
Quad,CADARD,0.003920,
Quad,CADARR,0.004604,
Quad,CADCAA,0.002574,
Quad,CADCAC,0.002388,
Tim,CADCAD,0.002087,
Quad,CADCAR,0.003480,
Quad,CADCCA,0.002340,
Quad,CADCCC,0.002325,
Quad,CADCCD,0.002601,
Quad,CADCCR,0.003487,
Quad,CADCDA,0.002786,
Quad,CADCDC,0.002407,
Tim,CADCDD,0.002678,
Quad,CADCDR,0.003624,
Quad,CADCRA,0.003601,
Quad,CADCRC,0.003444,
Quad,CADCRD,0.003935,
Quad,CADCRR,0.004564,
Tim,CADDAA,0.002204,
Quad,CADDAC,0.002909,
Tim,CADDAD,0.003181,
Quad,CADDAR,0.003980,
Tim,CADDCA,0.003170,
Quad,CADDCC,0.002498,
Quad,CADDCD,0.003157,
Quad,CADDCR,0.003789,
Tim,CADDDA,0.003036,
Tim,CADDDC,0.003291,
Tim,CADDDD,0.002917,
Quad,CADDDR,0.004282,
Quad,CADDRA,0.004042,
Quad,CADDRC,0.003686,
Quad,CADDRD,0.004141,
Quad,CADDRR,0.004814,
Quad,CADRAA,0.003753,
Quad,CADRAC,0.003701,
Quad,CADRAD,0.003880,
Quad,CADRAR,0.004749,
Quad,CADRCA,0.003513,
Quad,CADRCC,0.003611,
Quad,CADRCD,0.004281,
Quad,CADRCR,0.004574,
Quad,CADRDA,0.003890,
Quad,CADRDC,0.004062,
Quad,CADRDD,0.004273,
Quad,CADRDR,0.005073,
Quad,CADRRA,0.004644,
Quad,CADRRC,0.004433,
Quad,CADRRD,0.005031,
Quad,CADRRR,0.005548,
Quad,CARAAA,0.003517,
Quad,CARAAC,0.003116,
Quad,CARAAD,0.003816,
Quad,CARAAR,0.004406,
Quad,CARACA,0.003238,
Quad,CARACC,0.003053,
Quad,CARACD,0.003434,
Quad,CARACR,0.004288,
Quad,CARADA,0.003491,
Quad,CARADC,0.003422,
Quad,CARADD,0.003834,
Quad,CARADR,0.004486,
Quad,CARARA,0.004329,
Quad,CARARC,0.004354,
Quad,CARARD,0.004572,
Quad,CARARR,0.005247,
Quad,CARCAA,0.003202,
Quad,CARCAC,0.003035,
Quad,CARCAD,0.003330,
Quad,CARCAR,0.004138,
Quad,CARCCA,0.003096,
Quad,CARCCC,0.003268,
Quad,CARCCD,0.003443,
Quad,CARCCR,0.004157,
Quad,CARCDA,0.003505,
Quad,CARCDC,0.003413,
Quad,CARCDD,0.003696,
Quad,CARCDR,0.004377,
Quad,CARCRA,0.004269,
Quad,CARCRC,0.004294,
Quad,CARCRD,0.004495,
Quad,CARCRR,0.005090,
Quad,CARDAA,0.003728,
Quad,CARDAC,0.003645,
Quad,CARDAD,0.004138,
Quad,CARDAR,0.004555,
Quad,CARDCA,0.003498,
Quad,CARDCC,0.003102,
Quad,CARDCD,0.003798,
Quad,CARDCR,0.004395,
Quad,CARDDA,0.003882,
Quad,CARDDC,0.003444,
Quad,CARDDD,0.004010,
Quad,CARDDR,0.004840,
Quad,CARDRA,0.004701,
Quad,CARDRC,0.004324,
Quad,CARDRD,0.004911,
Quad,CARDRR,0.005443,
Quad,CARRAA,0.004590,
Quad,CARRAC,0.004333,
Quad,CARRAD,0.004505,
Quad,CARRAR,0.005468,
Quad,CARRCA,0.004385,
Quad,CARRCC,0.004067,
Quad,CARRCD,0.004491,
Quad,CARRCR,0.005317,
Quad,CARRDA,0.004926,
Quad,CARRDC,0.004520,
Quad,CARRDD,0.004671,
Quad,CARRDR,0.005440,
Quad,CARRRA,0.005363,
Quad,CARRRC,0.005219,
Quad,CARRRD,0.005362,
Quad,CARRRR,0.006299,
Tim,CCAAAA,0.002119,
Tim,CCAAAC,0.001944,
Quad,CCAAAD,0.002603,
Quad,CCAAAR,0.003267,
Quad,CCAACA,0.002054,
Quad,CCAACC,0.001957,
Tim,CCAACD,0.002203,
Quad,CCAACR,0.003204,
Quad,CCAADA,0.002832,
Quad,CCAADC,0.002325,
Quad,CCAADD,0.003258,
Quad,CCAADR,0.003399,
Quad,CCAARA,0.003194,
Quad,CCAARC,0.003042,
Quad,CCAARD,0.003489,
Quad,CCAARR,0.004029,
Quad,CCACAA,0.002282,
Quad,CCACAC,0.002012,
Tim,CCACAD,0.001902,
Quad,CCACAR,0.003129,
Quad,CCACCA,0.002094,
Quad,CCACCC,0.001872,
Quad,CCACCD,0.002226,
Quad,CCACCR,0.002915,
Quad,CCACDA,0.002338,
Quad,CCACDC,0.002071,
Quad,CCACDD,0.002737,
Quad,CCACDR,0.003401,
Quad,CCACRA,0.003108,
Quad,CCACRC,0.002902,
Quad,CCACRD,0.003485,
Quad,CCACRR,0.003736,
Quad,CCADAA,0.002526,
Quad,CCADAC,0.002471,
Quad,CCADAD,0.002926,
Quad,CCADAR,0.003514,
Quad,CCADCA,0.002463,
Tim,CCADCC,0.002350,
Quad,CCADCD,0.002973,
Quad,CCADCR,0.003472,
Tim,CCADDA,0.002897,
Tim,CCADDC,0.002903,
Quad,CCADDD,0.003228,
Quad,CCADDR,0.003625,
Quad,CCADRA,0.003510,
Quad,CCADRC,0.003368,
Quad,CCADRD,0.003825,
Quad,CCADRR,0.004607,
Quad,CCARAA,0.003329,
Quad,CCARAC,0.003143,
Quad,CCARAD,0.003475,
Quad,CCARAR,0.004239,
Quad,CCARCA,0.003326,
Quad,CCARCC,0.003069,
Quad,CCARCD,0.003499,
Quad,CCARCR,0.004198,
Quad,CCARDA,0.003093,
Quad,CCARDC,0.003271,
Quad,CCARDD,0.003805,
Quad,CCARDR,0.004022,
Quad,CCARRA,0.004049,
Quad,CCARRC,0.003990,
Quad,CCARRD,0.004607,
Quad,CCARRR,0.005071,
Quad,CCCAAA,0.002119,
Tim,CCCAAC,0.001563,
Quad,CCCAAD,0.002249,
Quad,CCCAAR,0.002877,
Tim,CCCACA,0.001635,
Quad,CCCACC,0.001912,
Quad,CCCACD,0.002220,
Quad,CCCACR,0.003134,
Quad,CCCADA,0.002310,
Quad,CCCADC,0.002324,
Tim,CCCADD,0.002684,
Quad,CCCADR,0.003423,
Quad,CCCARA,0.003313,
Quad,CCCARC,0.002996,
Quad,CCCARD,0.003428,
Quad,CCCARR,0.003921,
Quad,CCCCAA,0.002080,
Quad,CCCCAC,0.001932,
Quad,CCCCAD,0.001937,
Quad,CCCCAR,0.003137,
Quad,CCCCCA,0.001906,
Quad,CCCCCC,0.001840,
Quad,CCCCCD,0.002258,
Quad,CCCCCR,0.002977,
Quad,CCCCDA,0.002348,
Quad,CCCCDC,0.002260,
Tim,CCCCDD,0.002563,
Quad,CCCCDR,0.002809,
Quad,CCCCRA,0.002971,
Quad,CCCCRC,0.002917,
Quad,CCCCRD,0.003138,
Quad,CCCCRR,0.003965,
Tim,CCCDAA,0.002720,
Quad,CCCDAC,0.002410,
Quad,CCCDAD,0.002686,
Quad,CCCDAR,0.003433,
Quad,CCCDCA,0.002284,
Tim,CCCDCC,0.001833,
Tim,CCCDCD,0.002774,
Quad,CCCDCR,0.003409,
Quad,CCCDDA,0.002877,
Quad,CCCDDC,0.002681,
Quad,CCCDDD,0.003047,
Quad,CCCDDR,0.003605,
Quad,CCCDRA,0.003393,
Quad,CCCDRC,0.003253,
Quad,CCCDRD,0.003562,
Quad,CCCDRR,0.004423,
Quad,CCCRAA,0.003476,
Quad,CCCRAC,0.003218,
Quad,CCCRAD,0.003530,
Quad,CCCRAR,0.004348,
Quad,CCCRCA,0.003146,
Quad,CCCRCC,0.003127,
Quad,CCCRCD,0.002954,
Quad,CCCRCR,0.004063,
Quad,CCCRDA,0.003292,
Quad,CCCRDC,0.003349,
Quad,CCCRDD,0.003686,
Quad,CCCRDR,0.004368,
Quad,CCCRRA,0.004186,
Quad,CCCRRC,0.004153,
Quad,CCCRRD,0.004392,
Quad,CCCRRR,0.005086,
Quad,CCDAAA,0.002552,
Quad,CCDAAC,0.002480,
Quad,CCDAAD,0.002897,
Quad,CCDAAR,0.003673,
Tim,CCDACA,0.002244,
Quad,CCDACC,0.002329,
Quad,CCDACD,0.002688,
Quad,CCDACR,0.003408,
Quad,CCDADA,0.002770,
Quad,CCDADC,0.002624,
Tim,CCDADD,0.003204,
Quad,CCDADR,0.003841,
Quad,CCDARA,0.003392,
Quad,CCDARC,0.003654,
Quad,CCDARD,0.003753,
Quad,CCDARR,0.004320,
Quad,CCDCAA,0.002602,
Quad,CCDCAC,0.002266,
Tim,CCDCAD,0.002941,
Quad,CCDCAR,0.003366,
Tim,CCDCCA,0.002147,
Tim,CCDCCC,0.002367,
Tim,CCDCCD,0.002031,
Quad,CCDCCR,0.003396,
Tim,CCDCDA,0.002189,
Quad,CCDCDC,0.002563,
Quad,CCDCDD,0.003155,
Quad,CCDCDR,0.003707,
Quad,CCDCRA,0.003385,
Quad,CCDCRC,0.003443,
Quad,CCDCRD,0.003714,
Quad,CCDCRR,0.004548,
Quad,CCDDAA,0.002817,
Quad,CCDDAC,0.002752,
Quad,CCDDAD,0.003080,
Quad,CCDDAR,0.003804,
Tim,CCDDCA,0.002299,
Quad,CCDDCC,0.002774,
Tim,CCDDCD,0.003150,
Quad,CCDDCR,0.003906,
Quad,CCDDDA,0.003096,
Quad,CCDDDC,0.003060,
Tim,CCDDDD,0.003766,
Quad,CCDDDR,0.004146,
Quad,CCDDRA,0.004037,
Quad,CCDDRC,0.003638,
Quad,CCDDRD,0.004094,
Quad,CCDDRR,0.004845,
Quad,CCDRAA,0.003774,
Quad,CCDRAC,0.003599,
Quad,CCDRAD,0.003811,
Quad,CCDRAR,0.004851,
Quad,CCDRCA,0.003518,
Quad,CCDRCC,0.003212,
Quad,CCDRCD,0.004000,
Quad,CCDRCR,0.004500,
Quad,CCDRDA,0.003835,
Quad,CCDRDC,0.003843,
Quad,CCDRDD,0.004164,
Quad,CCDRDR,0.004745,
Quad,CCDRRA,0.004389,
Quad,CCDRRC,0.004504,
Quad,CCDRRD,0.004799,
Quad,CCDRRR,0.005467,
Quad,CCRAAA,0.003196,
Quad,CCRAAC,0.003132,
Quad,CCRAAD,0.003611,
Quad,CCRAAR,0.004198,
Quad,CCRACA,0.003275,
Quad,CCRACC,0.003016,
Quad,CCRACD,0.003542,
Quad,CCRACR,0.004189,
Quad,CCRADA,0.003513,
Quad,CCRADC,0.003339,
Quad,CCRADD,0.003810,
Quad,CCRADR,0.004486,
Quad,CCRARA,0.004031,
Quad,CCRARC,0.004029,
Quad,CCRARD,0.004336,
Quad,CCRARR,0.005271,
Quad,CCRCAA,0.003121,
Quad,CCRCAC,0.003023,
Quad,CCRCAD,0.003335,
Quad,CCRCAR,0.004248,
Quad,CCRCCA,0.002886,
Quad,CCRCCC,0.003346,
Quad,CCRCCD,0.003393,
Quad,CCRCCR,0.004345,
Quad,CCRCDA,0.003442,
Quad,CCRCDC,0.003206,
Quad,CCRCDD,0.003679,
Quad,CCRCDR,0.004374,
Quad,CCRCRA,0.004166,
Quad,CCRCRC,0.003894,
Quad,CCRCRD,0.004426,
Quad,CCRCRR,0.005110,
Quad,CCRDAA,0.003509,
Quad,CCRDAC,0.003763,
Quad,CCRDAD,0.003752,
Quad,CCRDAR,0.004601,
Quad,CCRDCA,0.003311,
Quad,CCRDCC,0.003263,
Quad,CCRDCD,0.003908,
Quad,CCRDCR,0.004607,
Quad,CCRDDA,0.003966,
Quad,CCRDDC,0.003710,
Quad,CCRDDD,0.004298,
Quad,CCRDDR,0.004927,
Quad,CCRDRA,0.004589,
Quad,CCRDRC,0.004364,
Quad,CCRDRD,0.004572,
Quad,CCRDRR,0.005496,
Quad,CCRRAA,0.004672,
Quad,CCRRAC,0.004131,
Quad,CCRRAD,0.004625,
Quad,CCRRAR,0.005383,
Quad,CCRRCA,0.004348,
Quad,CCRRCC,0.004077,
Quad,CCRRCD,0.004440,
Quad,CCRRCR,0.005157,
Quad,CCRRDA,0.004437,
Quad,CCRRDC,0.004394,
Quad,CCRRDD,0.004931,
Quad,CCRRDR,0.005721,
Quad,CCRRRA,0.005095,
Quad,CCRRRC,0.005187,
Quad,CCRRRD,0.005520,
Quad,CCRRRR,0.006230,
Quad,CDAAAA,0.003172,
Quad,CDAAAC,0.002743,
Tim,CDAAAD,0.003404,
Quad,CDAAAR,0.003539,
Tim,CDAACA,0.002647,
Quad,CDAACC,0.002493,
Quad,CDAACD,0.002768,
Quad,CDAACR,0.003501,
Quad,CDAADA,0.003208,
Quad,CDAADC,0.002808,
Quad,CDAADD,0.003251,
Quad,CDAADR,0.003761,
Quad,CDAARA,0.003472,
Quad,CDAARC,0.003414,
Quad,CDAARD,0.003927,
Quad,CDAARR,0.004514,
Tim,CDACAA,0.002376,
Tim,CDACAC,0.001867,
Tim,CDACAD,0.003121,
Quad,CDACAR,0.003491,
Tim,CDACCA,0.002090,
Quad,CDACCC,0.002152,
Quad,CDACCD,0.002679,
Quad,CDACCR,0.003393,
Tim,CDACDA,0.002981,
Tim,CDACDC,0.002638,
Tim,CDACDD,0.003343,
Quad,CDACDR,0.004002,
Quad,CDACRA,0.003478,
Quad,CDACRC,0.003526,
Quad,CDACRD,0.003800,
Quad,CDACRR,0.004330,
Tim,CDADAA,0.002701,
Quad,CDADAC,0.002899,
Tim,CDADAD,0.003341,
Quad,CDADAR,0.004146,
Quad,CDADCA,0.002771,
Quad,CDADCC,0.002826,
Tim,CDADCD,0.003212,
Quad,CDADCR,0.003933,
Tim,CDADDA,0.003178,
Quad,CDADDC,0.003179,
Tim,CDADDD,0.003763,
Quad,CDADDR,0.004556,
Quad,CDADRA,0.004230,
Quad,CDADRC,0.003783,
Quad,CDADRD,0.004347,
Quad,CDADRR,0.004793,
Quad,CDARAA,0.003686,
Quad,CDARAC,0.003839,
Quad,CDARAD,0.003895,
Quad,CDARAR,0.004739,
Quad,CDARCA,0.003461,
Quad,CDARCC,0.003386,
Quad,CDARCD,0.003783,
Quad,CDARCR,0.004708,
Quad,CDARDA,0.004097,
Quad,CDARDC,0.003878,
Quad,CDARDD,0.004217,
Quad,CDARDR,0.004766,
Quad,CDARRA,0.004517,
Quad,CDARRC,0.004499,
Quad,CDARRD,0.004846,
Quad,CDARRR,0.005687,
Quad,CDCAAA,0.002657,
Tim,CDCAAC,0.002445,
Tim,CDCAAD,0.002300,
Quad,CDCAAR,0.003700,
Quad,CDCACA,0.002431,
Tim,CDCACC,0.002092,
Tim,CDCACD,0.002668,
Quad,CDCACR,0.003532,
Tim,CDCADA,0.002798,
Quad,CDCADC,0.002637,
Quad,CDCADD,0.003244,
Quad,CDCADR,0.003667,
Quad,CDCARA,0.003401,
Quad,CDCARC,0.003431,
Quad,CDCARD,0.003621,
Quad,CDCARR,0.004388,
Quad,CDCCAA,0.002286,
Quad,CDCCAC,0.002345,
Tim,CDCCAD,0.002388,
Quad,CDCCAR,0.003407,
Quad,CDCCCA,0.002295,
Tim,CDCCCC,0.002533,
Quad,CDCCCD,0.002722,
Quad,CDCCCR,0.003420,
Quad,CDCCDA,0.002767,
Tim,CDCCDC,0.002629,
Tim,CDCCDD,0.003103,
Quad,CDCCDR,0.003621,
Quad,CDCCRA,0.003314,
Quad,CDCCRC,0.003190,
Quad,CDCCRD,0.003580,
Quad,CDCCRR,0.004474,
Quad,CDCDAA,0.002920,
Quad,CDCDAC,0.002668,
Tim,CDCDAD,0.003229,
Quad,CDCDAR,0.003751,
Tim,CDCDCA,0.002815,
Quad,CDCDCC,0.002503,
Quad,CDCDCD,0.003159,
Quad,CDCDCR,0.003879,
Tim,CDCDDA,0.003260,
Tim,CDCDDC,0.003209,
Tim,CDCDDD,0.003702,
Quad,CDCDDR,0.004036,
Quad,CDCDRA,0.003748,
Quad,CDCDRC,0.003567,
Quad,CDCDRD,0.004219,
Quad,CDCDRR,0.004989,
Quad,CDCRAA,0.003810,
Quad,CDCRAC,0.003438,
Quad,CDCRAD,0.003809,
Quad,CDCRAR,0.004579,
Quad,CDCRCA,0.003542,
Quad,CDCRCC,0.003270,
Quad,CDCRCD,0.004045,
Quad,CDCRCR,0.004352,
Quad,CDCRDA,0.003722,
Quad,CDCRDC,0.003674,
Quad,CDCRDD,0.004185,
Quad,CDCRDR,0.005035,
Quad,CDCRRA,0.004480,
Quad,CDCRRC,0.004421,
Quad,CDCRRD,0.004735,
Quad,CDCRRR,0.005632,
Tim,CDDAAA,0.002768,
Quad,CDDAAC,0.003159,
Tim,CDDAAD,0.003705,
Quad,CDDAAR,0.003694,
Tim,CDDACA,0.002100,
Quad,CDDACC,0.002718,
Tim,CDDACD,0.002884,
Quad,CDDACR,0.003746,
Tim,CDDADA,0.003601,
Quad,CDDADC,0.003164,
Tim,CDDADD,0.004178,
Quad,CDDADR,0.004263,
Quad,CDDARA,0.003876,
Quad,CDDARC,0.003828,
Quad,CDDARD,0.004182,
Quad,CDDARR,0.004937,
Tim,CDDCAA,0.002542,
Tim,CDDCAC,0.002925,
Quad,CDDCAD,0.003274,
Quad,CDDCAR,0.003905,
Tim,CDDCCA,0.002961,
Tim,CDDCCC,0.002537,
Tim,CDDCCD,0.002793,
Quad,CDDCCR,0.003592,
Quad,CDDCDA,0.003216,
Quad,CDDCDC,0.003171,
Tim,CDDCDD,0.003644,
Quad,CDDCDR,0.003998,
Quad,CDDCRA,0.003862,
Quad,CDDCRC,0.003855,
Quad,CDDCRD,0.004120,
Quad,CDDCRR,0.005063,
Tim,CDDDAA,0.003320,
Tim,CDDDAC,0.003052,
Tim,CDDDAD,0.003712,
Quad,CDDDAR,0.004192,
Tim,CDDDCA,0.003476,
Quad,CDDDCC,0.003165,
Tim,CDDDCD,0.002864,
Quad,CDDDCR,0.004199,
Tim,CDDDDA,0.002842,
Tim,CDDDDC,0.003018,
Tim,CDDDDD,0.004085,
Quad,CDDDDR,0.004626,
Quad,CDDDRA,0.004698,
Quad,CDDDRC,0.004125,
Quad,CDDDRD,0.004852,
Quad,CDDDRR,0.005539,
Quad,CDDRAA,0.004181,
Quad,CDDRAC,0.003947,
Quad,CDDRAD,0.004607,
Quad,CDDRAR,0.005013,
Quad,CDDRCA,0.004171,
Quad,CDDRCC,0.003671,
Quad,CDDRCD,0.004227,
Quad,CDDRCR,0.005296,
Quad,CDDRDA,0.004303,
Quad,CDDRDC,0.004114,
Quad,CDDRDD,0.004930,
Quad,CDDRDR,0.005454,
Quad,CDDRRA,0.004863,
Quad,CDDRRC,0.004856,
Quad,CDDRRD,0.005351,
Quad,CDDRRR,0.006119,
Quad,CDRAAA,0.003577,
Quad,CDRAAC,0.003805,
Quad,CDRAAD,0.003871,
Quad,CDRAAR,0.004593,
Quad,CDRACA,0.003704,
Quad,CDRACC,0.003290,
Quad,CDRACD,0.003798,
Quad,CDRACR,0.004559,
Quad,CDRADA,0.003964,
Quad,CDRADC,0.003802,
Quad,CDRADD,0.004394,
Quad,CDRADR,0.004997,
Quad,CDRARA,0.004627,
Quad,CDRARC,0.004328,
Quad,CDRARD,0.004787,
Quad,CDRARR,0.005669,
Quad,CDRCAA,0.003642,
Quad,CDRCAC,0.003329,
Quad,CDRCAD,0.003913,
Quad,CDRCAR,0.004411,
Quad,CDRCCA,0.003823,
Quad,CDRCCC,0.003456,
Quad,CDRCCD,0.003597,
Quad,CDRCCR,0.004398,
Quad,CDRCDA,0.003942,
Quad,CDRCDC,0.003601,
Quad,CDRCDD,0.004249,
Quad,CDRCDR,0.004683,
Quad,CDRCRA,0.004498,
Quad,CDRCRC,0.004162,
Quad,CDRCRD,0.004707,
Quad,CDRCRR,0.005723,
Quad,CDRDAA,0.003870,
Quad,CDRDAC,0.003991,
Quad,CDRDAD,0.004207,
Quad,CDRDAR,0.004984,
Quad,CDRDCA,0.003928,
Quad,CDRDCC,0.003691,
Quad,CDRDCD,0.004197,
Quad,CDRDCR,0.005170,
Quad,CDRDDA,0.004152,
Quad,CDRDDC,0.004214,
Quad,CDRDDD,0.004536,
Quad,CDRDDR,0.005146,
Quad,CDRDRA,0.004916,
Quad,CDRDRC,0.004720,
Quad,CDRDRD,0.005198,
Quad,CDRDRR,0.005892,
Quad,CDRRAA,0.004614,
Quad,CDRRAC,0.004533,
Quad,CDRRAD,0.004983,
Quad,CDRRAR,0.005606,
Quad,CDRRCA,0.004689,
Quad,CDRRCC,0.004272,
Quad,CDRRCD,0.004954,
Quad,CDRRCR,0.005696,
Quad,CDRRDA,0.004848,
Quad,CDRRDC,0.004912,
Quad,CDRRDD,0.005256,
Quad,CDRRDR,0.005788,
Quad,CDRRRA,0.005445,
Quad,CDRRRC,0.005318,
Quad,CDRRRD,0.005694,
Quad,CDRRRR,0.006593,
Quad,CRAAAA,0.003545,
Quad,CRAAAC,0.003330,
Quad,CRAAAD,0.003576,
Quad,CRAAAR,0.004497,
Quad,CRAACA,0.003292,
Quad,CRAACC,0.003254,
Quad,CRAACD,0.003533,
Quad,CRAACR,0.004297,
Quad,CRAADA,0.003669,
Quad,CRAADC,0.003443,
Quad,CRAADD,0.003799,
Quad,CRAADR,0.004443,
Quad,CRAARA,0.004200,
Quad,CRAARC,0.004140,
Quad,CRAARD,0.004551,
Quad,CRAARR,0.005088,
Quad,CRACAA,0.003225,
Quad,CRACAC,0.003050,
Quad,CRACAD,0.003445,
Quad,CRACAR,0.004057,
Quad,CRACCA,0.003220,
Quad,CRACCC,0.003049,
Quad,CRACCD,0.003418,
Quad,CRACCR,0.004073,
Quad,CRACDA,0.003368,
Quad,CRACDC,0.003354,
Quad,CRACDD,0.003777,
Quad,CRACDR,0.004374,
Quad,CRACRA,0.004172,
Quad,CRACRC,0.004103,
Quad,CRACRD,0.004395,
Quad,CRACRR,0.005155,
Quad,CRADAA,0.003722,
Quad,CRADAC,0.003634,
Quad,CRADAD,0.003909,
Quad,CRADAR,0.004461,
Quad,CRADCA,0.003617,
Quad,CRADCC,0.003364,
Quad,CRADCD,0.003901,
Quad,CRADCR,0.004469,
Quad,CRADDA,0.003985,
Quad,CRADDC,0.003745,
Quad,CRADDD,0.004327,
Quad,CRADDR,0.004748,
Quad,CRADRA,0.004589,
Quad,CRADRC,0.004473,
Quad,CRADRD,0.004835,
Quad,CRADRR,0.005457,
Quad,CRARAA,0.004454,
Quad,CRARAC,0.004233,
Quad,CRARAD,0.004571,
Quad,CRARAR,0.005428,
Quad,CRARCA,0.004311,
Quad,CRARCC,0.004218,
Quad,CRARCD,0.004586,
Quad,CRARCR,0.005196,
Quad,CRARDA,0.004595,
Quad,CRARDC,0.004606,
Quad,CRARDD,0.004928,
Quad,CRARDR,0.005502,
Quad,CRARRA,0.005357,
Quad,CRARRC,0.005202,
Quad,CRARRD,0.005600,
Quad,CRARRR,0.006148,
Quad,CRCAAA,0.003178,
Quad,CRCAAC,0.003145,
Quad,CRCAAD,0.003497,
Quad,CRCAAR,0.004289,
Quad,CRCACA,0.003063,
Quad,CRCACC,0.003104,
Quad,CRCACD,0.003427,
Quad,CRCACR,0.004190,
Quad,CRCADA,0.003543,
Quad,CRCADC,0.003190,
Quad,CRCADD,0.003742,
Quad,CRCADR,0.004277,
Quad,CRCARA,0.004255,
Quad,CRCARC,0.004058,
Quad,CRCARD,0.004496,
Quad,CRCARR,0.005048,
Quad,CRCCAA,0.003030,
Quad,CRCCAC,0.003029,
Quad,CRCCAD,0.003501,
Quad,CRCCAR,0.004007,
Quad,CRCCCA,0.003031,
Quad,CRCCCC,0.003046,
Quad,CRCCCD,0.003354,
Quad,CRCCCR,0.003945,
Quad,CRCCDA,0.003414,
Quad,CRCCDC,0.003354,
Quad,CRCCDD,0.003705,
Quad,CRCCDR,0.004479,
Quad,CRCCRA,0.004161,
Quad,CRCCRC,0.003894,
Quad,CRCCRD,0.004418,
Quad,CRCCRR,0.005128,
Quad,CRCDAA,0.003528,
Quad,CRCDAC,0.003484,
Quad,CRCDAD,0.003821,
Quad,CRCDAR,0.004417,
Quad,CRCDCA,0.003385,
Quad,CRCDCC,0.003226,
Quad,CRCDCD,0.003890,
Quad,CRCDCR,0.004459,
Quad,CRCDDA,0.003842,
Quad,CRCDDC,0.003550,
Quad,CRCDDD,0.004136,
Quad,CRCDDR,0.004856,
Quad,CRCDRA,0.004589,
Quad,CRCDRC,0.004423,
Quad,CRCDRD,0.004744,
Quad,CRCDRR,0.005403,
Quad,CRCRAA,0.004305,
Quad,CRCRAC,0.004228,
Quad,CRCRAD,0.004565,
Quad,CRCRAR,0.005278,
Quad,CRCRCA,0.004225,
Quad,CRCRCC,0.004197,
Quad,CRCRCD,0.004589,
Quad,CRCRCR,0.005197,
Quad,CRCRDA,0.004500,
Quad,CRCRDC,0.004341,
Quad,CRCRDD,0.004849,
Quad,CRCRDR,0.005516,
Quad,CRCRRA,0.005051,
Quad,CRCRRC,0.005242,
Quad,CRCRRD,0.005468,
Quad,CRCRRR,0.006212,
Quad,CRDAAA,0.003588,
Quad,CRDAAC,0.003321,
Quad,CRDAAD,0.003875,
Quad,CRDAAR,0.004540,
Quad,CRDACA,0.003456,
Quad,CRDACC,0.003453,
Quad,CRDACD,0.003920,
Quad,CRDACR,0.004496,
Quad,CRDADA,0.003946,
Quad,CRDADC,0.003783,
Quad,CRDADD,0.004198,
Quad,CRDADR,0.004965,
Quad,CRDARA,0.004495,
Quad,CRDARC,0.004559,
Quad,CRDARD,0.004858,
Quad,CRDARR,0.005474,
Quad,CRDCAA,0.003644,
Quad,CRDCAC,0.003421,
Quad,CRDCAD,0.003961,
Quad,CRDCAR,0.004312,
Quad,CRDCCA,0.003263,
Quad,CRDCCC,0.003316,
Quad,CRDCCD,0.003812,
Quad,CRDCCR,0.004498,
Quad,CRDCDA,0.003916,
Quad,CRDCDC,0.003713,
Quad,CRDCDD,0.004165,
Quad,CRDCDR,0.004773,
Quad,CRDCRA,0.004478,
Quad,CRDCRC,0.004410,
Quad,CRDCRD,0.004895,
Quad,CRDCRR,0.005498,
Quad,CRDDAA,0.003920,
Quad,CRDDAC,0.003760,
Quad,CRDDAD,0.004310,
Quad,CRDDAR,0.004869,
Quad,CRDDCA,0.003834,
Quad,CRDDCC,0.003592,
Quad,CRDDCD,0.004222,
Quad,CRDDCR,0.004967,
Quad,CRDDDA,0.004304,
Quad,CRDDDC,0.004144,
Quad,CRDDDD,0.004580,
Quad,CRDDDR,0.005080,
Quad,CRDDRA,0.004820,
Quad,CRDDRC,0.004987,
Quad,CRDDRD,0.005352,
Quad,CRDDRR,0.005832,
Quad,CRDRAA,0.004723,
Quad,CRDRAC,0.004475,
Quad,CRDRAD,0.005038,
Quad,CRDRAR,0.005601,
Quad,CRDRCA,0.004374,
Quad,CRDRCC,0.004468,
Quad,CRDRCD,0.004948,
Quad,CRDRCR,0.005564,
Quad,CRDRDA,0.005029,
Quad,CRDRDC,0.004807,
Quad,CRDRDD,0.005263,
Quad,CRDRDR,0.005898,
Quad,CRDRRA,0.005567,
Quad,CRDRRC,0.005527,
Quad,CRDRRD,0.005798,
Quad,CRDRRR,0.006546,
Quad,CRRAAA,0.004328,
Quad,CRRAAC,0.004097,
Quad,CRRAAD,0.004473,
Quad,CRRAAR,0.005332,
Quad,CRRACA,0.004095,
Quad,CRRACC,0.004113,
Quad,CRRACD,0.004429,
Quad,CRRACR,0.005087,
Quad,CRRADA,0.004496,
Quad,CRRADC,0.004347,
Quad,CRRADD,0.004895,
Quad,CRRADR,0.005465,
Quad,CRRARA,0.005110,
Quad,CRRARC,0.005130,
Quad,CRRARD,0.005462,
Quad,CRRARR,0.006184,
Quad,CRRCAA,0.004230,
Quad,CRRCAC,0.004140,
Quad,CRRCAD,0.004474,
Quad,CRRCAR,0.005011,
Quad,CRRCCA,0.004036,
Quad,CRRCCC,0.003865,
Quad,CRRCCD,0.004425,
Quad,CRRCCR,0.005042,
Quad,CRRCDA,0.004388,
Quad,CRRCDC,0.004441,
Quad,CRRCDD,0.004740,
Quad,CRRCDR,0.005355,
Quad,CRRCRA,0.005107,
Quad,CRRCRC,0.005112,
Quad,CRRCRD,0.005442,
Quad,CRRCRR,0.006177,
Quad,CRRDAA,0.004647,
Quad,CRRDAC,0.004686,
Quad,CRRDAD,0.004911,
Quad,CRRDAR,0.005448,
Quad,CRRDCA,0.004386,
Quad,CRRDCC,0.004323,
Quad,CRRDCD,0.004896,
Quad,CRRDCR,0.005517,
Quad,CRRDDA,0.004853,
Quad,CRRDDC,0.004616,
Quad,CRRDDD,0.005097,
Quad,CRRDDR,0.005828,
Quad,CRRDRA,0.005512,
Quad,CRRDRC,0.005521,
Quad,CRRDRD,0.005916,
Quad,CRRDRR,0.006362,
Quad,CRRRAA,0.005282,
Quad,CRRRAC,0.005218,
Quad,CRRRAD,0.005644,
Quad,CRRRAR,0.006278,
Quad,CRRRCA,0.005141,
Quad,CRRRCC,0.005172,
Quad,CRRRCD,0.005551,
Quad,CRRRCR,0.006284,
Quad,CRRRDA,0.005550,
Quad,CRRRDC,0.005377,
Quad,CRRRDD,0.005899,
Quad,CRRRDR,0.006498,
Quad,CRRRRA,0.006199,
Quad,CRRRRC,0.006154,
Quad,CRRRRD,0.006517,
Quad,CRRRRR,0.007231,
Tim,DAAAAA,0.002769,
Tim,DAAAAC,0.002642,
Tim,DAAAAD,0.003232,
Quad,DAAAAR,0.003820,
Tim,DAAACA,0.002892,
Quad,DAAACC,0.002936,
Quad,DAAACD,0.003243,
Quad,DAAACR,0.003940,
Tim,DAAADA,0.003146,
Quad,DAAADC,0.002832,
Tim,DAAADD,0.002521,
Quad,DAAADR,0.003976,
Quad,DAAARA,0.003847,
Quad,DAAARC,0.003561,
Quad,DAAARD,0.003994,
Quad,DAAARR,0.004603,
Tim,DAACAA,0.002291,
Quad,DAACAC,0.002775,
Quad,DAACAD,0.003176,
Quad,DAACAR,0.003737,
Quad,DAACCA,0.002685,
Quad,DAACCC,0.002440,
Tim,DAACCD,0.002392,
Quad,DAACCR,0.003597,
Tim,DAACDA,0.003534,
Quad,DAACDC,0.003306,
Tim,DAACDD,0.002286,
Quad,DAACDR,0.003941,
Quad,DAACRA,0.003630,
Quad,DAACRC,0.003420,
Quad,DAACRD,0.003912,
Quad,DAACRR,0.004719,
Tim,DAADAA,0.003059,
Tim,DAADAC,0.002904,
Tim,DAADAD,0.002888,
Quad,DAADAR,0.004277,
Tim,DAADCA,0.003233,
Tim,DAADCC,0.002419,
Quad,DAADCD,0.003273,
Quad,DAADCR,0.004307,
Tim,DAADDA,0.002960,
Quad,DAADDC,0.003463,
Tim,DAADDD,0.003940,
Quad,DAADDR,0.004201,
Quad,DAADRA,0.003939,
Quad,DAADRC,0.003806,
Quad,DAADRD,0.004289,
Quad,DAADRR,0.005308,
Quad,DAARAA,0.004075,
Quad,DAARAC,0.003790,
Quad,DAARAD,0.004101,
Quad,DAARAR,0.004929,
Quad,DAARCA,0.003435,
Quad,DAARCC,0.003554,
Quad,DAARCD,0.004081,
Quad,DAARCR,0.004748,
Quad,DAARDA,0.004077,
Quad,DAARDC,0.004221,
Quad,DAARDD,0.004406,
Quad,DAARDR,0.004897,
Quad,DAARRA,0.004607,
Quad,DAARRC,0.004648,
Quad,DAARRD,0.005237,
Quad,DAARRR,0.005551,
Tim,DACAAA,0.002862,
Quad,DACAAC,0.002439,
Tim,DACAAD,0.002210,
Quad,DACAAR,0.003671,
Tim,DACACA,0.002176,
Tim,DACACC,0.001704,
Tim,DACACD,0.002266,
Quad,DACACR,0.003587,
Quad,DACADA,0.002929,
Tim,DACADC,0.002454,
Quad,DACADD,0.003408,
Quad,DACADR,0.003865,
Quad,DACARA,0.003679,
Quad,DACARC,0.003590,
Quad,DACARD,0.004134,
Quad,DACARR,0.004549,
Quad,DACCAA,0.002568,
Tim,DACCAC,0.002379,
Quad,DACCAD,0.002897,
Quad,DACCAR,0.003665,
Tim,DACCCA,0.002051,
Quad,DACCCC,0.002278,
Tim,DACCCD,0.002745,
Quad,DACCCR,0.003385,
Quad,DACCDA,0.002887,
Quad,DACCDC,0.002739,
Tim,DACCDD,0.003188,
Quad,DACCDR,0.003775,
Quad,DACCRA,0.003535,
Quad,DACCRC,0.003433,
Quad,DACCRD,0.003760,
Quad,DACCRR,0.004464,
Tim,DACDAA,0.002975,
Quad,DACDAC,0.002907,
Tim,DACDAD,0.003063,
Quad,DACDAR,0.003943,
Tim,DACDCA,0.002571,
Tim,DACDCC,0.003014,
Quad,DACDCD,0.003095,
Quad,DACDCR,0.003837,
Tim,DACDDA,0.003262,
Tim,DACDDC,0.002459,
Tim,DACDDD,0.003787,
Quad,DACDDR,0.004086,
Quad,DACDRA,0.003858,
Quad,DACDRC,0.003828,
Quad,DACDRD,0.004309,
Quad,DACDRR,0.004922,
Quad,DACRAA,0.003792,
Quad,DACRAC,0.003830,
Quad,DACRAD,0.004193,
Quad,DACRAR,0.004794,
Quad,DACRCA,0.003545,
Quad,DACRCC,0.003621,
Quad,DACRCD,0.003895,
Quad,DACRCR,0.004666,
Quad,DACRDA,0.004149,
Quad,DACRDC,0.003876,
Quad,DACRDD,0.004402,
Quad,DACRDR,0.004848,
Quad,DACRRA,0.004714,
Quad,DACRRC,0.004583,
Quad,DACRRD,0.004964,
Quad,DACRRR,0.005582,
Tim,DADAAA,0.003206,
Tim,DADAAC,0.003087,
Tim,DADAAD,0.003022,
Quad,DADAAR,0.004139,
Tim,DADACA,0.002321,
Tim,DADACC,0.002367,
Tim,DADACD,0.002850,
Quad,DADACR,0.003957,
Quad,DADADA,0.003332,
Quad,DADADC,0.003412,
Tim,DADADD,0.003313,
Quad,DADADR,0.004410,
Quad,DADARA,0.003962,
Quad,DADARC,0.003984,
Quad,DADARD,0.004216,
Quad,DADARR,0.004997,
Tim,DADCAA,0.002932,
Quad,DADCAC,0.003049,
Tim,DADCAD,0.003447,
Quad,DADCAR,0.004025,
Quad,DADCCA,0.003022,
Quad,DADCCC,0.002775,
Tim,DADCCD,0.003470,
Quad,DADCCR,0.003740,
Tim,DADCDA,0.003252,
Tim,DADCDC,0.003438,
Tim,DADCDD,0.003569,
Quad,DADCDR,0.004178,
Quad,DADCRA,0.003940,
Quad,DADCRC,0.003706,
Quad,DADCRD,0.004271,
Quad,DADCRR,0.004973,
Tim,DADDAA,0.003047,
Tim,DADDAC,0.002972,
Tim,DADDAD,0.003573,
Quad,DADDAR,0.004505,
Tim,DADDCA,0.003276,
Tim,DADDCC,0.003314,
Tim,DADDCD,0.003893,
Quad,DADDCR,0.004523,
Tim,DADDDA,0.003124,
Tim,DADDDC,0.003599,
Tim,DADDDD,0.004050,
Quad,DADDDR,0.004672,
Quad,DADDRA,0.004610,
Quad,DADDRC,0.004219,
Quad,DADDRD,0.004821,
Quad,DADDRR,0.005329,
Quad,DADRAA,0.004085,
Quad,DADRAC,0.004069,
Quad,DADRAD,0.004571,
Quad,DADRAR,0.005249,
Quad,DADRCA,0.003949,
Quad,DADRCC,0.003994,
Quad,DADRCD,0.004586,
Quad,DADRCR,0.004954,
Quad,DADRDA,0.004337,
Quad,DADRDC,0.004650,
Quad,DADRDD,0.005014,
Quad,DADRDR,0.005213,
Quad,DADRRA,0.005244,
Quad,DADRRC,0.004867,
Quad,DADRRD,0.005490,
Quad,DADRRR,0.005973,
Quad,DARAAA,0.003665,
Quad,DARAAC,0.003616,
Quad,DARAAD,0.004288,
Quad,DARAAR,0.004723,
Quad,DARACA,0.003576,
Quad,DARACC,0.003528,
Quad,DARACD,0.004148,
Quad,DARACR,0.004602,
Quad,DARADA,0.004226,
Quad,DARADC,0.003829,
Quad,DARADD,0.004205,
Quad,DARADR,0.004911,
Quad,DARARA,0.004824,
Quad,DARARC,0.004558,
Quad,DARARD,0.005060,
Quad,DARARR,0.005548,
Quad,DARCAA,0.003623,
Quad,DARCAC,0.003295,
Quad,DARCAD,0.003999,
Quad,DARCAR,0.004387,
Quad,DARCCA,0.003518,
Quad,DARCCC,0.003549,
Quad,DARCCD,0.003885,
Quad,DARCCR,0.004470,
Quad,DARCDA,0.003871,
Quad,DARCDC,0.003699,
Quad,DARCDD,0.004057,
Quad,DARCDR,0.004874,
Quad,DARCRA,0.004659,
Quad,DARCRC,0.004373,
Quad,DARCRD,0.004922,
Quad,DARCRR,0.005578,
Quad,DARDAA,0.004001,
Quad,DARDAC,0.003866,
Quad,DARDAD,0.004339,
Quad,DARDAR,0.005239,
Quad,DARDCA,0.003947,
Quad,DARDCC,0.003903,
Quad,DARDCD,0.004395,
Quad,DARDCR,0.005059,
Quad,DARDDA,0.004564,
Quad,DARDDC,0.004392,
Quad,DARDDD,0.004718,
Quad,DARDDR,0.005357,
Quad,DARDRA,0.005126,
Quad,DARDRC,0.004729,
Quad,DARDRD,0.005281,
Quad,DARDRR,0.005949,
Quad,DARRAA,0.004911,
Quad,DARRAC,0.004890,
Quad,DARRAD,0.004991,
Quad,DARRAR,0.005683,
Quad,DARRCA,0.004702,
Quad,DARRCC,0.004443,
Quad,DARRCD,0.005005,
Quad,DARRCR,0.005623,
Quad,DARRDA,0.004948,
Quad,DARRDC,0.004951,
Quad,DARRDD,0.005649,
Quad,DARRDR,0.005944,
Quad,DARRRA,0.005776,
Quad,DARRRC,0.005720,
Quad,DARRRD,0.006071,
Quad,DARRRR,0.006568,
Quad,DCAAAA,0.002719,
Quad,DCAAAC,0.002452,
Tim,DCAAAD,0.002969,
Quad,DCAAAR,0.003586,
Quad,DCAACA,0.002652,
Quad,DCAACC,0.002742,
Quad,DCAACD,0.003120,
Quad,DCAACR,0.003474,
Quad,DCAADA,0.002930,
Quad,DCAADC,0.002836,
Tim,DCAADD,0.002723,
Quad,DCAADR,0.003723,
Quad,DCAARA,0.003569,
Quad,DCAARC,0.003418,
Quad,DCAARD,0.003826,
Quad,DCAARR,0.004416,
Quad,DCACAA,0.002503,
Quad,DCACAC,0.002453,
Tim,DCACAD,0.002261,
Quad,DCACAR,0.003551,
Quad,DCACCA,0.002418,
Tim,DCACCC,0.002510,
Tim,DCACCD,0.002781,
Quad,DCACCR,0.003489,
Quad,DCACDA,0.003067,
Quad,DCACDC,0.002602,
Tim,DCACDD,0.003091,
Quad,DCACDR,0.003799,
Quad,DCACRA,0.003488,
Quad,DCACRC,0.003317,
Quad,DCACRD,0.003937,
Quad,DCACRR,0.004335,
Quad,DCADAA,0.002875,
Quad,DCADAC,0.002921,
Quad,DCADAD,0.003436,
Quad,DCADAR,0.004041,
Quad,DCADCA,0.002786,
Quad,DCADCC,0.002799,
Quad,DCADCD,0.003240,
Quad,DCADCR,0.003771,
Tim,DCADDA,0.002695,
Quad,DCADDC,0.003160,
Tim,DCADDD,0.003205,
Quad,DCADDR,0.004070,
Quad,DCADRA,0.003983,
Quad,DCADRC,0.003678,
Quad,DCADRD,0.004215,
Quad,DCADRR,0.004763,
Quad,DCARAA,0.004036,
Quad,DCARAC,0.003662,
Quad,DCARAD,0.003903,
Quad,DCARAR,0.004668,
Quad,DCARCA,0.003542,
Quad,DCARCC,0.003538,
Quad,DCARCD,0.003826,
Quad,DCARCR,0.004670,
Quad,DCARDA,0.003946,
Quad,DCARDC,0.004055,
Quad,DCARDD,0.004240,
Quad,DCARDR,0.004780,
Quad,DCARRA,0.004717,
Quad,DCARRC,0.004514,
Quad,DCARRD,0.004773,
Quad,DCARRR,0.005582,
Tim,DCCAAA,0.002391,
Tim,DCCAAC,0.002126,
Quad,DCCAAD,0.002838,
Quad,DCCAAR,0.003506,
Tim,DCCACA,0.002402,
Quad,DCCACC,0.002167,
Tim,DCCACD,0.002658,
Quad,DCCACR,0.003367,
Quad,DCCADA,0.003076,
Quad,DCCADC,0.002623,
Tim,DCCADD,0.002448,
Quad,DCCADR,0.003785,
Quad,DCCARA,0.003560,
Quad,DCCARC,0.003339,
Quad,DCCARD,0.003734,
Quad,DCCARR,0.004221,
Tim,DCCCAA,0.002463,
Quad,DCCCAC,0.002307,
Quad,DCCCAD,0.002556,
Quad,DCCCAR,0.003345,
Tim,DCCCCA,0.002284,
Tim,DCCCCC,0.001876,
Quad,DCCCCD,0.002719,
Quad,DCCCCR,0.003269,
Tim,DCCCDA,0.002331,
Tim,DCCCDC,0.002635,
Tim,DCCCDD,0.003093,
Quad,DCCCDR,0.003780,
Quad,DCCCRA,0.003295,
Quad,DCCCRC,0.003280,
Quad,DCCCRD,0.003449,
Quad,DCCCRR,0.004458,
Tim,DCCDAA,0.002519,
Tim,DCCDAC,0.002061,
Tim,DCCDAD,0.002693,
Quad,DCCDAR,0.003803,
Tim,DCCDCA,0.003065,
Tim,DCCDCC,0.002386,
Quad,DCCDCD,0.003197,
Quad,DCCDCR,0.003734,
Tim,DCCDDA,0.003154,
Tim,DCCDDC,0.003149,
Tim,DCCDDD,0.003035,
Quad,DCCDDR,0.004285,
Quad,DCCDRA,0.004163,
Quad,DCCDRC,0.003627,
Quad,DCCDRD,0.004134,
Quad,DCCDRR,0.004893,
Quad,DCCRAA,0.003757,
Quad,DCCRAC,0.003395,
Quad,DCCRAD,0.004107,
Quad,DCCRAR,0.004473,
Quad,DCCRCA,0.003454,
Quad,DCCRCC,0.003429,
Quad,DCCRCD,0.003956,
Quad,DCCRCR,0.004673,
Quad,DCCRDA,0.003828,
Quad,DCCRDC,0.003884,
Quad,DCCRDD,0.004195,
Quad,DCCRDR,0.004839,
Quad,DCCRRA,0.004350,
Quad,DCCRRC,0.004406,
Quad,DCCRRD,0.004784,
Quad,DCCRRR,0.005369,
Tim,DCDAAA,0.003512,
Tim,DCDAAC,0.002720,
Quad,DCDAAD,0.003321,
Quad,DCDAAR,0.004213,
Quad,DCDACA,0.002813,
Quad,DCDACC,0.002896,
Quad,DCDACD,0.003180,
Quad,DCDACR,0.003995,
Tim,DCDADA,0.003391,
Tim,DCDADC,0.003222,
Tim,DCDADD,0.002898,
Quad,DCDADR,0.004464,
Quad,DCDARA,0.004055,
Quad,DCDARC,0.003815,
Quad,DCDARD,0.004387,
Quad,DCDARR,0.004939,
Tim,DCDCAA,0.002251,
Quad,DCDCAC,0.003067,
Tim,DCDCAD,0.002652,
Quad,DCDCAR,0.003908,
Quad,DCDCCA,0.002753,
Tim,DCDCCC,0.002757,
Tim,DCDCCD,0.002556,
Quad,DCDCCR,0.004016,
Tim,DCDCDA,0.002614,
Tim,DCDCDC,0.003180,
Tim,DCDCDD,0.003609,
Quad,DCDCDR,0.004290,
Quad,DCDCRA,0.003832,
Quad,DCDCRC,0.003854,
Quad,DCDCRD,0.004222,
Quad,DCDCRR,0.004762,
Tim,DCDDAA,0.003106,
Tim,DCDDAC,0.003479,
Tim,DCDDAD,0.003524,
Quad,DCDDAR,0.004449,
Tim,DCDDCA,0.002687,
Tim,DCDDCC,0.003008,
Tim,DCDDCD,0.003065,
Quad,DCDDCR,0.004380,
Tim,DCDDDA,0.003371,
Tim,DCDDDC,0.003401,
Tim,DCDDDD,0.003817,
Quad,DCDDDR,0.004619,
Quad,DCDDRA,0.004484,
Quad,DCDDRC,0.004153,
Quad,DCDDRD,0.004972,
Quad,DCDDRR,0.005288,
Quad,DCDRAA,0.004037,
Quad,DCDRAC,0.003999,
Quad,DCDRAD,0.004232,
Quad,DCDRAR,0.005283,
Quad,DCDRCA,0.003694,
Quad,DCDRCC,0.003801,
Quad,DCDRCD,0.004365,
Quad,DCDRCR,0.005019,
Quad,DCDRDA,0.004290,
Quad,DCDRDC,0.004372,
Quad,DCDRDD,0.004610,
Quad,DCDRDR,0.005174,
Quad,DCDRRA,0.004881,
Quad,DCDRRC,0.004883,
Quad,DCDRRD,0.005523,
Quad,DCDRRR,0.006008,
Quad,DCRAAA,0.003712,
Quad,DCRAAC,0.003581,
Quad,DCRAAD,0.003831,
Quad,DCRAAR,0.004831,
Quad,DCRACA,0.003447,
Quad,DCRACC,0.003469,
Quad,DCRACD,0.003965,
Quad,DCRACR,0.004573,
Quad,DCRADA,0.003899,
Quad,DCRADC,0.003779,
Quad,DCRADD,0.004298,
Quad,DCRADR,0.004835,
Quad,DCRARA,0.004458,
Quad,DCRARC,0.004827,
Quad,DCRARD,0.004892,
Quad,DCRARR,0.005569,
Quad,DCRCAA,0.003532,
Quad,DCRCAC,0.003339,
Quad,DCRCAD,0.004140,
Quad,DCRCAR,0.004622,
Quad,DCRCCA,0.003327,
Quad,DCRCCC,0.003356,
Quad,DCRCCD,0.003885,
Quad,DCRCCR,0.004995,
Quad,DCRCDA,0.004082,
Quad,DCRCDC,0.003806,
Quad,DCRCDD,0.004436,
Quad,DCRCDR,0.004808,
Quad,DCRCRA,0.004464,
Quad,DCRCRC,0.004616,
Quad,DCRCRD,0.004854,
Quad,DCRCRR,0.005634,
Quad,DCRDAA,0.003967,
Quad,DCRDAC,0.003865,
Quad,DCRDAD,0.004574,
Quad,DCRDAR,0.005209,
Quad,DCRDCA,0.004204,
Quad,DCRDCC,0.003861,
Quad,DCRDCD,0.004262,
Quad,DCRDCR,0.004891,
Quad,DCRDDA,0.004352,
Quad,DCRDDC,0.004325,
Quad,DCRDDD,0.004459,
Quad,DCRDDR,0.005192,
Quad,DCRDRA,0.004731,
Quad,DCRDRC,0.004842,
Quad,DCRDRD,0.005266,
Quad,DCRDRR,0.005772,
Quad,DCRRAA,0.004802,
Quad,DCRRAC,0.004838,
Quad,DCRRAD,0.005087,
Quad,DCRRAR,0.005613,
Quad,DCRRCA,0.004564,
Quad,DCRRCC,0.004574,
Quad,DCRRCD,0.005110,
Quad,DCRRCR,0.005729,
Quad,DCRRDA,0.004992,
Quad,DCRRDC,0.004675,
Quad,DCRRDD,0.005307,
Quad,DCRRDR,0.006053,
Quad,DCRRRA,0.005607,
Quad,DCRRRC,0.005452,
Quad,DCRRRD,0.006078,
Quad,DCRRRR,0.006733,
Tim,DDAAAA,0.002883,
Tim,DDAAAC,0.002366,
Tim,DDAAAD,0.002738,
Quad,DDAAAR,0.004429,
Tim,DDAACA,0.003617,
Tim,DDAACC,0.002657,
Tim,DDAACD,0.003630,
Quad,DDAACR,0.003974,
Quad,DDAADA,0.003384,
Tim,DDAADC,0.003255,
Tim,DDAADD,0.003386,
Quad,DDAADR,0.004093,
Quad,DDAARA,0.004139,
Quad,DDAARC,0.003855,
Quad,DDAARD,0.004272,
Quad,DDAARR,0.004841,
Tim,DDACAA,0.003078,
Tim,DDACAC,0.002322,
Tim,DDACAD,0.003152,
Quad,DDACAR,0.003974,
Tim,DDACCA,0.003113,
Tim,DDACCC,0.001823,
Tim,DDACCD,0.003413,
Quad,DDACCR,0.003653,
Tim,DDACDA,0.002710,
Tim,DDACDC,0.003190,
Tim,DDACDD,0.003625,
Quad,DDACDR,0.004139,
Quad,DDACRA,0.003835,
Quad,DDACRC,0.003873,
Quad,DDACRD,0.004251,
Quad,DDACRR,0.004812,
Tim,DDADAA,0.003553,
Tim,DDADAC,0.003484,
Tim,DDADAD,0.003736,
Quad,DDADAR,0.004284,
Tim,DDADCA,0.003039,
Tim,DDADCC,0.002321,
Tim,DDADCD,0.003007,
Quad,DDADCR,0.004332,
Tim,DDADDA,0.004204,
Tim,DDADDC,0.003567,
Tim,DDADDD,0.004213,
Quad,DDADDR,0.004762,
Quad,DDADRA,0.004429,
Quad,DDADRC,0.004267,
Quad,DDADRD,0.004712,
Quad,DDADRR,0.005116,
Quad,DDARAA,0.004110,
Quad,DDARAC,0.003731,
Quad,DDARAD,0.004884,
Quad,DDARAR,0.004931,
Quad,DDARCA,0.004032,
Quad,DDARCC,0.003753,
Quad,DDARCD,0.004387,
Quad,DDARCR,0.005041,
Quad,DDARDA,0.004577,
Quad,DDARDC,0.004135,
Quad,DDARDD,0.004609,
Quad,DDARDR,0.005451,
Quad,DDARRA,0.004903,
Quad,DDARRC,0.004897,
Quad,DDARRD,0.005431,
Quad,DDARRR,0.006176,
Tim,DDCAAA,0.002887,
Tim,DDCAAC,0.002713,
Tim,DDCAAD,0.002965,
Quad,DDCAAR,0.004057,
Tim,DDCACA,0.002682,
Tim,DDCACC,0.001961,
Quad,DDCACD,0.003113,
Quad,DDCACR,0.004031,
Tim,DDCADA,0.003022,
Tim,DDCADC,0.003168,
Tim,DDCADD,0.002443,
Quad,DDCADR,0.004336,
Quad,DDCARA,0.004068,
Quad,DDCARC,0.003793,
Quad,DDCARD,0.004153,
Quad,DDCARR,0.004408,
Tim,DDCCAA,0.002831,
Tim,DDCCAC,0.003098,
Tim,DDCCAD,0.003433,
Quad,DDCCAR,0.003828,
Tim,DDCCCA,0.002327,
Quad,DDCCCC,0.002711,
Quad,DDCCCD,0.003197,
Quad,DDCCCR,0.003646,
Tim,DDCCDA,0.003269,
Tim,DDCCDC,0.003149,
Tim,DDCCDD,0.003561,
Quad,DDCCDR,0.004090,
Quad,DDCCRA,0.003988,
Quad,DDCCRC,0.003731,
Quad,DDCCRD,0.004229,
Quad,DDCCRR,0.004730,
Tim,DDCDAA,0.003113,
Tim,DDCDAC,0.003367,
Tim,DDCDAD,0.003820,
Quad,DDCDAR,0.004439,
Tim,DDCDCA,0.003416,
Tim,DDCDCC,0.001993,
Tim,DDCDCD,0.003557,
Quad,DDCDCR,0.004290,
Tim,DDCDDA,0.003236,
Tim,DDCDDC,0.002279,
Tim,DDCDDD,0.002887,
Quad,DDCDDR,0.004627,
Quad,DDCDRA,0.004586,
Quad,DDCDRC,0.004077,
Quad,DDCDRD,0.004766,
Quad,DDCDRR,0.005172,
Quad,DDCRAA,0.004205,
Quad,DDCRAC,0.003861,
Quad,DDCRAD,0.004595,
Quad,DDCRAR,0.005103,
Quad,DDCRCA,0.003825,
Quad,DDCRCC,0.003924,
Quad,DDCRCD,0.004428,
Quad,DDCRCR,0.004784,
Quad,DDCRDA,0.004614,
Quad,DDCRDC,0.004353,
Quad,DDCRDD,0.004551,
Quad,DDCRDR,0.005336,
Quad,DDCRRA,0.004940,
Quad,DDCRRC,0.004792,
Quad,DDCRRD,0.005152,
Quad,DDCRRR,0.005969,
Tim,DDDAAA,0.002876,
Tim,DDDAAC,0.003230,
Tim,DDDAAD,0.004020,
Quad,DDDAAR,0.004452,
Tim,DDDACA,0.002126,
Quad,DDDACC,0.003058,
Tim,DDDACD,0.002879,
Quad,DDDACR,0.004330,
Tim,DDDADA,0.002366,
Tim,DDDADC,0.002556,
Tim,DDDADD,0.004239,
Quad,DDDADR,0.004766,
Quad,DDDARA,0.004645,
Quad,DDDARC,0.004214,
Quad,DDDARD,0.004659,
Quad,DDDARR,0.005123,
Tim,DDDCAA,0.002922,
Tim,DDDCAC,0.002045,
Tim,DDDCAD,0.003742,
Quad,DDDCAR,0.004075,
Tim,DDDCCA,0.002654,
Tim,DDDCCC,0.003055,
Tim,DDDCCD,0.003699,
Quad,DDDCCR,0.004024,
Tim,DDDCDA,0.003024,
Tim,DDDCDC,0.003569,
Tim,DDDCDD,0.004161,
Quad,DDDCDR,0.004621,
Quad,DDDCRA,0.004051,
Quad,DDDCRC,0.004061,
Quad,DDDCRD,0.004511,
Quad,DDDCRR,0.005199,
Tim,DDDDAA,0.002758,
Tim,DDDDAC,0.002965,
Tim,DDDDAD,0.004007,
Quad,DDDDAR,0.004511,
Tim,DDDDCA,0.002770,
Tim,DDDDCC,0.003381,
Tim,DDDDCD,0.003174,
Quad,DDDDCR,0.004688,
Tim,DDDDDA,0.003814,
Tim,DDDDDC,0.004032,
Tim,DDDDDD,0.004433,
Quad,DDDDDR,0.004970,
Quad,DDDDRA,0.004672,
Quad,DDDDRC,0.004563,
Quad,DDDDRD,0.005460,
Quad,DDDDRR,0.005845,
Quad,DDDRAA,0.005035,
Quad,DDDRAC,0.004137,
Quad,DDDRAD,0.004905,
Quad,DDDRAR,0.005353,
Quad,DDDRCA,0.004481,
Quad,DDDRCC,0.004352,
Quad,DDDRCD,0.004572,
Quad,DDDRCR,0.005326,
Quad,DDDRDA,0.004898,
Quad,DDDRDC,0.004447,
Quad,DDDRDD,0.005216,
Quad,DDDRDR,0.005831,
Quad,DDDRRA,0.005271,
Quad,DDDRRC,0.005335,
Quad,DDDRRD,0.005988,
Quad,DDDRRR,0.006344,
Quad,DDRAAA,0.004476,
Quad,DDRAAC,0.003661,
Quad,DDRAAD,0.004334,
Quad,DDRAAR,0.004923,
Quad,DDRACA,0.004206,
Quad,DDRACC,0.003720,
Quad,DDRACD,0.004013,
Quad,DDRACR,0.004739,
Quad,DDRADA,0.004161,
Quad,DDRADC,0.003971,
Quad,DDRADD,0.004661,
Quad,DDRADR,0.005119,
Quad,DDRARA,0.004904,
Quad,DDRARC,0.004696,
Quad,DDRARD,0.005442,
Quad,DDRARR,0.005927,
Quad,DDRCAA,0.003944,
Quad,DDRCAC,0.003831,
Quad,DDRCAD,0.004564,
Quad,DDRCAR,0.005006,
Quad,DDRCCA,0.003618,
Quad,DDRCCC,0.003710,
Quad,DDRCCD,0.003995,
Quad,DDRCCR,0.004887,
Quad,DDRCDA,0.004129,
Quad,DDRCDC,0.004040,
Quad,DDRCDD,0.004573,
Quad,DDRCDR,0.005009,
Quad,DDRCRA,0.004901,
Quad,DDRCRC,0.004767,
Quad,DDRCRD,0.005059,
Quad,DDRCRR,0.005816,
Quad,DDRDAA,0.004205,
Quad,DDRDAC,0.004268,
Quad,DDRDAD,0.004625,
Quad,DDRDAR,0.005130,
Quad,DDRDCA,0.004006,
Quad,DDRDCC,0.004130,
Quad,DDRDCD,0.004376,
Quad,DDRDCR,0.005306,
Quad,DDRDDA,0.004448,
Quad,DDRDDC,0.004521,
Quad,DDRDDD,0.005129,
Quad,DDRDDR,0.005634,
Quad,DDRDRA,0.005290,
Quad,DDRDRC,0.005247,
Quad,DDRDRD,0.005604,
Quad,DDRDRR,0.006076,
Quad,DDRRAA,0.005029,
Quad,DDRRAC,0.004851,
Quad,DDRRAD,0.005455,
Quad,DDRRAR,0.005984,
Quad,DDRRCA,0.004688,
Quad,DDRRCC,0.004650,
Quad,DDRRCD,0.005356,
Quad,DDRRCR,0.005800,
Quad,DDRRDA,0.005206,
Quad,DDRRDC,0.005147,
Quad,DDRRDD,0.006082,
Quad,DDRRDR,0.006228,
Quad,DDRRRA,0.006180,
Quad,DDRRRC,0.005803,
Quad,DDRRRD,0.006241,
Quad,DDRRRR,0.006811,
Quad,DRAAAA,0.003918,
Quad,DRAAAC,0.003535,
Quad,DRAAAD,0.004015,
Quad,DRAAAR,0.004774,
Quad,DRAACA,0.003798,
Quad,DRAACC,0.003529,
Quad,DRAACD,0.004338,
Quad,DRAACR,0.004531,
Quad,DRAADA,0.003802,
Quad,DRAADC,0.003801,
Quad,DRAADD,0.004339,
Quad,DRAADR,0.004704,
Quad,DRAARA,0.004625,
Quad,DRAARC,0.004667,
Quad,DRAARD,0.004809,
Quad,DRAARR,0.005537,
Quad,DRACAA,0.003689,
Quad,DRACAC,0.003444,
Quad,DRACAD,0.003826,
Quad,DRACAR,0.004522,
Quad,DRACCA,0.003641,
Quad,DRACCC,0.003273,
Quad,DRACCD,0.003766,
Quad,DRACCR,0.004467,
Quad,DRACDA,0.003783,
Quad,DRACDC,0.003909,
Quad,DRACDD,0.004095,
Quad,DRACDR,0.005072,
Quad,DRACRA,0.004579,
Quad,DRACRC,0.004421,
Quad,DRACRD,0.004731,
Quad,DRACRR,0.005444,
Quad,DRADAA,0.004056,
Quad,DRADAC,0.003845,
Quad,DRADAD,0.004472,
Quad,DRADAR,0.004903,
Quad,DRADCA,0.003870,
Quad,DRADCC,0.003683,
Quad,DRADCD,0.004447,
Quad,DRADCR,0.004882,
Quad,DRADDA,0.004277,
Quad,DRADDC,0.003916,
Quad,DRADDD,0.004512,
Quad,DRADDR,0.005445,
Quad,DRADRA,0.004909,
Quad,DRADRC,0.004909,
Quad,DRADRD,0.005393,
Quad,DRADRR,0.006039,
Quad,DRARAA,0.004723,
Quad,DRARAC,0.004588,
Quad,DRARAD,0.005218,
Quad,DRARAR,0.005694,
Quad,DRARCA,0.004509,
Quad,DRARCC,0.004600,
Quad,DRARCD,0.004976,
Quad,DRARCR,0.005655,
Quad,DRARDA,0.004896,
Quad,DRARDC,0.004886,
Quad,DRARDD,0.005282,
Quad,DRARDR,0.006210,
Quad,DRARRA,0.005774,
Quad,DRARRC,0.005460,
Quad,DRARRD,0.005962,
Quad,DRARRR,0.006567,
Quad,DRCAAA,0.003543,
Quad,DRCAAC,0.003727,
Quad,DRCAAD,0.004237,
Quad,DRCAAR,0.004410,
Quad,DRCACA,0.003503,
Quad,DRCACC,0.003285,
Quad,DRCACD,0.004010,
Quad,DRCACR,0.004508,
Quad,DRCADA,0.003803,
Quad,DRCADC,0.003814,
Quad,DRCADD,0.004282,
Quad,DRCADR,0.004639,
Quad,DRCARA,0.004613,
Quad,DRCARC,0.004375,
Quad,DRCARD,0.004888,
Quad,DRCARR,0.005462,
Quad,DRCCAA,0.003614,
Quad,DRCCAC,0.003407,
Quad,DRCCAD,0.004016,
Quad,DRCCAR,0.004346,
Quad,DRCCCA,0.003197,
Quad,DRCCCC,0.003259,
Quad,DRCCCD,0.003661,
Quad,DRCCCR,0.004465,
Quad,DRCCDA,0.003780,
Quad,DRCCDC,0.003843,
Quad,DRCCDD,0.004197,
Quad,DRCCDR,0.004904,
Quad,DRCCRA,0.004425,
Quad,DRCCRC,0.004439,
Quad,DRCCRD,0.004723,
Quad,DRCCRR,0.005382,
Quad,DRCDAA,0.003807,
Quad,DRCDAC,0.003768,
Quad,DRCDAD,0.004382,
Quad,DRCDAR,0.004895,
Quad,DRCDCA,0.003753,
Quad,DRCDCC,0.003876,
Quad,DRCDCD,0.004116,
Quad,DRCDCR,0.004877,
Quad,DRCDDA,0.004564,
Quad,DRCDDC,0.004238,
Quad,DRCDDD,0.004529,
Quad,DRCDDR,0.005201,
Quad,DRCDRA,0.004869,
Quad,DRCDRC,0.004686,
Quad,DRCDRD,0.005152,
Quad,DRCDRR,0.006034,
Quad,DRCRAA,0.004772,
Quad,DRCRAC,0.004672,
Quad,DRCRAD,0.005202,
Quad,DRCRAR,0.005511,
Quad,DRCRCA,0.004726,
Quad,DRCRCC,0.004462,
Quad,DRCRCD,0.004881,
Quad,DRCRCR,0.005625,
Quad,DRCRDA,0.004871,
Quad,DRCRDC,0.004839,
Quad,DRCRDD,0.004933,
Quad,DRCRDR,0.005915,
Quad,DRCRRA,0.005514,
Quad,DRCRRC,0.005418,
Quad,DRCRRD,0.005971,
Quad,DRCRRR,0.006495,
Quad,DRDAAA,0.004162,
Quad,DRDAAC,0.003961,
Quad,DRDAAD,0.004316,
Quad,DRDAAR,0.005008,
Quad,DRDACA,0.003821,
Quad,DRDACC,0.003707,
Quad,DRDACD,0.004239,
Quad,DRDACR,0.004763,
Quad,DRDADA,0.004176,
Quad,DRDADC,0.004227,
Quad,DRDADD,0.004631,
Quad,DRDADR,0.005169,
Quad,DRDARA,0.004861,
Quad,DRDARC,0.004837,
Quad,DRDARD,0.005110,
Quad,DRDARR,0.005831,
Quad,DRDCAA,0.004056,
Quad,DRDCAC,0.003706,
Quad,DRDCAD,0.004033,
Quad,DRDCAR,0.004793,
Quad,DRDCCA,0.003860,
Quad,DRDCCC,0.003766,
Quad,DRDCCD,0.003947,
Quad,DRDCCR,0.004700,
Quad,DRDCDA,0.004465,
Quad,DRDCDC,0.004167,
Quad,DRDCDD,0.004585,
Quad,DRDCDR,0.005057,
Quad,DRDCRA,0.004948,
Quad,DRDCRC,0.004735,
Quad,DRDCRD,0.005125,
Quad,DRDCRR,0.005943,
Quad,DRDDAA,0.004271,
Quad,DRDDAC,0.004296,
Quad,DRDDAD,0.004921,
Quad,DRDDAR,0.005399,
Quad,DRDDCA,0.004053,
Quad,DRDDCC,0.004304,
Quad,DRDDCD,0.004977,
Quad,DRDDCR,0.005051,
Quad,DRDDDA,0.004779,
Quad,DRDDDC,0.004565,
Quad,DRDDDD,0.005086,
Quad,DRDDDR,0.005629,
Quad,DRDDRA,0.005231,
Quad,DRDDRC,0.005156,
Quad,DRDDRD,0.005715,
Quad,DRDDRR,0.006231,
Quad,DRDRAA,0.005381,
Quad,DRDRAC,0.004922,
Quad,DRDRAD,0.005300,
Quad,DRDRAR,0.006105,
Quad,DRDRCA,0.004814,
Quad,DRDRCC,0.004855,
Quad,DRDRCD,0.005245,
Quad,DRDRCR,0.005929,
Quad,DRDRDA,0.005253,
Quad,DRDRDC,0.005217,
Quad,DRDRDD,0.005668,
Quad,DRDRDR,0.006218,
Quad,DRDRRA,0.005950,
Quad,DRDRRC,0.005794,
Quad,DRDRRD,0.006159,
Quad,DRDRRR,0.007059,
Quad,DRRAAA,0.004795,
Quad,DRRAAC,0.004483,
Quad,DRRAAD,0.005143,
Quad,DRRAAR,0.005692,
Quad,DRRACA,0.004559,
Quad,DRRACC,0.004427,
Quad,DRRACD,0.004920,
Quad,DRRACR,0.005837,
Quad,DRRADA,0.005207,
Quad,DRRADC,0.004705,
Quad,DRRADD,0.005447,
Quad,DRRADR,0.005913,
Quad,DRRARA,0.005500,
Quad,DRRARC,0.005518,
Quad,DRRARD,0.006035,
Quad,DRRARR,0.006465,
Quad,DRRCAA,0.004546,
Quad,DRRCAC,0.004354,
Quad,DRRCAD,0.004783,
Quad,DRRCAR,0.005768,
Quad,DRRCCA,0.004486,
Quad,DRRCCC,0.004348,
Quad,DRRCCD,0.004785,
Quad,DRRCCR,0.005570,
Quad,DRRCDA,0.004752,
Quad,DRRCDC,0.004714,
Quad,DRRCDD,0.005268,
Quad,DRRCDR,0.005791,
Quad,DRRCRA,0.005449,
Quad,DRRCRC,0.005465,
Quad,DRRCRD,0.005801,
Quad,DRRCRR,0.006392,
Quad,DRRDAA,0.005078,
Quad,DRRDAC,0.004931,
Quad,DRRDAD,0.005196,
Quad,DRRDAR,0.005921,
Quad,DRRDCA,0.004836,
Quad,DRRDCC,0.004640,
Quad,DRRDCD,0.005341,
Quad,DRRDCR,0.005847,
Quad,DRRDDA,0.005212,
Quad,DRRDDC,0.005001,
Quad,DRRDDD,0.005526,
Quad,DRRDDR,0.006462,
Quad,DRRDRA,0.005912,
Quad,DRRDRC,0.005924,
Quad,DRRDRD,0.006156,
Quad,DRRDRR,0.006999,
Quad,DRRRAA,0.005863,
Quad,DRRRAC,0.005501,
Quad,DRRRAD,0.005962,
Quad,DRRRAR,0.006585,
Quad,DRRRCA,0.005556,
Quad,DRRRCC,0.005374,
Quad,DRRRCD,0.005823,
Quad,DRRRCR,0.006532,
Quad,DRRRDA,0.005974,
Quad,DRRRDC,0.005734,
Quad,DRRRDD,0.006255,
Quad,DRRRDR,0.006766,
Quad,DRRRRA,0.006420,
Quad,DRRRRC,0.006488,
Quad,DRRRRD,0.006860,
Quad,DRRRRR,0.007656,
Quad,RAAAAA,0.003693,
Quad,RAAAAC,0.003534,
Quad,RAAAAD,0.003685,
Quad,RAAAAR,0.004410,
Quad,RAAACA,0.003439,
Quad,RAAACC,0.003169,
Quad,RAAACD,0.003889,
Quad,RAAACR,0.004386,
Quad,RAAADA,0.003913,
Quad,RAAADC,0.003537,
Quad,RAAADD,0.004151,
Quad,RAAADR,0.004762,
Quad,RAAARA,0.004645,
Quad,RAAARC,0.004443,
Quad,RAAARD,0.004847,
Quad,RAAARR,0.005399,
Quad,RAACAA,0.003333,
Quad,RAACAC,0.003210,
Quad,RAACAD,0.003773,
Quad,RAACAR,0.004552,
Quad,RAACCA,0.003381,
Quad,RAACCC,0.003213,
Quad,RAACCD,0.003701,
Quad,RAACCR,0.004213,
Quad,RAACDA,0.003439,
Quad,RAACDC,0.003413,
Quad,RAACDD,0.003829,
Quad,RAACDR,0.004744,
Quad,RAACRA,0.004281,
Quad,RAACRC,0.004188,
Quad,RAACRD,0.004582,
Quad,RAACRR,0.005399,
Quad,RAADAA,0.003873,
Quad,RAADAC,0.003594,
Quad,RAADAD,0.004003,
Quad,RAADAR,0.004911,
Quad,RAADCA,0.003464,
Quad,RAADCC,0.003418,
Quad,RAADCD,0.004031,
Quad,RAADCR,0.004607,
Quad,RAADDA,0.004300,
Quad,RAADDC,0.003753,
Quad,RAADDD,0.004382,
Quad,RAADDR,0.004964,
Quad,RAADRA,0.004802,
Quad,RAADRC,0.004557,
Quad,RAADRD,0.005294,
Quad,RAADRR,0.005539,
Quad,RAARAA,0.004707,
Quad,RAARAC,0.004252,
Quad,RAARAD,0.004903,
Quad,RAARAR,0.005648,
Quad,RAARCA,0.004536,
Quad,RAARCC,0.004306,
Quad,RAARCD,0.004482,
Quad,RAARCR,0.005399,
Quad,RAARDA,0.004599,
Quad,RAARDC,0.004452,
Quad,RAARDD,0.004963,
Quad,RAARDR,0.005635,
Quad,RAARRA,0.005503,
Quad,RAARRC,0.005252,
Quad,RAARRD,0.005531,
Quad,RAARRR,0.006257,
Quad,RACAAA,0.003474,
Quad,RACAAC,0.003451,
Quad,RACAAD,0.003721,
Quad,RACAAR,0.004315,
Quad,RACACA,0.003322,
Quad,RACACC,0.002974,
Quad,RACACD,0.003787,
Quad,RACACR,0.004357,
Quad,RACADA,0.003787,
Quad,RACADC,0.003412,
Quad,RACADD,0.003894,
Quad,RACADR,0.004447,
Quad,RACARA,0.004281,
Quad,RACARC,0.004153,
Quad,RACARD,0.004651,
Quad,RACARR,0.005335,
Quad,RACCAA,0.003137,
Quad,RACCAC,0.003170,
Quad,RACCAD,0.003772,
Quad,RACCAR,0.004359,
Quad,RACCCA,0.003233,
Quad,RACCCC,0.003155,
Quad,RACCCD,0.003530,
Quad,RACCCR,0.004197,
Quad,RACCDA,0.003560,
Quad,RACCDC,0.003577,
Quad,RACCDD,0.003763,
Quad,RACCDR,0.004482,
Quad,RACCRA,0.004344,
Quad,RACCRC,0.004165,
Quad,RACCRD,0.004429,
Quad,RACCRR,0.005255,
Quad,RACDAA,0.003731,
Quad,RACDAC,0.003511,
Quad,RACDAD,0.003943,
Quad,RACDAR,0.004640,
Quad,RACDCA,0.003448,
Quad,RACDCC,0.003447,
Quad,RACDCD,0.003923,
Quad,RACDCR,0.004638,
Quad,RACDDA,0.003995,
Quad,RACDDC,0.003827,
Quad,RACDDD,0.004071,
Quad,RACDDR,0.005039,
Quad,RACDRA,0.004527,
Quad,RACDRC,0.004538,
Quad,RACDRD,0.004858,
Quad,RACDRR,0.005623,
Quad,RACRAA,0.004445,
Quad,RACRAC,0.004425,
Quad,RACRAD,0.004515,
Quad,RACRAR,0.005438,
Quad,RACRCA,0.004512,
Quad,RACRCC,0.004192,
Quad,RACRCD,0.004546,
Quad,RACRCR,0.005260,
Quad,RACRDA,0.004483,
Quad,RACRDC,0.004432,
Quad,RACRDD,0.004898,
Quad,RACRDR,0.005687,
Quad,RACRRA,0.005352,
Quad,RACRRC,0.005246,
Quad,RACRRD,0.005600,
Quad,RACRRR,0.006285,
Quad,RADAAA,0.003964,
Quad,RADAAC,0.003578,
Quad,RADAAD,0.003994,
Quad,RADAAR,0.004578,
Quad,RADACA,0.003798,
Quad,RADACC,0.003417,
Quad,RADACD,0.003984,
Quad,RADACR,0.004582,
Quad,RADADA,0.004317,
Quad,RADADC,0.004005,
Quad,RADADD,0.004290,
Quad,RADADR,0.004924,
Quad,RADARA,0.004642,
Quad,RADARC,0.004599,
Quad,RADARD,0.004861,
Quad,RADARR,0.005584,
Quad,RADCAA,0.003761,
Quad,RADCAC,0.003388,
Quad,RADCAD,0.004030,
Quad,RADCAR,0.004544,
Quad,RADCCA,0.003626,
Quad,RADCCC,0.003523,
Quad,RADCCD,0.003647,
Quad,RADCCR,0.004499,
Quad,RADCDA,0.004063,
Quad,RADCDC,0.003961,
Quad,RADCDD,0.004503,
Quad,RADCDR,0.004800,
Quad,RADCRA,0.004745,
Quad,RADCRC,0.004631,
Quad,RADCRD,0.004861,
Quad,RADCRR,0.005535,
Quad,RADDAA,0.004328,
Quad,RADDAC,0.004095,
Quad,RADDAD,0.004546,
Quad,RADDAR,0.005134,
Quad,RADDCA,0.004052,
Quad,RADDCC,0.003793,
Quad,RADDCD,0.004350,
Quad,RADDCR,0.004910,
Quad,RADDDA,0.004359,
Quad,RADDDC,0.004312,
Quad,RADDDD,0.005130,
Quad,RADDDR,0.005195,
Quad,RADDRA,0.005032,
Quad,RADDRC,0.004854,
Quad,RADDRD,0.005231,
Quad,RADDRR,0.005899,
Quad,RADRAA,0.004666,
Quad,RADRAC,0.004738,
Quad,RADRAD,0.005421,
Quad,RADRAR,0.005632,
Quad,RADRCA,0.004755,
Quad,RADRCC,0.004413,
Quad,RADRCD,0.005137,
Quad,RADRCR,0.005719,
Quad,RADRDA,0.005008,
Quad,RADRDC,0.004930,
Quad,RADRDD,0.005328,
Quad,RADRDR,0.005976,
Quad,RADRRA,0.005741,
Quad,RADRRC,0.005610,
Quad,RADRRD,0.005767,
Quad,RADRRR,0.006664,
Quad,RARAAA,0.004336,
Quad,RARAAC,0.004507,
Quad,RARAAD,0.004795,
Quad,RARAAR,0.005343,
Quad,RARACA,0.004208,
Quad,RARACC,0.004286,
Quad,RARACD,0.004651,
Quad,RARACR,0.005343,
Quad,RARADA,0.004641,
Quad,RARADC,0.004712,
Quad,RARADD,0.004979,
Quad,RARADR,0.005610,
Quad,RARARA,0.005203,
Quad,RARARC,0.005192,
Quad,RARARD,0.005637,
Quad,RARARR,0.006373,
Quad,RARCAA,0.004309,
Quad,RARCAC,0.004257,
Quad,RARCAD,0.004598,
Quad,RARCAR,0.005461,
Quad,RARCCA,0.004252,
Quad,RARCCC,0.004240,
Quad,RARCCD,0.004613,
Quad,RARCCR,0.005138,
Quad,RARCDA,0.004528,
Quad,RARCDC,0.004300,
Quad,RARCDD,0.005015,
Quad,RARCDR,0.005515,
Quad,RARCRA,0.005296,
Quad,RARCRC,0.005194,
Quad,RARCRD,0.005634,
Quad,RARCRR,0.006233,
Quad,RARDAA,0.004824,
Quad,RARDAC,0.004731,
Quad,RARDAD,0.005012,
Quad,RARDAR,0.005864,
Quad,RARDCA,0.004545,
Quad,RARDCC,0.004602,
Quad,RARDCD,0.004997,
Quad,RARDCR,0.005671,
Quad,RARDDA,0.004868,
Quad,RARDDC,0.004837,
Quad,RARDDD,0.005184,
Quad,RARDDR,0.005905,
Quad,RARDRA,0.005593,
Quad,RARDRC,0.005552,
Quad,RARDRD,0.005968,
Quad,RARDRR,0.006671,
Quad,RARRAA,0.005507,
Quad,RARRAC,0.005496,
Quad,RARRAD,0.005768,
Quad,RARRAR,0.006472,
Quad,RARRCA,0.005293,
Quad,RARRCC,0.005236,
Quad,RARRCD,0.005640,
Quad,RARRCR,0.006283,
Quad,RARRDA,0.005667,
Quad,RARRDC,0.005620,
Quad,RARRDD,0.005881,
Quad,RARRDR,0.006645,
Quad,RARRRA,0.006304,
Quad,RARRRC,0.006524,
Quad,RARRRD,0.006697,
Quad,RARRRR,0.007282,
Quad,RCAAAA,0.003560,
Quad,RCAAAC,0.003315,
Quad,RCAAAD,0.003700,
Quad,RCAAAR,0.004282,
Quad,RCAACA,0.003289,
Quad,RCAACC,0.003041,
Quad,RCAACD,0.003494,
Quad,RCAACR,0.004220,
Quad,RCAADA,0.003907,
Quad,RCAADC,0.003504,
Quad,RCAADD,0.003752,
Quad,RCAADR,0.004524,
Quad,RCAARA,0.004240,
Quad,RCAARC,0.004127,
Quad,RCAARD,0.004520,
Quad,RCAARR,0.005168,
Quad,RCACAA,0.003178,
Quad,RCACAC,0.003124,
Quad,RCACAD,0.003546,
Quad,RCACAR,0.004136,
Quad,RCACCA,0.003069,
Quad,RCACCC,0.003067,
Quad,RCACCD,0.003478,
Quad,RCACCR,0.004160,
Quad,RCACDA,0.003499,
Quad,RCACDC,0.003341,
Quad,RCACDD,0.003854,
Quad,RCACDR,0.004447,
Quad,RCACRA,0.004311,
Quad,RCACRC,0.004297,
Quad,RCACRD,0.004559,
Quad,RCACRR,0.005352,
Quad,RCADAA,0.003769,
Quad,RCADAC,0.003512,
Quad,RCADAD,0.003967,
Quad,RCADAR,0.004584,
Quad,RCADCA,0.003586,
Quad,RCADCC,0.003424,
Quad,RCADCD,0.003965,
Quad,RCADCR,0.004673,
Quad,RCADDA,0.003682,
Quad,RCADDC,0.003960,
Quad,RCADDD,0.004287,
Quad,RCADDR,0.005050,
Quad,RCADRA,0.004751,
Quad,RCADRC,0.004457,
Quad,RCADRD,0.004947,
Quad,RCADRR,0.005501,
Quad,RCARAA,0.004247,
Quad,RCARAC,0.004421,
Quad,RCARAD,0.004673,
Quad,RCARAR,0.005387,
Quad,RCARCA,0.004213,
Quad,RCARCC,0.004057,
Quad,RCARCD,0.004541,
Quad,RCARCR,0.005181,
Quad,RCARDA,0.004613,
Quad,RCARDC,0.004597,
Quad,RCARDD,0.004934,
Quad,RCARDR,0.005675,
Quad,RCARRA,0.005450,
Quad,RCARRC,0.005337,
Quad,RCARRD,0.005610,
Quad,RCARRR,0.006270,
Quad,RCCAAA,0.003305,
Quad,RCCAAC,0.003285,
Quad,RCCAAD,0.003426,
Quad,RCCAAR,0.004300,
Quad,RCCACA,0.003030,
Quad,RCCACC,0.003238,
Quad,RCCACD,0.003546,
Quad,RCCACR,0.004312,
Quad,RCCADA,0.003560,
Quad,RCCADC,0.003477,
Quad,RCCADD,0.003738,
Quad,RCCADR,0.004553,
Quad,RCCARA,0.004278,
Quad,RCCARC,0.004049,
Quad,RCCARD,0.004625,
Quad,RCCARR,0.005149,
Quad,RCCCAA,0.003200,
Quad,RCCCAC,0.003025,
Quad,RCCCAD,0.003432,
Quad,RCCCAR,0.004135,
Quad,RCCCCA,0.003215,
Quad,RCCCCC,0.003059,
Quad,RCCCCD,0.003335,
Quad,RCCCCR,0.004073,
Quad,RCCCDA,0.003521,
Quad,RCCCDC,0.003442,
Quad,RCCCDD,0.003695,
Quad,RCCCDR,0.004328,
Quad,RCCCRA,0.004084,
Quad,RCCCRC,0.003923,
Quad,RCCCRD,0.004349,
Quad,RCCCRR,0.005104,
Quad,RCCDAA,0.003391,
Quad,RCCDAC,0.003507,
Quad,RCCDAD,0.004095,
Quad,RCCDAR,0.004540,
Quad,RCCDCA,0.003412,
Quad,RCCDCC,0.003459,
Quad,RCCDCD,0.003809,
Quad,RCCDCR,0.004576,
Quad,RCCDDA,0.004088,
Quad,RCCDDC,0.003608,
Quad,RCCDDD,0.004317,
Quad,RCCDDR,0.004741,
Quad,RCCDRA,0.004339,
Quad,RCCDRC,0.004645,
Quad,RCCDRD,0.004787,
Quad,RCCDRR,0.005681,
Quad,RCCRAA,0.004439,
Quad,RCCRAC,0.004257,
Quad,RCCRAD,0.004546,
Quad,RCCRAR,0.005330,
Quad,RCCRCA,0.004105,
Quad,RCCRCC,0.004131,
Quad,RCCRCD,0.004639,
Quad,RCCRCR,0.005105,
Quad,RCCRDA,0.004595,
Quad,RCCRDC,0.004399,
Quad,RCCRDD,0.004902,
Quad,RCCRDR,0.005687,
Quad,RCCRRA,0.005238,
Quad,RCCRRC,0.005282,
Quad,RCCRRD,0.005531,
Quad,RCCRRR,0.006155,
Quad,RCDAAA,0.003901,
Quad,RCDAAC,0.003523,
Quad,RCDAAD,0.004041,
Quad,RCDAAR,0.004420,
Quad,RCDACA,0.003636,
Quad,RCDACC,0.003586,
Quad,RCDACD,0.003964,
Quad,RCDACR,0.004626,
Quad,RCDADA,0.003861,
Quad,RCDADC,0.003831,
Quad,RCDADD,0.004264,
Quad,RCDADR,0.004846,
Quad,RCDARA,0.004618,
Quad,RCDARC,0.004504,
Quad,RCDARD,0.005094,
Quad,RCDARR,0.005650,
Quad,RCDCAA,0.003444,
Quad,RCDCAC,0.003478,
Quad,RCDCAD,0.003974,
Quad,RCDCAR,0.004437,
Quad,RCDCCA,0.003473,
Quad,RCDCCC,0.003448,
Quad,RCDCCD,0.003836,
Quad,RCDCCR,0.004479,
Quad,RCDCDA,0.003773,
Quad,RCDCDC,0.003757,
Quad,RCDCDD,0.004331,
Quad,RCDCDR,0.004747,
Quad,RCDCRA,0.004508,
Quad,RCDCRC,0.004473,
Quad,RCDCRD,0.004695,
Quad,RCDCRR,0.005494,
Quad,RCDDAA,0.004011,
Quad,RCDDAC,0.003836,
Quad,RCDDAD,0.004139,
Quad,RCDDAR,0.005203,
Quad,RCDDCA,0.003795,
Quad,RCDDCC,0.003816,
Quad,RCDDCD,0.004494,
Quad,RCDDCR,0.004889,
Quad,RCDDDA,0.004133,
Quad,RCDDDC,0.004186,
Quad,RCDDDD,0.004534,
Quad,RCDDDR,0.005246,
Quad,RCDDRA,0.004789,
Quad,RCDDRC,0.004785,
Quad,RCDDRD,0.005262,
Quad,RCDDRR,0.005938,
Quad,RCDRAA,0.004667,
Quad,RCDRAC,0.004659,
Quad,RCDRAD,0.005017,
Quad,RCDRAR,0.005704,
Quad,RCDRCA,0.004509,
Quad,RCDRCC,0.004631,
Quad,RCDRCD,0.004867,
Quad,RCDRCR,0.005501,
Quad,RCDRDA,0.004873,
Quad,RCDRDC,0.004641,
Quad,RCDRDD,0.005323,
Quad,RCDRDR,0.005865,
Quad,RCDRRA,0.005726,
Quad,RCDRRC,0.005594,
Quad,RCDRRD,0.006026,
Quad,RCDRRR,0.006528,
Quad,RCRAAA,0.004177,
Quad,RCRAAC,0.004324,
Quad,RCRAAD,0.004674,
Quad,RCRAAR,0.005299,
Quad,RCRACA,0.004244,
Quad,RCRACC,0.004281,
Quad,RCRACD,0.004595,
Quad,RCRACR,0.005337,
Quad,RCRADA,0.004493,
Quad,RCRADC,0.004490,
Quad,RCRADD,0.004831,
Quad,RCRADR,0.005486,
Quad,RCRARA,0.005265,
Quad,RCRARC,0.005174,
Quad,RCRARD,0.005566,
Quad,RCRARR,0.006086,
Quad,RCRCAA,0.004405,
Quad,RCRCAC,0.004055,
Quad,RCRCAD,0.004614,
Quad,RCRCAR,0.005270,
Quad,RCRCCA,0.004129,
Quad,RCRCCC,0.004008,
Quad,RCRCCD,0.004444,
Quad,RCRCCR,0.005197,
Quad,RCRCDA,0.004703,
Quad,RCRCDC,0.004413,
Quad,RCRCDD,0.004790,
Quad,RCRCDR,0.005524,
Quad,RCRCRA,0.005229,
Quad,RCRCRC,0.005374,
Quad,RCRCRD,0.005424,
Quad,RCRCRR,0.006307,
Quad,RCRDAA,0.004839,
Quad,RCRDAC,0.004637,
Quad,RCRDAD,0.005243,
Quad,RCRDAR,0.005584,
Quad,RCRDCA,0.004544,
Quad,RCRDCC,0.004442,
Quad,RCRDCD,0.004878,
Quad,RCRDCR,0.005599,
Quad,RCRDDA,0.005025,
Quad,RCRDDC,0.004897,
Quad,RCRDDD,0.005440,
Quad,RCRDDR,0.005805,
Quad,RCRDRA,0.005510,
Quad,RCRDRC,0.005432,
Quad,RCRDRD,0.005901,
Quad,RCRDRR,0.006504,
Quad,RCRRAA,0.005430,
Quad,RCRRAC,0.005338,
Quad,RCRRAD,0.006001,
Quad,RCRRAR,0.006404,
Quad,RCRRCA,0.005256,
Quad,RCRRCC,0.005194,
Quad,RCRRCD,0.005592,
Quad,RCRRCR,0.006278,
Quad,RCRRDA,0.005612,
Quad,RCRRDC,0.005590,
Quad,RCRRDD,0.005884,
Quad,RCRRDR,0.006618,
Quad,RCRRRA,0.006370,
Quad,RCRRRC,0.006251,
Quad,RCRRRD,0.006756,
Quad,RCRRRR,0.007325,
Quad,RDAAAA,0.003853,
Quad,RDAAAC,0.003897,
Quad,RDAAAD,0.004002,
Quad,RDAAAR,0.004968,
Quad,RDAACA,0.003365,
Quad,RDAACC,0.003416,
Quad,RDAACD,0.003957,
Quad,RDAACR,0.004536,
Quad,RDAADA,0.003937,
Quad,RDAADC,0.004105,
Quad,RDAADD,0.004206,
Quad,RDAADR,0.005083,
Quad,RDAARA,0.004831,
Quad,RDAARC,0.004586,
Quad,RDAARD,0.004979,
Quad,RDAARR,0.005575,
Quad,RDACAA,0.003731,
Quad,RDACAC,0.003537,
Quad,RDACAD,0.003829,
Quad,RDACAR,0.004776,
Quad,RDACCA,0.003681,
Quad,RDACCC,0.003581,
Quad,RDACCD,0.003597,
Quad,RDACCR,0.004666,
Quad,RDACDA,0.004312,
Quad,RDACDC,0.003778,
Quad,RDACDD,0.004446,
Quad,RDACDR,0.004975,
Quad,RDACRA,0.004654,
Quad,RDACRC,0.004410,
Quad,RDACRD,0.004828,
Quad,RDACRR,0.005513,
Quad,RDADAA,0.003996,
Quad,RDADAC,0.004168,
Quad,RDADAD,0.004665,
Quad,RDADAR,0.005036,
Quad,RDADCA,0.004133,
Quad,RDADCC,0.003737,
Quad,RDADCD,0.004205,
Quad,RDADCR,0.005005,
Quad,RDADDA,0.004243,
Quad,RDADDC,0.004255,
Quad,RDADDD,0.004530,
Quad,RDADDR,0.005311,
Quad,RDADRA,0.004806,
Quad,RDADRC,0.004874,
Quad,RDADRD,0.005319,
Quad,RDADRR,0.005924,
Quad,RDARAA,0.004803,
Quad,RDARAC,0.004836,
Quad,RDARAD,0.005424,
Quad,RDARAR,0.005758,
Quad,RDARCA,0.004545,
Quad,RDARCC,0.004744,
Quad,RDARCD,0.005115,
Quad,RDARCR,0.005562,
Quad,RDARDA,0.004859,
Quad,RDARDC,0.004860,
Quad,RDARDD,0.005509,
Quad,RDARDR,0.006151,
Quad,RDARRA,0.005673,
Quad,RDARRC,0.005505,
Quad,RDARRD,0.006152,
Quad,RDARRR,0.006703,
Quad,RDCAAA,0.003449,
Quad,RDCAAC,0.003621,
Quad,RDCAAD,0.004107,
Quad,RDCAAR,0.004716,
Quad,RDCACA,0.003655,
Quad,RDCACC,0.003439,
Quad,RDCACD,0.003721,
Quad,RDCACR,0.004494,
Quad,RDCADA,0.003865,
Quad,RDCADC,0.003768,
Quad,RDCADD,0.004340,
Quad,RDCADR,0.004993,
Quad,RDCARA,0.004422,
Quad,RDCARC,0.004381,
Quad,RDCARD,0.004933,
Quad,RDCARR,0.005305,
Quad,RDCCAA,0.003471,
Quad,RDCCAC,0.003351,
Quad,RDCCAD,0.003638,
Quad,RDCCAR,0.004263,
Quad,RDCCCA,0.003513,
Quad,RDCCCC,0.003308,
Quad,RDCCCD,0.004043,
Quad,RDCCCR,0.004331,
Quad,RDCCDA,0.003682,
Quad,RDCCDC,0.003659,
Quad,RDCCDD,0.004010,
Quad,RDCCDR,0.004739,
Quad,RDCCRA,0.004583,
Quad,RDCCRC,0.004173,
Quad,RDCCRD,0.004753,
Quad,RDCCRR,0.005438,
Quad,RDCDAA,0.003873,
Quad,RDCDAC,0.003894,
Quad,RDCDAD,0.004291,
Quad,RDCDAR,0.005021,
Quad,RDCDCA,0.003721,
Quad,RDCDCC,0.003812,
Quad,RDCDCD,0.004351,
Quad,RDCDCR,0.005110,
Quad,RDCDDA,0.004283,
Quad,RDCDDC,0.004182,
Quad,RDCDDD,0.004600,
Quad,RDCDDR,0.005403,
Quad,RDCDRA,0.004893,
Quad,RDCDRC,0.005126,
Quad,RDCDRD,0.005134,
Quad,RDCDRR,0.005821,
Quad,RDCRAA,0.004686,
Quad,RDCRAC,0.004598,
Quad,RDCRAD,0.005051,
Quad,RDCRAR,0.005590,
Quad,RDCRCA,0.004376,
Quad,RDCRCC,0.004433,
Quad,RDCRCD,0.004922,
Quad,RDCRCR,0.005646,
Quad,RDCRDA,0.004933,
Quad,RDCRDC,0.004983,
Quad,RDCRDD,0.005123,
Quad,RDCRDR,0.005896,
Quad,RDCRRA,0.005598,
Quad,RDCRRC,0.005532,
Quad,RDCRRD,0.005791,
Quad,RDCRRR,0.006555,
Quad,RDDAAA,0.004131,
Quad,RDDAAC,0.003993,
Quad,RDDAAD,0.004655,
Quad,RDDAAR,0.005084,
Quad,RDDACA,0.003861,
Quad,RDDACC,0.003848,
Quad,RDDACD,0.004524,
Quad,RDDACR,0.005019,
Quad,RDDADA,0.004447,
Quad,RDDADC,0.004163,
Quad,RDDADD,0.004596,
Quad,RDDADR,0.005441,
Quad,RDDARA,0.005127,
Quad,RDDARC,0.004879,
Quad,RDDARD,0.005415,
Quad,RDDARR,0.005967,
Quad,RDDCAA,0.003947,
Quad,RDDCAC,0.004134,
Quad,RDDCAD,0.004135,
Quad,RDDCAR,0.005110,
Quad,RDDCCA,0.003622,
Quad,RDDCCC,0.003719,
Quad,RDDCCD,0.004180,
Quad,RDDCCR,0.004919,
Quad,RDDCDA,0.004345,
Quad,RDDCDC,0.004228,
Quad,RDDCDD,0.004530,
Quad,RDDCDR,0.005158,
Quad,RDDCRA,0.004969,
Quad,RDDCRC,0.004782,
Quad,RDDCRD,0.005378,
Quad,RDDCRR,0.005819,
Quad,RDDDAA,0.004920,
Quad,RDDDAC,0.004215,
Quad,RDDDAD,0.005012,
Quad,RDDDAR,0.005504,
Quad,RDDDCA,0.004221,
Quad,RDDDCC,0.004186,
Quad,RDDDCD,0.004945,
Quad,RDDDCR,0.005579,
Quad,RDDDDA,0.004736,
Quad,RDDDDC,0.005025,
Quad,RDDDDD,0.004865,
Quad,RDDDDR,0.005632,
Quad,RDDDRA,0.005440,
Quad,RDDDRC,0.005383,
Quad,RDDDRD,0.005837,
Quad,RDDDRR,0.006094,
Quad,RDDRAA,0.004992,
Quad,RDDRAC,0.005206,
Quad,RDDRAD,0.005530,
Quad,RDDRAR,0.005837,
Quad,RDDRCA,0.004898,
Quad,RDDRCC,0.005064,
Quad,RDDRCD,0.005432,
Quad,RDDRCR,0.006165,
Quad,RDDRDA,0.005330,
Quad,RDDRDC,0.005198,
Quad,RDDRDD,0.005795,
Quad,RDDRDR,0.006493,
Quad,RDDRRA,0.006030,
Quad,RDDRRC,0.005902,
Quad,RDDRRD,0.006372,
Quad,RDDRRR,0.006940,
Quad,RDRAAA,0.004880,
Quad,RDRAAC,0.004704,
Quad,RDRAAD,0.005058,
Quad,RDRAAR,0.005590,
Quad,RDRACA,0.004595,
Quad,RDRACC,0.004356,
Quad,RDRACD,0.004742,
Quad,RDRACR,0.005520,
Quad,RDRADA,0.005022,
Quad,RDRADC,0.004834,
Quad,RDRADD,0.005056,
Quad,RDRADR,0.005740,
Quad,RDRARA,0.005445,
Quad,RDRARC,0.005730,
Quad,RDRARD,0.005989,
Quad,RDRARR,0.006341,
Quad,RDRCAA,0.004714,
Quad,RDRCAC,0.004731,
Quad,RDRCAD,0.004882,
Quad,RDRCAR,0.005535,
Quad,RDRCCA,0.004513,
Quad,RDRCCC,0.004433,
Quad,RDRCCD,0.005095,
Quad,RDRCCR,0.005538,
Quad,RDRCDA,0.004828,
Quad,RDRCDC,0.004776,
Quad,RDRCDD,0.005111,
Quad,RDRCDR,0.006201,
Quad,RDRCRA,0.005470,
Quad,RDRCRC,0.005584,
Quad,RDRCRD,0.005823,
Quad,RDRCRR,0.006599,
Quad,RDRDAA,0.004737,
Quad,RDRDAC,0.005003,
Quad,RDRDAD,0.005376,
Quad,RDRDAR,0.006007,
Quad,RDRDCA,0.004785,
Quad,RDRDCC,0.004801,
Quad,RDRDCD,0.005184,
Quad,RDRDCR,0.005784,
Quad,RDRDDA,0.005682,
Quad,RDRDDC,0.005139,
Quad,RDRDDD,0.005653,
Quad,RDRDDR,0.006432,
Quad,RDRDRA,0.006053,
Quad,RDRDRC,0.005937,
Quad,RDRDRD,0.006209,
Quad,RDRDRR,0.006982,
Quad,RDRRAA,0.005914,
Quad,RDRRAC,0.005722,
Quad,RDRRAD,0.006157,
Quad,RDRRAR,0.006591,
Quad,RDRRCA,0.005696,
Quad,RDRRCC,0.005456,
Quad,RDRRCD,0.005776,
Quad,RDRRCR,0.006615,
Quad,RDRRDA,0.005919,
Quad,RDRRDC,0.005941,
Quad,RDRRDD,0.006142,
Quad,RDRRDR,0.007096,
Quad,RDRRRA,0.006454,
Quad,RDRRRC,0.006609,
Quad,RDRRRD,0.006853,
Quad,RDRRRR,0.007566,
Quad,RRAAAA,0.004714,
Quad,RRAAAC,0.004161,
Quad,RRAAAD,0.004615,
Quad,RRAAAR,0.005373,
Quad,RRAACA,0.004461,
Quad,RRAACC,0.004328,
Quad,RRAACD,0.004770,
Quad,RRAACR,0.005343,
Quad,RRAADA,0.004549,
Quad,RRAADC,0.004482,
Quad,RRAADD,0.005168,
Quad,RRAADR,0.005711,
Quad,RRAARA,0.005315,
Quad,RRAARC,0.005197,
Quad,RRAARD,0.005570,
Quad,RRAARR,0.006242,
Quad,RRACAA,0.004243,
Quad,RRACAC,0.004389,
Quad,RRACAD,0.004451,
Quad,RRACAR,0.005396,
Quad,RRACCA,0.004256,
Quad,RRACCC,0.003592,
Quad,RRACCD,0.004480,
Quad,RRACCR,0.005183,
Quad,RRACDA,0.004527,
Quad,RRACDC,0.004505,
Quad,RRACDD,0.004769,
Quad,RRACDR,0.005421,
Quad,RRACRA,0.005333,
Quad,RRACRC,0.005083,
Quad,RRACRD,0.005605,
Quad,RRACRR,0.006355,
Quad,RRADAA,0.004687,
Quad,RRADAC,0.004738,
Quad,RRADAD,0.005114,
Quad,RRADAR,0.005640,
Quad,RRADCA,0.004701,
Quad,RRADCC,0.004573,
Quad,RRADCD,0.004857,
Quad,RRADCR,0.005541,
Quad,RRADDA,0.004840,
Quad,RRADDC,0.004848,
Quad,RRADDD,0.005319,
Quad,RRADDR,0.006068,
Quad,RRADRA,0.005679,
Quad,RRADRC,0.005671,
Quad,RRADRD,0.005856,
Quad,RRADRR,0.006632,
Quad,RRARAA,0.005258,
Quad,RRARAC,0.005399,
Quad,RRARAD,0.005649,
Quad,RRARAR,0.006428,
Quad,RRARCA,0.005422,
Quad,RRARCC,0.005173,
Quad,RRARCD,0.005516,
Quad,RRARCR,0.006336,
Quad,RRARDA,0.005696,
Quad,RRARDC,0.005520,
Quad,RRARDD,0.005937,
Quad,RRARDR,0.006843,
Quad,RRARRA,0.006524,
Quad,RRARRC,0.006266,
Quad,RRARRD,0.006497,
Quad,RRARRR,0.007312,
Quad,RRCAAA,0.004289,
Quad,RRCAAC,0.004094,
Quad,RRCAAD,0.004691,
Quad,RRCAAR,0.005260,
Quad,RRCACA,0.004181,
Quad,RRCACC,0.004026,
Quad,RRCACD,0.004624,
Quad,RRCACR,0.005392,
Quad,RRCADA,0.004408,
Quad,RRCADC,0.004576,
Quad,RRCADD,0.004820,
Quad,RRCADR,0.005618,
Quad,RRCARA,0.005195,
Quad,RRCARC,0.005236,
Quad,RRCARD,0.005437,
Quad,RRCARR,0.006246,
Quad,RRCCAA,0.004090,
Quad,RRCCAC,0.004104,
Quad,RRCCAD,0.004699,
Quad,RRCCAR,0.005370,
Quad,RRCCCA,0.004114,
Quad,RRCCCC,0.004009,
Quad,RRCCCD,0.004522,
Quad,RRCCCR,0.005375,
Quad,RRCCDA,0.004521,
Quad,RRCCDC,0.004452,
Quad,RRCCDD,0.005019,
Quad,RRCCDR,0.005453,
Quad,RRCCRA,0.005280,
Quad,RRCCRC,0.005173,
Quad,RRCCRD,0.005486,
Quad,RRCCRR,0.006211,
Quad,RRCDAA,0.004703,
Quad,RRCDAC,0.004508,
Quad,RRCDAD,0.004877,
Quad,RRCDAR,0.005533,
Quad,RRCDCA,0.004433,
Quad,RRCDCC,0.004377,
Quad,RRCDCD,0.004811,
Quad,RRCDCR,0.005577,
Quad,RRCDDA,0.004786,
Quad,RRCDDC,0.004710,
Quad,RRCDDD,0.004941,
Quad,RRCDDR,0.005873,
Quad,RRCDRA,0.005768,
Quad,RRCDRC,0.005421,
Quad,RRCDRD,0.005998,
Quad,RRCDRR,0.006443,
Quad,RRCRAA,0.005583,
Quad,RRCRAC,0.005215,
Quad,RRCRAD,0.005686,
Quad,RRCRAR,0.006380,
Quad,RRCRCA,0.005352,
Quad,RRCRCC,0.005190,
Quad,RRCRCD,0.005582,
Quad,RRCRCR,0.006209,
Quad,RRCRDA,0.005662,
Quad,RRCRDC,0.005365,
Quad,RRCRDD,0.006026,
Quad,RRCRDR,0.006529,
Quad,RRCRRA,0.006347,
Quad,RRCRRC,0.006326,
Quad,RRCRRD,0.006746,
Quad,RRCRRR,0.007285,
Quad,RRDAAA,0.004835,
Quad,RRDAAC,0.004394,
Quad,RRDAAD,0.004956,
Quad,RRDAAR,0.005656,
Quad,RRDACA,0.004736,
Quad,RRDACC,0.004435,
Quad,RRDACD,0.004991,
Quad,RRDACR,0.005480,
Quad,RRDADA,0.004983,
Quad,RRDADC,0.004954,
Quad,RRDADD,0.005342,
Quad,RRDADR,0.005835,
Quad,RRDARA,0.005525,
Quad,RRDARC,0.005532,
Quad,RRDARD,0.005852,
Quad,RRDARR,0.006533,
Quad,RRDCAA,0.004448,
Quad,RRDCAC,0.004729,
Quad,RRDCAD,0.004851,
Quad,RRDCAR,0.005514,
Quad,RRDCCA,0.004620,
Quad,RRDCCC,0.004355,
Quad,RRDCCD,0.004914,
Quad,RRDCCR,0.005407,
Quad,RRDCDA,0.004998,
Quad,RRDCDC,0.004853,
Quad,RRDCDD,0.005180,
Quad,RRDCDR,0.005793,
Quad,RRDCRA,0.005563,
Quad,RRDCRC,0.005542,
Quad,RRDCRD,0.005893,
Quad,RRDCRR,0.006711,
Quad,RRDDAA,0.005359,
Quad,RRDDAC,0.004937,
Quad,RRDDAD,0.005285,
Quad,RRDDAR,0.005986,
Quad,RRDDCA,0.004701,
Quad,RRDDCC,0.004875,
Quad,RRDDCD,0.005293,
Quad,RRDDCR,0.005763,
Quad,RRDDDA,0.005200,
Quad,RRDDDC,0.005125,
Quad,RRDDDD,0.005592,
Quad,RRDDDR,0.006427,
Quad,RRDDRA,0.005984,
Quad,RRDDRC,0.005890,
Quad,RRDDRD,0.006524,
Quad,RRDDRR,0.006927,
Quad,RRDRAA,0.005684,
Quad,RRDRAC,0.005495,
Quad,RRDRAD,0.006160,
Quad,RRDRAR,0.006532,
Quad,RRDRCA,0.005651,
Quad,RRDRCC,0.005394,
Quad,RRDRCD,0.006023,
Quad,RRDRCR,0.006752,
Quad,RRDRDA,0.005958,
Quad,RRDRDC,0.005819,
Quad,RRDRDD,0.006323,
Quad,RRDRDR,0.007066,
Quad,RRDRRA,0.006643,
Quad,RRDRRC,0.006540,
Quad,RRDRRD,0.006886,
Quad,RRDRRR,0.007600,
Quad,RRRAAA,0.005329,
Quad,RRRAAC,0.005234,
Quad,RRRAAD,0.005969,
Quad,RRRAAR,0.006403,
Quad,RRRACA,0.005169,
Quad,RRRACC,0.005128,
Quad,RRRACD,0.005446,
Quad,RRRACR,0.006294,
Quad,RRRADA,0.005601,
Quad,RRRADC,0.005406,
Quad,RRRADD,0.005871,
Quad,RRRADR,0.006556,
Quad,RRRARA,0.006235,
Quad,RRRARC,0.006112,
Quad,RRRARD,0.006534,
Quad,RRRARR,0.007287,
Quad,RRRCAA,0.005212,
Quad,RRRCAC,0.005055,
Quad,RRRCAD,0.005361,
Quad,RRRCAR,0.006210,
Quad,RRRCCA,0.005168,
Quad,RRRCCC,0.004993,
Quad,RRRCCD,0.005541,
Quad,RRRCCR,0.006011,
Quad,RRRCDA,0.005480,
Quad,RRRCDC,0.005490,
Quad,RRRCDD,0.005957,
Quad,RRRCDR,0.006465,
Quad,RRRCRA,0.006319,
Quad,RRRCRC,0.006115,
Quad,RRRCRD,0.006467,
Quad,RRRCRR,0.007162,
Quad,RRRDAA,0.005572,
Quad,RRRDAC,0.005614,
Quad,RRRDAD,0.006115,
Quad,RRRDAR,0.006686,
Quad,RRRDCA,0.005524,
Quad,RRRDCC,0.005415,
Quad,RRRDCD,0.005865,
Quad,RRRDCR,0.006486,
Quad,RRRDDA,0.005874,
Quad,RRRDDC,0.005805,
Quad,RRRDDD,0.006202,
Quad,RRRDDR,0.006845,
Quad,RRRDRA,0.006498,
Quad,RRRDRC,0.006486,
Quad,RRRDRD,0.006875,
Quad,RRRDRR,0.007621,
Quad,RRRRAA,0.006392,
Quad,RRRRAC,0.006319,
Quad,RRRRAD,0.006576,
Quad,RRRRAR,0.007297,
Quad,RRRRCA,0.006159,
Quad,RRRRCC,0.006294,
Quad,RRRRCD,0.006658,
Quad,RRRRCR,0.007229,
Quad,RRRRDA,0.006611,
Quad,RRRRDC,0.006376,
Quad,RRRRDD,0.006827,
Quad,RRRRDR,0.007670,
Quad,RRRRRA,0.007479,
Quad,RRRRRC,0.007249,
Quad,RRRRRD,0.007708,
Quad,RRRRRR,0.008410,
