Sorts,Sequence,Time,
Cape,AAAA,0.000586,
Quad,AAAA,0.000643,
Quick,AAAA,0.007515,
Tim,AAAA,0.000562,
Cape,AAAD,0.001564,
Quad,AAAD,0.002352,
Quick,AAAD,0.007896,
Tim,AAAD,0.001537,
Cape,AAAC,0.000561,
Quad,AAAC,0.000622,
Quick,AAAC,0.007287,
Tim,AAAC,0.000547,
Cape,AAAR,0.004050,
Quad,AAAR,0.004028,
Quick,AAAR,0.008954,
Tim,AAAR,0.006698,
Cape,AADA,0.002971,
Quad,AADA,0.002944,
Quick,AADA,0.008699,
Tim,AADA,0.002425,
Cape,AADD,0.002551,
Quad,AADD,0.003301,
Quick,AADD,0.008494,
Tim,AADD,0.002534,
Cape,AADC,0.001961,
Quad,AADC,0.002459,
Quick,AADC,0.008060,
Tim,AADC,0.001950,
Cape,AADR,0.005102,
Quad,AADR,0.005114,
Quick,AADR,0.009630,
Tim,AADR,0.007687,
Cape,AACA,0.000636,
Quad,AACA,0.000623,
Quick,AACA,0.007292,
Tim,AACA,0.000551,
Cape,AACD,0.001790,
Quad,AACD,0.002295,
Quick,AACD,0.007928,
Tim,AACD,0.001778,
Cape,AACC,0.000649,
Quad,AACC,0.000631,
Quick,AACC,0.007388,
Tim,AACC,0.000556,
Cape,AACR,0.004129,
Quad,AACR,0.004119,
Quick,AACR,0.009086,
Tim,AACR,0.006794,
Cape,AARA,0.004027,
Quad,AARA,0.004011,
Quick,AARA,0.008971,
Tim,AARA,0.007273,
Cape,AARD,0.005210,
Quad,AARD,0.005190,
Quick,AARD,0.009738,
Tim,AARD,0.008122,
Cape,AARC,0.004474,
Quad,AARC,0.004452,
Quick,AARC,0.009852,
Tim,AARC,0.007473,
Cape,AARR,0.007197,
Quad,AARR,0.007187,
Quick,AARR,0.011305,
Tim,AARR,0.013723,
Cape,ADAA,0.003198,
Quad,ADAA,0.003161,
Quick,ADAA,0.009045,
Tim,ADAA,0.002754,
Cape,ADAD,0.004420,
Quad,ADAD,0.004388,
Quick,ADAD,0.009676,
Tim,ADAD,0.004299,
Cape,ADAC,0.003016,
Quad,ADAC,0.002989,
Quick,ADAC,0.008543,
Tim,ADAC,0.002608,
Cape,ADAR,0.005685,
Quad,ADAR,0.005657,
Quick,ADAR,0.010116,
Tim,ADAR,0.008608,
Cape,ADDA,0.003453,
Quad,ADDA,0.003434,
Quick,ADDA,0.008486,
Tim,ADDA,0.002893,
Cape,ADDD,0.002831,
Quad,ADDD,0.003774,
Quick,ADDD,0.008158,
Tim,ADDD,0.002807,
Cape,ADDC,0.002657,
Quad,ADDC,0.002947,
Quick,ADDC,0.008015,
Tim,ADDC,0.002638,
Cape,ADDR,0.005811,
Quad,ADDR,0.005782,
Quick,ADDR,0.009603,
Tim,ADDR,0.008694,
Cape,ADCA,0.003035,
Quad,ADCA,0.003021,
Quick,ADCA,0.008668,
Tim,ADCA,0.003129,
Cape,ADCD,0.003103,
Quad,ADCD,0.003071,
Quick,ADCD,0.008081,
Tim,ADCD,0.003321,
Cape,ADCC,0.003144,
Quad,ADCC,0.002419,
Quick,ADCC,0.007877,
Tim,ADCC,0.003138,
Cape,ADCR,0.005345,
Quad,ADCR,0.005320,
Quick,ADCR,0.009961,
Tim,ADCR,0.009278,
Cape,ADRA,0.005766,
Quad,ADRA,0.005737,
Quick,ADRA,0.010306,
Tim,ADRA,0.008798,
Cape,ADRD,0.005808,
Quad,ADRD,0.005795,
Quick,ADRD,0.009626,
Tim,ADRD,0.008913,
Cape,ADRC,0.005079,
Quad,ADRC,0.005082,
Quick,ADRC,0.009494,
Tim,ADRC,0.008637,
Cape,ADRR,0.007714,
Quad,ADRR,0.007704,
Quick,ADRR,0.011089,
Tim,ADRR,0.014283,
Cape,ACAA,0.000639,
Quad,ACAA,0.000624,
Quick,ACAA,0.007311,
Tim,ACAA,0.000553,
Cape,ACAD,0.002357,
Quad,ACAD,0.002342,
Quick,ACAD,0.007884,
Tim,ACAD,0.001534,
Cape,ACAC,0.000636,
Quad,ACAC,0.000622,
Quick,ACAC,0.007292,
Tim,ACAC,0.000552,
Cape,ACAR,0.004025,
Quad,ACAR,0.004008,
Quick,ACAR,0.008942,
Tim,ACAR,0.006576,
Cape,ACDA,0.002872,
Quad,ACDA,0.002856,
Quick,ACDA,0.008538,
Tim,ACDA,0.002654,
Cape,ACDD,0.002301,
Quad,ACDD,0.002997,
Quick,ACDD,0.008041,
Tim,ACDD,0.002281,
Cape,ACDC,0.002471,
Quad,ACDC,0.002451,
Quick,ACDC,0.008202,
Tim,ACDC,0.002260,
Cape,ACDR,0.005035,
Quad,ACDR,0.005042,
Quick,ACDR,0.009550,
Tim,ACDR,0.008239,
Cape,ACCA,0.000639,
Quad,ACCA,0.000626,
Quick,ACCA,0.007329,
Tim,ACCA,0.000552,
Cape,ACCD,0.002012,
Quad,ACCD,0.002279,
Quick,ACCD,0.007887,
Tim,ACCD,0.001998,
Cape,ACCC,0.000567,
Quad,ACCC,0.000627,
Quick,ACCC,0.007332,
Tim,ACCC,0.000548,
Cape,ACCR,0.004035,
Quad,ACCR,0.004040,
Quick,ACCR,0.008987,
Tim,ACCR,0.007115,
Cape,ACRA,0.004003,
Quad,ACRA,0.003987,
Quick,ACRA,0.008886,
Tim,ACRA,0.007121,
Cape,ACRD,0.005083,
Quad,ACRD,0.005065,
Quick,ACRD,0.009535,
Tim,ACRD,0.008302,
Cape,ACRC,0.004209,
Quad,ACRC,0.004194,
Quick,ACRC,0.009221,
Tim,ACRC,0.007404,
Cape,ACRR,0.006652,
Quad,ACRR,0.006637,
Quick,ACRR,0.010528,
Tim,ACRR,0.013240,
Cape,ARAA,0.004037,
Quad,ARAA,0.004031,
Quick,ARAA,0.008974,
Tim,ARAA,0.007059,
Cape,ARAD,0.005032,
Quad,ARAD,0.005018,
Quick,ARAD,0.009532,
Tim,ARAD,0.008238,
Cape,ARAC,0.004070,
Quad,ARAC,0.004029,
Quick,ARAC,0.008972,
Tim,ARAC,0.007253,
Cape,ARAR,0.006814,
Quad,ARAR,0.006797,
Quick,ARAR,0.010774,
Tim,ARAR,0.013355,
Cape,ARDA,0.005679,
Quad,ARDA,0.005661,
Quick,ARDA,0.010318,
Tim,ARDA,0.008728,
Cape,ARDD,0.005666,
Quad,ARDD,0.005657,
Quick,ARDD,0.009635,
Tim,ARDD,0.008397,
Cape,ARDC,0.005139,
Quad,ARDC,0.005117,
Quick,ARDC,0.009621,
Tim,ARDC,0.008126,
Cape,ARDR,0.007786,
Quad,ARDR,0.007759,
Quick,ARDR,0.011224,
Tim,ARDR,0.014128,
Cape,ARCA,0.004037,
Quad,ARCA,0.004022,
Quick,ARCA,0.008986,
Tim,ARCA,0.006967,
Cape,ARCD,0.005132,
Quad,ARCD,0.005128,
Quick,ARCD,0.009753,
Tim,ARCD,0.008460,
Cape,ARCC,0.004160,
Quad,ARCC,0.004148,
Quick,ARCC,0.009161,
Tim,ARCC,0.007332,
Cape,ARCR,0.006682,
Quad,ARCR,0.006650,
Quick,ARCR,0.010571,
Tim,ARCR,0.013093,
Cape,ARRA,0.006689,
Quad,ARRA,0.006692,
Quick,ARRA,0.010598,
Tim,ARRA,0.013377,
Cape,ARRD,0.007875,
Quad,ARRD,0.007832,
Quick,ARRD,0.011317,
Tim,ARRD,0.014405,
Cape,ARRC,0.006793,
Quad,ARRC,0.006779,
Quick,ARRC,0.010740,
Tim,ARRC,0.013441,
Cape,ARRR,0.009518,
Quad,ARRR,0.009511,
Quick,ARRR,0.012456,
Tim,ARRR,0.019380,
Cape,DAAA,0.001410,
Quad,DAAA,0.002443,
Quick,DAAA,0.007908,
Tim,DAAA,0.001392,
Cape,DAAD,0.003477,
Quad,DAAD,0.003469,
Quick,DAAD,0.008478,
Tim,DAAD,0.002392,
Cape,DAAC,0.001411,
Quad,DAAC,0.002389,
Quick,DAAC,0.007881,
Tim,DAAC,0.001394,
Cape,DAAR,0.005198,
Quad,DAAR,0.005179,
Quick,DAAR,0.009628,
Tim,DAAR,0.007406,
Cape,DADA,0.004403,
Quad,DADA,0.004383,
Quick,DADA,0.009663,
Tim,DADA,0.004072,
Cape,DADD,0.004395,
Quad,DADD,0.004364,
Quick,DADD,0.008931,
Tim,DADD,0.004243,
Cape,DADC,0.003718,
Quad,DADC,0.003686,
Quick,DADC,0.008808,
Tim,DADC,0.003495,
Cape,DADR,0.006384,
Quad,DADR,0.006357,
Quick,DADR,0.010419,
Tim,DADR,0.009647,
Cape,DACA,0.002562,
Quad,DACA,0.002541,
Quick,DACA,0.008043,
Tim,DACA,0.001661,
Cape,DACD,0.003672,
Quad,DACD,0.003651,
Quick,DACD,0.008797,
Tim,DACD,0.003300,
Cape,DACC,0.001939,
Quad,DACC,0.002611,
Quick,DACC,0.008156,
Tim,DACC,0.001925,
Cape,DACR,0.005200,
Quad,DACR,0.005201,
Quick,DACR,0.009645,
Tim,DACR,0.007801,
Cape,DARA,0.005202,
Quad,DARA,0.005179,
Quick,DARA,0.009700,
Tim,DARA,0.007937,
Cape,DARD,0.006453,
Quad,DARD,0.006425,
Quick,DARD,0.010407,
Tim,DARD,0.009127,
Cape,DARC,0.005202,
Quad,DARC,0.005194,
Quick,DARC,0.009683,
Tim,DARC,0.007851,
Cape,DARR,0.007782,
Quad,DARR,0.007767,
Quick,DARR,0.011210,
Tim,DARR,0.013306,
Cape,DDAA,0.002091,
Quad,DDAA,0.003352,
Quick,DDAA,0.008505,
Tim,DDAA,0.002070,
Cape,DDAD,0.004227,
Quad,DDAD,0.004205,
Quick,DDAD,0.008817,
Tim,DDAD,0.003061,
Cape,DDAC,0.001852,
Quad,DDAC,0.003003,
Quick,DDAC,0.008035,
Tim,DDAC,0.001834,
Cape,DDAR,0.005737,
Quad,DDAR,0.005702,
Quick,DDAR,0.009696,
Tim,DDAR,0.007938,
Cape,DDDA,0.001968,
Quad,DDDA,0.003496,
Quick,DDDA,0.008175,
Tim,DDDA,0.001957,
Cape,DDDD,0.001857,
Quad,DDDD,0.003811,
Quick,DDDD,0.007848,
Tim,DDDD,0.001844,
Cape,DDDC,0.001732,
Quad,DDDC,0.003194,
Quick,DDDC,0.007716,
Tim,DDDC,0.001724,
Cape,DDDR,0.007623,
Quad,DDDR,0.005864,
Quick,DDDR,0.009307,
Tim,DDDR,0.007594,
Cape,DDCA,0.001848,
Quad,DDCA,0.002994,
Quick,DDCA,0.008017,
Tim,DDCA,0.001835,
Cape,DDCD,0.003311,
Quad,DDCD,0.003305,
Quick,DDCD,0.007702,
Tim,DDCD,0.002314,
Cape,DDCC,0.001619,
Quad,DDCC,0.002656,
Quick,DDCC,0.007553,
Tim,DDCC,0.001594,
Cape,DDCR,0.005306,
Quad,DDCR,0.005297,
Quick,DDCR,0.009114,
Tim,DDCR,0.007682,
Cape,DDRA,0.005671,
Quad,DDRA,0.005645,
Quick,DDRA,0.009641,
Tim,DDRA,0.007896,
Cape,DDRD,0.006142,
Quad,DDRD,0.006116,
Quick,DDRD,0.009421,
Tim,DDRD,0.008124,
Cape,DDRC,0.005377,
Quad,DDRC,0.005372,
Quick,DDRC,0.009224,
Tim,DDRC,0.007622,
Cape,DDRR,0.008005,
Quad,DDRR,0.007997,
Quick,DDRR,0.010836,
Tim,DDRR,0.013722,
Cape,DCAA,0.001682,
Quad,DCAA,0.002407,
Quick,DCAA,0.007896,
Tim,DCAA,0.001661,
Cape,DCAD,0.003710,
Quad,DCAD,0.003698,
Quick,DCAD,0.008817,
Tim,DCAD,0.003303,
Cape,DCAC,0.002491,
Quad,DCAC,0.002468,
Quick,DCAC,0.008032,
Tim,DCAC,0.001927,
Cape,DCAR,0.005167,
Quad,DCAR,0.005157,
Quick,DCAR,0.009606,
Tim,DCAR,0.007739,
Cape,DCDA,0.003185,
Quad,DCDA,0.003149,
Quick,DCDA,0.008178,
Tim,DCDA,0.003019,
Cape,DCDD,0.003218,
Quad,DCDD,0.003202,
Quick,DCDD,0.007719,
Tim,DCDD,0.003531,
Cape,DCDC,0.002601,
Quad,DCDC,0.002585,
Quick,DCDC,0.007578,
Tim,DCDC,0.002793,
Cape,DCDR,0.005272,
Quad,DCDR,0.005244,
Quick,DCDR,0.009236,
Tim,DCDR,0.008929,
Cape,DCCA,0.001941,
Quad,DCCA,0.002504,
Quick,DCCA,0.008073,
Tim,DCCA,0.001942,
Cape,DCCD,0.002702,
Quad,DCCD,0.002680,
Quick,DCCD,0.007724,
Tim,DCCD,0.002595,
Cape,DCCC,0.001673,
Quad,DCCC,0.002060,
Quick,DCCC,0.007576,
Tim,DCCC,0.001652,
Cape,DCCR,0.004797,
Quad,DCCR,0.004792,
Quick,DCCR,0.009164,
Tim,DCCR,0.007999,
Cape,DCRA,0.005163,
Quad,DCRA,0.005163,
Quick,DCRA,0.009602,
Tim,DCRA,0.008117,
Cape,DCRD,0.005597,
Quad,DCRD,0.005585,
Quick,DCRD,0.009408,
Tim,DCRD,0.008435,
Cape,DCRC,0.004926,
Quad,DCRC,0.004896,
Quick,DCRC,0.009326,
Tim,DCRC,0.007998,
Cape,DCRR,0.007558,
Quad,DCRR,0.007526,
Quick,DCRR,0.010874,
Tim,DCRR,0.014234,
Cape,DRAA,0.005040,
Quad,DRAA,0.005017,
Quick,DRAA,0.009444,
Tim,DRAA,0.007756,
Cape,DRAD,0.006424,
Quad,DRAD,0.006408,
Quick,DRAD,0.010430,
Tim,DRAD,0.009221,
Cape,DRAC,0.005160,
Quad,DRAC,0.005140,
Quick,DRAC,0.009633,
Tim,DRAC,0.008246,
Cape,DRAR,0.007753,
Quad,DRAR,0.007753,
Quick,DRAR,0.011175,
Tim,DRAR,0.014313,
Cape,DRDA,0.005760,
Quad,DRDA,0.005763,
Quick,DRDA,0.009648,
Tim,DRDA,0.008321,
Cape,DRDD,0.006069,
Quad,DRDD,0.006064,
Quick,DRDD,0.009346,
Tim,DRDD,0.009454,
Cape,DRDC,0.005456,
Quad,DRDC,0.005452,
Quick,DRDC,0.009188,
Tim,DRDC,0.008669,
Cape,DRDR,0.008169,
Quad,DRDR,0.008141,
Quick,DRDR,0.010858,
Tim,DRDR,0.014784,
Cape,DRCA,0.005129,
Quad,DRCA,0.005111,
Quick,DRCA,0.009601,
Tim,DRCA,0.008476,
Cape,DRCD,0.005319,
Quad,DRCD,0.005302,
Quick,DRCD,0.009098,
Tim,DRCD,0.008998,
Cape,DRCC,0.004793,
Quad,DRCC,0.004779,
Quick,DRCC,0.009142,
Tim,DRCC,0.008762,
Cape,DRCR,0.007581,
Quad,DRCR,0.007566,
Quick,DRCR,0.010935,
Tim,DRCR,0.014343,
Cape,DRRA,0.007787,
Quad,DRRA,0.007763,
Quick,DRRA,0.011216,
Tim,DRRA,0.014503,
Cape,DRRD,0.008217,
Quad,DRRD,0.008214,
Quick,DRRD,0.010948,
Tim,DRRD,0.014403,
Cape,DRRC,0.007516,
Quad,DRRC,0.007504,
Quick,DRRC,0.010813,
Tim,DRRC,0.014173,
Cape,DRRR,0.010246,
Quad,DRRR,0.010226,
Quick,DRRR,0.012604,
Tim,DRRR,0.020303,
Cape,CAAA,0.000565,
Quad,CAAA,0.000625,
Quick,CAAA,0.007296,
Tim,CAAA,0.000549,
Cape,CAAD,0.001553,
Quad,CAAD,0.002340,
Quick,CAAD,0.007869,
Tim,CAAD,0.001535,
Cape,CAAC,0.000643,
Quad,CAAC,0.000626,
Quick,CAAC,0.007312,
Tim,CAAC,0.000551,
Cape,CAAR,0.004044,
Quad,CAAR,0.004038,
Quick,CAAR,0.008982,
Tim,CAAR,0.006710,
Cape,CADA,0.002967,
Quad,CADA,0.002948,
Quick,CADA,0.008694,
Tim,CADA,0.002418,
Cape,CADD,0.002304,
Quad,CADD,0.003080,
Quick,CADD,0.008185,
Tim,CADD,0.002282,
Cape,CADC,0.002468,
Quad,CADC,0.002450,
Quick,CADC,0.008036,
Tim,CADC,0.002153,
Cape,CADR,0.005114,
Quad,CADR,0.005103,
Quick,CADR,0.009605,
Tim,CADR,0.007954,
Cape,CACA,0.000638,
Quad,CACA,0.000625,
Quick,CACA,0.007312,
Tim,CACA,0.000550,
Cape,CACD,0.002302,
Quad,CACD,0.002265,
Quick,CACD,0.007893,
Tim,CACD,0.002008,
Cape,CACC,0.000631,
Quad,CACC,0.000625,
Quick,CACC,0.007290,
Tim,CACC,0.000549,
Cape,CACR,0.004217,
Quad,CACR,0.004179,
Quick,CACR,0.009192,
Tim,CACR,0.006851,
Cape,CARA,0.003998,
Quad,CARA,0.003984,
Quick,CARA,0.008913,
Tim,CARA,0.006947,
Cape,CARD,0.005202,
Quad,CARD,0.005185,
Quick,CARD,0.009700,
Tim,CARD,0.007926,
Cape,CARC,0.004127,
Quad,CARC,0.004106,
Quick,CARC,0.009117,
Tim,CARC,0.006955,
Cape,CARR,0.006844,
Quad,CARR,0.006819,
Quick,CARR,0.010834,
Tim,CARR,0.013073,
Cape,CDAA,0.002228,
Quad,CDAA,0.002290,
Quick,CDAA,0.007878,
Tim,CDAA,0.002220,
Cape,CDAD,0.003523,
Quad,CDAD,0.003488,
Quick,CDAD,0.008670,
Tim,CDAD,0.003716,
Cape,CDAC,0.002351,
Quad,CDAC,0.002343,
Quick,CDAC,0.008073,
Tim,CDAC,0.002963,
Cape,CDAR,0.005088,
Quad,CDAR,0.005081,
Quick,CDAR,0.009691,
Tim,CDAR,0.008242,
Cape,CDDA,0.002626,
Quad,CDDA,0.002778,
Quick,CDDA,0.008047,
Tim,CDDA,0.002606,
Cape,CDDD,0.002537,
Quad,CDDD,0.003090,
Quick,CDDD,0.007688,
Tim,CDDD,0.002526,
Cape,CDDC,0.002495,
Quad,CDDC,0.002474,
Quick,CDDC,0.007560,
Tim,CDDC,0.002375,
Cape,CDDR,0.005148,
Quad,CDDR,0.005147,
Quick,CDDR,0.009171,
Tim,CDDR,0.008256,
Cape,CDCA,0.002410,
Quad,CDCA,0.002386,
Quick,CDCA,0.008037,
Tim,CDCA,0.002756,
Cape,CDCD,0.002593,
Quad,CDCD,0.002576,
Quick,CDCD,0.007624,
Tim,CDCD,0.003028,
Cape,CDCC,0.001984,
Quad,CDCC,0.001961,
Quick,CDCC,0.007483,
Tim,CDCC,0.002892,
Cape,CDCR,0.004712,
Quad,CDCR,0.004708,
Quick,CDCR,0.009207,
Tim,CDCR,0.008663,
Cape,CDRA,0.004974,
Quad,CDRA,0.004949,
Quick,CDRA,0.009519,
Tim,CDRA,0.008447,
Cape,CDRD,0.005277,
Quad,CDRD,0.005257,
Quick,CDRD,0.009182,
Tim,CDRD,0.008696,
Cape,CDRC,0.004564,
Quad,CDRC,0.004546,
Quick,CDRC,0.008988,
Tim,CDRC,0.007964,
Cape,CDRR,0.007346,
Quad,CDRR,0.007323,
Quick,CDRR,0.010758,
Tim,CDRR,0.014334,
Cape,CCAA,0.000628,
Quad,CCAA,0.000627,
Quick,CCAA,0.007303,
Tim,CCAA,0.000548,
Cape,CCAD,0.002010,
Quad,CCAD,0.002336,
Quick,CCAD,0.007866,
Tim,CCAD,0.001989,
Cape,CCAC,0.000638,
Quad,CCAC,0.000624,
Quick,CCAC,0.007298,
Tim,CCAC,0.000552,
Cape,CCAR,0.004013,
Quad,CCAR,0.004006,
Quick,CCAR,0.008898,
Tim,CCAR,0.006738,
Cape,CCDA,0.002148,
Quad,CCDA,0.002521,
Quick,CCDA,0.008160,
Tim,CCDA,0.002130,
Cape,CCDD,0.002035,
Quad,CCDD,0.002459,
Quick,CCDD,0.007582,
Tim,CCDD,0.002019,
Cape,CCDC,0.001861,
Quad,CCDC,0.001841,
Quick,CCDC,0.007469,
Tim,CCDC,0.001902,
Cape,CCDR,0.004500,
Quad,CCDR,0.004482,
Quick,CCDR,0.008970,
Tim,CCDR,0.007983,
Cape,CCCA,0.000561,
Quad,CCCA,0.000625,
Quick,CCCA,0.007295,
Tim,CCCA,0.000548,
Cape,CCCD,0.001749,
Quad,CCCD,0.002039,
Quick,CCCD,0.007577,
Tim,CCCD,0.001742,
Cape,CCCC,0.000560,
Quad,CCCC,0.000625,
Quick,CCCC,0.007305,
Tim,CCCC,0.000549,
Cape,CCCR,0.003958,
Quad,CCCR,0.003936,
Quick,CCCR,0.008875,
Tim,CCCR,0.007135,
Cape,CCRA,0.004036,
Quad,CCRA,0.004032,
Quick,CCRA,0.008960,
Tim,CCRA,0.007696,
Cape,CCRD,0.004912,
Quad,CCRD,0.004907,
Quick,CCRD,0.009351,
Tim,CCRD,0.007996,
Cape,CCRC,0.004134,
Quad,CCRC,0.004133,
Quick,CCRC,0.009124,
Tim,CCRC,0.007739,
Cape,CCRR,0.006870,
Quad,CCRR,0.006868,
Quick,CCRR,0.010841,
Tim,CCRR,0.013548,
Cape,CRAA,0.004046,
Quad,CRAA,0.004039,
Quick,CRAA,0.008951,
Tim,CRAA,0.007629,
Cape,CRAD,0.004979,
Quad,CRAD,0.004976,
Quick,CRAD,0.009472,
Tim,CRAD,0.008550,
Cape,CRAC,0.003985,
Quad,CRAC,0.003968,
Quick,CRAC,0.008893,
Tim,CRAC,0.007179,
Cape,CRAR,0.006691,
Quad,CRAR,0.006674,
Quick,CRAR,0.010587,
Tim,CRAR,0.013244,
Cape,CRDA,0.005106,
Quad,CRDA,0.005090,
Quick,CRDA,0.009645,
Tim,CRDA,0.008471,
Cape,CRDD,0.005496,
Quad,CRDD,0.005478,
Quick,CRDD,0.009431,
Tim,CRDD,0.008128,
Cape,CRDC,0.004848,
Quad,CRDC,0.004816,
Quick,CRDC,0.009247,
Tim,CRDC,0.007991,
Cape,CRDR,0.007442,
Quad,CRDR,0.007453,
Quick,CRDR,0.010820,
Tim,CRDR,0.014055,
Cape,CRCA,0.004012,
Quad,CRCA,0.004010,
Quick,CRCA,0.008959,
Tim,CRCA,0.006959,
Cape,CRCD,0.004766,
Quad,CRCD,0.004763,
Quick,CRCD,0.009292,
Tim,CRCD,0.008356,
Cape,CRCC,0.004051,
Quad,CRCC,0.004024,
Quick,CRCC,0.008977,
Tim,CRCC,0.007762,
Cape,CRCR,0.006872,
Quad,CRCR,0.006839,
Quick,CRCR,0.010806,
Tim,CRCR,0.013617,
Cape,CRRA,0.006752,
Quad,CRRA,0.006740,
Quick,CRRA,0.010654,
Tim,CRRA,0.013916,
Cape,CRRD,0.007438,
Quad,CRRD,0.007418,
Quick,CRRD,0.010770,
Tim,CRRD,0.014096,
Cape,CRRC,0.006903,
Quad,CRRC,0.006892,
Quick,CRRC,0.010922,
Tim,CRRC,0.013753,
Cape,CRRR,0.009610,
Quad,CRRR,0.009588,
Quick,CRRR,0.012503,
Tim,CRRR,0.019772,
Cape,RAAA,0.003976,
Quad,RAAA,0.003955,
Quick,RAAA,0.008904,
Tim,RAAA,0.006499,
Cape,RAAD,0.005044,
Quad,RAAD,0.005027,
Quick,RAAD,0.009567,
Tim,RAAD,0.007651,
Cape,RAAC,0.003998,
Quad,RAAC,0.003984,
Quick,RAAC,0.008908,
Tim,RAAC,0.006527,
Cape,RAAR,0.006614,
Quad,RAAR,0.006623,
Quick,RAAR,0.010471,
Tim,RAAR,0.012332,
Cape,RADA,0.005857,
Quad,RADA,0.005823,
Quick,RADA,0.010635,
Tim,RADA,0.008756,
Cape,RADD,0.005859,
Quad,RADD,0.005868,
Quick,RADD,0.009939,
Tim,RADD,0.008448,
Cape,RADC,0.005259,
Quad,RADC,0.005221,
Quick,RADC,0.009814,
Tim,RADC,0.008284,
Cape,RADR,0.007976,
Quad,RADR,0.007969,
Quick,RADR,0.011504,
Tim,RADR,0.014240,
Cape,RACA,0.003978,
Quad,RACA,0.003964,
Quick,RACA,0.008914,
Tim,RACA,0.006459,
Cape,RACD,0.004946,
Quad,RACD,0.004919,
Quick,RACD,0.009500,
Tim,RACD,0.007586,
Cape,RACC,0.003972,
Quad,RACC,0.003950,
Quick,RACC,0.008893,
Tim,RACC,0.006571,
Cape,RACR,0.006552,
Quad,RACR,0.006555,
Quick,RACR,0.010389,
Tim,RACR,0.012455,
Cape,RARA,0.006635,
Quad,RARA,0.006614,
Quick,RARA,0.010524,
Tim,RARA,0.012998,
Cape,RARD,0.007748,
Quad,RARD,0.007718,
Quick,RARD,0.011172,
Tim,RARD,0.014322,
Cape,RARC,0.006828,
Quad,RARC,0.006823,
Quick,RARC,0.010795,
Tim,RARC,0.013353,
Cape,RARR,0.009435,
Quad,RARR,0.009409,
Quick,RARR,0.012299,
Tim,RARR,0.018794,
Cape,RDAA,0.005117,
Quad,RDAA,0.005090,
Quick,RDAA,0.009570,
Tim,RDAA,0.010748,
Cape,RDAD,0.006255,
Quad,RDAD,0.006250,
Quick,RDAD,0.010261,
Tim,RDAD,0.012024,
Cape,RDAC,0.005111,
Quad,RDAC,0.005076,
Quick,RDAC,0.009518,
Tim,RDAC,0.010400,
Cape,RDAR,0.007777,
Quad,RDAR,0.007746,
Quick,RDAR,0.011114,
Tim,RDAR,0.016825,
Cape,RDDA,0.005663,
Quad,RDDA,0.005656,
Quick,RDDA,0.009755,
Tim,RDDA,0.013735,
Cape,RDDD,0.005910,
Quad,RDDD,0.005893,
Quick,RDDD,0.009412,
Tim,RDDD,0.016368,
Cape,RDDC,0.005351,
Quad,RDDC,0.005327,
Quick,RDDC,0.009258,
Tim,RDDC,0.013246,
Cape,RDDR,0.007943,
Quad,RDDR,0.007921,
Quick,RDDR,0.010763,
Tim,RDDR,0.019027,
Cape,RDCA,0.005140,
Quad,RDCA,0.005115,
Quick,RDCA,0.009577,
Tim,RDCA,0.010392,
Cape,RDCD,0.005352,
Quad,RDCD,0.005313,
Quick,RDCD,0.009144,
Tim,RDCD,0.011142,
Cape,RDCC,0.004794,
Quad,RDCC,0.004796,
Quick,RDCC,0.009139,
Tim,RDCC,0.010393,
Cape,RDCR,0.007517,
Quad,RDCR,0.007501,
Quick,RDCR,0.010784,
Tim,RDCR,0.016575,
Cape,RDRA,0.007859,
Quad,RDRA,0.007831,
Quick,RDRA,0.011285,
Tim,RDRA,0.017085,
Cape,RDRD,0.008310,
Quad,RDRD,0.008267,
Quick,RDRD,0.011061,
Tim,RDRD,0.016980,
Cape,RDRC,0.007494,
Quad,RDRC,0.007467,
Quick,RDRC,0.010772,
Tim,RDRC,0.016460,
Cape,RDRR,0.009987,
Quad,RDRR,0.009949,
Quick,RDRR,0.012161,
Tim,RDRR,0.022998,
Cape,RCAA,0.004104,
Quad,RCAA,0.004086,
Quick,RCAA,0.009021,
Tim,RCAA,0.009382,
Cape,RCAD,0.005123,
Quad,RCAD,0.005117,
Quick,RCAD,0.009586,
Tim,RCAD,0.009138,
Cape,RCAC,0.003998,
Quad,RCAC,0.003975,
Quick,RCAC,0.008891,
Tim,RCAC,0.009018,
Cape,RCAR,0.006749,
Quad,RCAR,0.006699,
Quick,RCAR,0.010610,
Tim,RCAR,0.015419,
Cape,RCDA,0.005121,
Quad,RCDA,0.005087,
Quick,RCDA,0.009624,
Tim,RCDA,0.009729,
Cape,RCDD,0.005356,
Quad,RCDD,0.005341,
Quick,RCDD,0.009192,
Tim,RCDD,0.010441,
Cape,RCDC,0.004712,
Quad,RCDC,0.004680,
Quick,RCDC,0.008994,
Tim,RCDC,0.010899,
Cape,RCDR,0.007471,
Quad,RCDR,0.007422,
Quick,RCDR,0.010694,
Tim,RCDR,0.016308,
Cape,RCCA,0.004104,
Quad,RCCA,0.004092,
Quick,RCCA,0.009035,
Tim,RCCA,0.011843,
Cape,RCCD,0.004684,
Quad,RCCD,0.004676,
Quick,RCCD,0.009153,
Tim,RCCD,0.007581,
Cape,RCCC,0.004223,
Quad,RCCC,0.004212,
Quick,RCCC,0.009325,
Tim,RCCC,0.011280,
Cape,RCCR,0.006962,
Quad,RCCR,0.006932,
Quick,RCCR,0.010916,
Tim,RCCR,0.016335,
Cape,RCRA,0.006834,
Quad,RCRA,0.006823,
Quick,RCRA,0.010703,
Tim,RCRA,0.015986,
Cape,RCRD,0.007558,
Quad,RCRD,0.007523,
Quick,RCRD,0.010874,
Tim,RCRD,0.016175,
Cape,RCRC,0.006976,
Quad,RCRC,0.006946,
Quick,RCRC,0.010872,
Tim,RCRC,0.015861,
Cape,RCRR,0.009641,
Quad,RCRR,0.009614,
Quick,RCRR,0.012603,
Tim,RCRR,0.020695,
Cape,RRAA,0.006729,
Quad,RRAA,0.006713,
Quick,RRAA,0.010638,
Tim,RRAA,0.012839,
Cape,RRAD,0.007692,
Quad,RRAD,0.007672,
Quick,RRAD,0.011116,
Tim,RRAD,0.013730,
Cape,RRAC,0.006631,
Quad,RRAC,0.006649,
Quick,RRAC,0.010516,
Tim,RRAC,0.012742,
Cape,RRAR,0.009438,
Quad,RRAR,0.009418,
Quick,RRAR,0.012226,
Tim,RRAR,0.019260,
Cape,RRDA,0.007922,
Quad,RRDA,0.007891,
Quick,RRDA,0.011501,
Tim,RRDA,0.017219,
Cape,RRDD,0.008172,
Quad,RRDD,0.008156,
Quick,RRDD,0.011040,
Tim,RRDD,0.020072,
Cape,RRDC,0.007397,
Quad,RRDC,0.007392,
Quick,RRDC,0.010740,
Tim,RRDC,0.017192,
Cape,RRDR,0.010123,
Quad,RRDR,0.010086,
Quick,RRDR,0.012303,
Tim,RRDR,0.023128,
Cape,RRCA,0.006767,
Quad,RRCA,0.006740,
Quick,RRCA,0.010631,
Tim,RRCA,0.014119,
Cape,RRCD,0.007496,
Quad,RRCD,0.007480,
Quick,RRCD,0.011001,
Tim,RRCD,0.014927,
Cape,RRCC,0.006787,
Quad,RRCC,0.006774,
Quick,RRCC,0.010673,
Tim,RRCC,0.019774,
Cape,RRCR,0.009556,
Quad,RRCR,0.009531,
Quick,RRCR,0.012484,
Tim,RRCR,0.021351,
Cape,RRRA,0.009385,
Quad,RRRA,0.009382,
Quick,RRRA,0.012291,
Tim,RRRA,0.019255,
Cape,RRRD,0.010266,
Quad,RRRD,0.010242,
Quick,RRRD,0.012612,
Tim,RRRD,0.022814,
Cape,RRRC,0.009465,
Quad,RRRC,0.009449,
Quick,RRRC,0.012311,
Tim,RRRC,0.022531,
Cape,RRRR,0.012180,
Quad,RRRR,0.012185,
Quick,RRRR,0.014042,
Tim,RRRR,0.025337,
