Sorts,Sequence,Time,
Cape,AAAA,0.000284,
Quad,AAAA,0.000313,
Quick,AAAA,0.003519,
Tim,AAAA,0.000278,
Cape,AAAD,0.000794,
Quad,AAAD,0.001212,
Quick,AAAD,0.003843,
Tim,AAAD,0.000786,
Cape,AAAC,0.000286,
Quad,AAAC,0.000327,
Quick,AAAC,0.003553,
Tim,AAAC,0.000277,
Cape,AAAR,0.001814,
Quad,AAAR,0.001795,
Quick,AAAR,0.004387,
Tim,AAAR,0.003247,
Cape,AADA,0.001589,
Quad,AADA,0.001564,
Quick,AADA,0.004294,
Tim,AADA,0.001259,
Cape,AADD,0.001322,
Quad,AADD,0.001736,
Quick,AADD,0.004214,
Tim,AADD,0.001296,
Cape,AADC,0.000986,
Quad,AADC,0.001318,
Quick,AADC,0.003891,
Tim,AADC,0.000984,
Cape,AADR,0.002639,
Quad,AADR,0.002615,
Quick,AADR,0.004814,
Tim,AADR,0.003969,
Cape,AACA,0.000335,
Quad,AACA,0.000335,
Quick,AACA,0.003685,
Tim,AACA,0.000292,
Cape,AACD,0.001003,
Quad,AACD,0.001280,
Quick,AACD,0.004273,
Tim,AACD,0.000996,
Cape,AACC,0.000373,
Quad,AACC,0.000362,
Quick,AACC,0.004034,
Tim,AACC,0.000320,
Cape,AACR,0.002207,
Quad,AACR,0.002209,
Quick,AACR,0.004760,
Tim,AACR,0.003633,
Cape,AARA,0.002221,
Quad,AARA,0.002191,
Quick,AARA,0.004781,
Tim,AARA,0.003791,
Cape,AARD,0.002755,
Quad,AARD,0.002753,
Quick,AARD,0.005066,
Tim,AARD,0.004284,
Cape,AARC,0.002239,
Quad,AARC,0.002229,
Quick,AARC,0.004861,
Tim,AARC,0.003758,
Cape,AARR,0.003402,
Quad,AARR,0.003359,
Quick,AARR,0.005332,
Tim,AARR,0.006586,
Cape,ADAA,0.001532,
Quad,ADAA,0.001498,
Quick,ADAA,0.004253,
Tim,ADAA,0.001335,
Cape,ADAD,0.002523,
Quad,ADAD,0.002530,
Quick,ADAD,0.004949,
Tim,ADAD,0.002277,
Cape,ADAC,0.001576,
Quad,ADAC,0.001540,
Quick,ADAC,0.004350,
Tim,ADAC,0.001373,
Cape,ADAR,0.003092,
Quad,ADAR,0.003073,
Quick,ADAR,0.005205,
Tim,ADAR,0.004399,
Cape,ADDA,0.001979,
Quad,ADDA,0.001938,
Quick,ADDA,0.004507,
Tim,ADDA,0.001604,
Cape,ADDD,0.001555,
Quad,ADDD,0.002007,
Quick,ADDD,0.004308,
Tim,ADDD,0.001524,
Cape,ADDC,0.001502,
Quad,ADDC,0.001888,
Quick,ADDC,0.004339,
Tim,ADDC,0.001476,
Cape,ADDR,0.003195,
Quad,ADDR,0.003208,
Quick,ADDR,0.005212,
Tim,ADDR,0.004709,
Cape,ADCA,0.001722,
Quad,ADCA,0.001693,
Quick,ADCA,0.004710,
Tim,ADCA,0.001755,
Cape,ADCD,0.001718,
Quad,ADCD,0.001709,
Quick,ADCD,0.004015,
Tim,ADCD,0.001715,
Cape,ADCC,0.001661,
Quad,ADCC,0.001276,
Quick,ADCC,0.003980,
Tim,ADCC,0.001649,
Cape,ADCR,0.002791,
Quad,ADCR,0.002784,
Quick,ADCR,0.004831,
Tim,ADCR,0.004535,
Cape,ADRA,0.002949,
Quad,ADRA,0.002921,
Quick,ADRA,0.004970,
Tim,ADRA,0.004319,
Cape,ADRD,0.005910,
Quad,ADRD,0.005858,
Quick,ADRD,0.009255,
Tim,ADRD,0.008584,
Cape,ADRC,0.002660,
Quad,ADRC,0.002648,
Quick,ADRC,0.004620,
Tim,ADRC,0.004284,
Cape,ADRR,0.003917,
Quad,ADRR,0.003895,
Quick,ADRR,0.005424,
Tim,ADRR,0.007101,
Cape,ACAA,0.000324,
Quad,ACAA,0.000313,
Quick,ACAA,0.003485,
Tim,ACAA,0.000275,
Cape,ACAD,0.000963,
Quad,ACAD,0.000940,
Quick,ACAD,0.003812,
Tim,ACAD,0.000770,
Cape,ACAC,0.000324,
Quad,ACAC,0.000313,
Quick,ACAC,0.003480,
Tim,ACAC,0.000275,
Cape,ACAR,0.001768,
Quad,ACAR,0.001744,
Quick,ACAR,0.004315,
Tim,ACAR,0.003226,
Cape,ACDA,0.001542,
Quad,ACDA,0.001523,
Quick,ACDA,0.004159,
Tim,ACDA,0.001319,
Cape,ACDD,0.001152,
Quad,ACDD,0.001493,
Quick,ACDD,0.003851,
Tim,ACDD,0.001138,
Cape,ACDC,0.001270,
Quad,ACDC,0.001246,
Quick,ACDC,0.003800,
Tim,ACDC,0.001093,
Cape,ACDR,0.002486,
Quad,ACDR,0.002469,
Quick,ACDR,0.004565,
Tim,ACDR,0.003963,
Cape,ACCA,0.000326,
Quad,ACCA,0.000314,
Quick,ACCA,0.003505,
Tim,ACCA,0.000276,
Cape,ACCD,0.001007,
Quad,ACCD,0.001147,
Quick,ACCD,0.003777,
Tim,ACCD,0.000997,
Cape,ACCC,0.000283,
Quad,ACCC,0.000311,
Quick,ACCC,0.003483,
Tim,ACCC,0.000273,
Cape,ACCR,0.002065,
Quad,ACCR,0.002055,
Quick,ACCR,0.004414,
Tim,ACCR,0.003502,
Cape,ACRA,0.002114,
Quad,ACRA,0.002084,
Quick,ACRA,0.004536,
Tim,ACRA,0.003655,
Cape,ACRD,0.002727,
Quad,ACRD,0.002740,
Quick,ACRD,0.005050,
Tim,ACRD,0.004449,
Cape,ACRC,0.002227,
Quad,ACRC,0.002201,
Quick,ACRC,0.004659,
Tim,ACRC,0.003769,
Cape,ACRR,0.003441,
Quad,ACRR,0.003448,
Quick,ACRR,0.005379,
Tim,ACRR,0.006728,
Cape,ARAA,0.001992,
Quad,ARAA,0.001976,
Quick,ARAA,0.004301,
Tim,ARAA,0.003550,
Cape,ARAD,0.002622,
Quad,ARAD,0.002607,
Quick,ARAD,0.004595,
Tim,ARAD,0.003878,
Cape,ARAC,0.001983,
Quad,ARAC,0.001962,
Quick,ARAC,0.004273,
Tim,ARAC,0.003400,
Cape,ARAR,0.003412,
Quad,ARAR,0.003389,
Quick,ARAR,0.005093,
Tim,ARAR,0.006265,
Cape,ARDA,0.003014,
Quad,ARDA,0.002998,
Quick,ARDA,0.005008,
Tim,ARDA,0.004350,
Cape,ARDD,0.002979,
Quad,ARDD,0.002961,
Quick,ARDD,0.004749,
Tim,ARDD,0.004072,
Cape,ARDC,0.002756,
Quad,ARDC,0.002753,
Quick,ARDC,0.004686,
Tim,ARDC,0.003965,
Cape,ARDR,0.003905,
Quad,ARDR,0.003879,
Quick,ARDR,0.005373,
Tim,ARDR,0.007024,
Cape,ARCA,0.002050,
Quad,ARCA,0.002027,
Quick,ARCA,0.004382,
Tim,ARCA,0.003572,
Cape,ARCD,0.002687,
Quad,ARCD,0.002679,
Quick,ARCD,0.004676,
Tim,ARCD,0.004124,
Cape,ARCC,0.002121,
Quad,ARCC,0.002109,
Quick,ARCC,0.004420,
Tim,ARCC,0.003469,
Cape,ARCR,0.003496,
Quad,ARCR,0.003480,
Quick,ARCR,0.005221,
Tim,ARCR,0.006450,
Cape,ARRA,0.003445,
Quad,ARRA,0.003427,
Quick,ARRA,0.005135,
Tim,ARRA,0.006582,
Cape,ARRD,0.003948,
Quad,ARRD,0.003942,
Quick,ARRD,0.005444,
Tim,ARRD,0.006941,
Cape,ARRC,0.003556,
Quad,ARRC,0.003544,
Quick,ARRC,0.005219,
Tim,ARRC,0.006620,
Cape,ARRR,0.004794,
Quad,ARRR,0.004790,
Quick,ARRR,0.006042,
Tim,ARRR,0.009472,
Cape,DAAA,0.000706,
Quad,DAAA,0.000953,
Quick,DAAA,0.003769,
Tim,DAAA,0.000694,
Cape,DAAD,0.001829,
Quad,DAAD,0.001811,
Quick,DAAD,0.004067,
Tim,DAAD,0.001191,
Cape,DAAC,0.000710,
Quad,DAAC,0.000958,
Quick,DAAC,0.003793,
Tim,DAAC,0.000695,
Cape,DAAR,0.002626,
Quad,DAAR,0.002614,
Quick,DAAR,0.004600,
Tim,DAAR,0.003595,
Cape,DADA,0.002367,
Quad,DADA,0.002350,
Quick,DADA,0.004667,
Tim,DADA,0.002029,
Cape,DADD,0.002307,
Quad,DADD,0.002281,
Quick,DADD,0.004307,
Tim,DADD,0.002114,
Cape,DADC,0.002067,
Quad,DADC,0.002047,
Quick,DADC,0.004228,
Tim,DADC,0.001746,
Cape,DADR,0.003307,
Quad,DADR,0.003287,
Quick,DADR,0.005055,
Tim,DADR,0.004690,
Cape,DACA,0.000969,
Quad,DACA,0.000959,
Quick,DACA,0.003795,
Tim,DACA,0.000701,
Cape,DACD,0.001907,
Quad,DACD,0.001888,
Quick,DACD,0.004173,
Tim,DACD,0.001520,
Cape,DACC,0.000976,
Quad,DACC,0.001364,
Quick,DACC,0.003933,
Tim,DACC,0.000967,
Cape,DACR,0.002753,
Quad,DACR,0.002735,
Quick,DACR,0.004754,
Tim,DACR,0.003855,
Cape,DARA,0.002678,
Quad,DARA,0.002663,
Quick,DARA,0.004640,
Tim,DARA,0.003922,
Cape,DARD,0.003244,
Quad,DARD,0.003220,
Quick,DARD,0.005020,
Tim,DARD,0.004529,
Cape,DARC,0.002703,
Quad,DARC,0.002689,
Quick,DARC,0.004682,
Tim,DARC,0.003926,
Cape,DARR,0.003940,
Quad,DARR,0.003932,
Quick,DARR,0.005493,
Tim,DARR,0.006635,
Cape,DDAA,0.001047,
Quad,DDAA,0.001622,
Quick,DDAA,0.004070,
Tim,DDAA,0.001031,
Cape,DDAD,0.002242,
Quad,DDAD,0.002228,
Quick,DDAD,0.004242,
Tim,DDAD,0.001531,
Cape,DDAC,0.000948,
Quad,DDAC,0.001526,
Quick,DDAC,0.003937,
Tim,DDAC,0.000937,
Cape,DDAR,0.002901,
Quad,DDAR,0.002890,
Quick,DDAR,0.004634,
Tim,DDAR,0.003792,
Cape,DDDA,0.000992,
Quad,DDDA,0.001944,
Quick,DDDA,0.003932,
Tim,DDDA,0.000980,
Cape,DDDD,0.000933,
Quad,DDDD,0.001909,
Quick,DDDD,0.003751,
Tim,DDDD,0.000918,
Cape,DDDC,0.000875,
Quad,DDDC,0.001668,
Quick,DDDC,0.003704,
Tim,DDDC,0.000868,
Cape,DDDR,0.003751,
Quad,DDDR,0.002913,
Quick,DDDR,0.004498,
Tim,DDDR,0.003751,
Cape,DDCA,0.000931,
Quad,DDCA,0.001490,
Quick,DDCA,0.003845,
Tim,DDCA,0.000920,
Cape,DDCD,0.001738,
Quad,DDCD,0.001720,
Quick,DDCD,0.003699,
Tim,DDCD,0.001161,
Cape,DDCC,0.000818,
Quad,DDCC,0.001299,
Quick,DDCC,0.003615,
Tim,DDCC,0.000799,
Cape,DDCR,0.002740,
Quad,DDCR,0.002727,
Quick,DDCR,0.004428,
Tim,DDCR,0.003819,
Cape,DDRA,0.002916,
Quad,DDRA,0.002919,
Quick,DDRA,0.004640,
Tim,DDRA,0.003922,
Cape,DDRD,0.002913,
Quad,DDRD,0.002893,
Quick,DDRD,0.004457,
Tim,DDRD,0.004094,
Cape,DDRC,0.002722,
Quad,DDRC,0.002704,
Quick,DDRC,0.004422,
Tim,DDRC,0.003885,
Cape,DDRR,0.003956,
Quad,DDRR,0.003942,
Quick,DDRR,0.005170,
Tim,DDRR,0.006764,
Cape,DCAA,0.000839,
Quad,DCAA,0.001205,
Quick,DCAA,0.003791,
Tim,DCAA,0.000831,
Cape,DCAD,0.002010,
Quad,DCAD,0.001982,
Quick,DCAD,0.004241,
Tim,DCAD,0.001535,
Cape,DCAC,0.001219,
Quad,DCAC,0.001197,
Quick,DCAC,0.003801,
Tim,DCAC,0.000831,
Cape,DCAR,0.002660,
Quad,DCAR,0.002646,
Quick,DCAR,0.004639,
Tim,DCAR,0.003734,
Cape,DCDA,0.001607,
Quad,DCDA,0.001590,
Quick,DCDA,0.003847,
Tim,DCDA,0.001508,
Cape,DCDD,0.001677,
Quad,DCDD,0.001662,
Quick,DCDD,0.003697,
Tim,DCDD,0.001866,
Cape,DCDC,0.001435,
Quad,DCDC,0.001412,
Quick,DCDC,0.003618,
Tim,DCDC,0.001393,
Cape,DCDR,0.002654,
Quad,DCDR,0.002638,
Quick,DCDR,0.004382,
Tim,DCDR,0.004247,
Cape,DCCA,0.000997,
Quad,DCCA,0.001280,
Quick,DCCA,0.003946,
Tim,DCCA,0.000987,
Cape,DCCD,0.001553,
Quad,DCCD,0.001533,
Quick,DCCD,0.003703,
Tim,DCCD,0.001293,
Cape,DCCC,0.000839,
Quad,DCCC,0.001127,
Quick,DCCC,0.003627,
Tim,DCCC,0.000829,
Cape,DCCR,0.002553,
Quad,DCCR,0.002535,
Quick,DCCR,0.004428,
Tim,DCCR,0.003985,
Cape,DCRA,0.002700,
Quad,DCRA,0.002675,
Quick,DCRA,0.004615,
Tim,DCRA,0.003931,
Cape,DCRD,0.002857,
Quad,DCRD,0.002845,
Quick,DCRD,0.004511,
Tim,DCRD,0.004142,
Cape,DCRC,0.002591,
Quad,DCRC,0.002566,
Quick,DCRC,0.004494,
Tim,DCRC,0.003886,
Cape,DCRR,0.003732,
Quad,DCRR,0.003715,
Quick,DCRR,0.005143,
Tim,DCRR,0.006674,
Cape,DRAA,0.002461,
Quad,DRAA,0.002447,
Quick,DRAA,0.004582,
Tim,DRAA,0.003894,
Cape,DRAD,0.003246,
Quad,DRAD,0.003230,
Quick,DRAD,0.005030,
Tim,DRAD,0.004647,
Cape,DRAC,0.002420,
Quad,DRAC,0.002407,
Quick,DRAC,0.004531,
Tim,DRAC,0.003821,
Cape,DRAR,0.003910,
Quad,DRAR,0.003890,
Quick,DRAR,0.005447,
Tim,DRAR,0.007050,
Cape,DRDA,0.002962,
Quad,DRDA,0.002948,
Quick,DRDA,0.004656,
Tim,DRDA,0.004249,
Cape,DRDD,0.003080,
Quad,DRDD,0.003056,
Quick,DRDD,0.004536,
Tim,DRDD,0.004636,
Cape,DRDC,0.002776,
Quad,DRDC,0.002765,
Quick,DRDC,0.004410,
Tim,DRDC,0.004149,
Cape,DRDR,0.004016,
Quad,DRDR,0.004015,
Quick,DRDR,0.005213,
Tim,DRDR,0.007137,
Cape,DRCA,0.002550,
Quad,DRCA,0.002535,
Quick,DRCA,0.004653,
Tim,DRCA,0.004151,
Cape,DRCD,0.002744,
Quad,DRCD,0.002729,
Quick,DRCD,0.004448,
Tim,DRCD,0.004331,
Cape,DRCC,0.002291,
Quad,DRCC,0.002285,
Quick,DRCC,0.004352,
Tim,DRCC,0.004363,
Cape,DRCR,0.003719,
Quad,DRCR,0.003709,
Quick,DRCR,0.005141,
Tim,DRCR,0.006944,
Cape,DRRA,0.003937,
Quad,DRRA,0.003917,
Quick,DRRA,0.005399,
Tim,DRRA,0.006943,
Cape,DRRD,0.004318,
Quad,DRRD,0.004272,
Quick,DRRD,0.005552,
Tim,DRRD,0.007426,
Cape,DRRC,0.004018,
Quad,DRRC,0.003980,
Quick,DRRC,0.005531,
Tim,DRRC,0.007133,
Cape,DRRR,0.005193,
Quad,DRRR,0.005197,
Quick,DRRR,0.006221,
Tim,DRRR,0.010317,
Cape,CAAA,0.000292,
Quad,CAAA,0.000327,
Quick,CAAA,0.003631,
Tim,CAAA,0.000284,
Cape,CAAD,0.000785,
Quad,CAAD,0.001187,
Quick,CAAD,0.003775,
Tim,CAAD,0.000770,
Cape,CAAC,0.000338,
Quad,CAAC,0.000325,
Quick,CAAC,0.003609,
Tim,CAAC,0.000288,
Cape,CAAR,0.001766,
Quad,CAAR,0.001755,
Quick,CAAR,0.004321,
Tim,CAAR,0.003214,
Cape,CADA,0.001585,
Quad,CADA,0.001565,
Quick,CADA,0.004167,
Tim,CADA,0.001319,
Cape,CADD,0.001161,
Quad,CADD,0.001551,
Quick,CADD,0.003936,
Tim,CADD,0.001140,
Cape,CADC,0.001322,
Quad,CADC,0.001298,
Quick,CADC,0.003856,
Tim,CADC,0.001078,
Cape,CADR,0.002561,
Quad,CADR,0.002550,
Quick,CADR,0.004656,
Tim,CADR,0.004018,
Cape,CACA,0.000325,
Quad,CACA,0.000313,
Quick,CACA,0.003495,
Tim,CACA,0.000276,
Cape,CACD,0.001159,
Quad,CACD,0.001147,
Quick,CACD,0.003799,
Tim,CACD,0.001000,
Cape,CACC,0.000326,
Quad,CACC,0.000314,
Quick,CACC,0.003499,
Tim,CACC,0.000275,
Cape,CACR,0.002098,
Quad,CACR,0.002072,
Quick,CACR,0.004446,
Tim,CACR,0.003356,
Cape,CARA,0.002030,
Quad,CARA,0.002006,
Quick,CARA,0.004346,
Tim,CARA,0.003587,
Cape,CARD,0.002508,
Quad,CARD,0.002496,
Quick,CARD,0.004637,
Tim,CARD,0.004058,
Cape,CARC,0.002005,
Quad,CARC,0.001990,
Quick,CARC,0.004322,
Tim,CARC,0.003354,
Cape,CARR,0.003249,
Quad,CARR,0.003240,
Quick,CARR,0.005126,
Tim,CARR,0.006181,
Cape,CDAA,0.001124,
Quad,CDAA,0.001149,
Quick,CDAA,0.003778,
Tim,CDAA,0.001121,
Cape,CDAD,0.001943,
Quad,CDAD,0.001930,
Quick,CDAD,0.004242,
Tim,CDAD,0.001891,
Cape,CDAC,0.001166,
Quad,CDAC,0.001143,
Quick,CDAC,0.003780,
Tim,CDAC,0.001113,
Cape,CDAR,0.002605,
Quad,CDAR,0.002589,
Quick,CDAR,0.004555,
Tim,CDAR,0.003961,
Cape,CDDA,0.001317,
Quad,CDDA,0.001649,
Quick,CDDA,0.003863,
Tim,CDDA,0.001311,
Cape,CDDD,0.001279,
Quad,CDDD,0.001609,
Quick,CDDD,0.003678,
Tim,CDDD,0.001264,
Cape,CDDC,0.001381,
Quad,CDDC,0.001368,
Quick,CDDC,0.003625,
Tim,CDDC,0.001190,
Cape,CDDR,0.002609,
Quad,CDDR,0.002602,
Quick,CDDR,0.004386,
Tim,CDDR,0.004097,
Cape,CDCA,0.001208,
Quad,CDCA,0.001193,
Quick,CDCA,0.003784,
Tim,CDCA,0.001455,
Cape,CDCD,0.001430,
Quad,CDCD,0.001414,
Quick,CDCD,0.003615,
Tim,CDCD,0.001512,
Cape,CDCC,0.001014,
Quad,CDCC,0.001000,
Quick,CDCC,0.003548,
Tim,CDCC,0.001435,
Cape,CDCR,0.002449,
Quad,CDCR,0.002436,
Quick,CDCR,0.004386,
Tim,CDCR,0.004226,
Cape,CDRA,0.002629,
Quad,CDRA,0.002615,
Quick,CDRA,0.004618,
Tim,CDRA,0.004101,
Cape,CDRD,0.002751,
Quad,CDRD,0.002743,
Quick,CDRD,0.004434,
Tim,CDRD,0.004221,
Cape,CDRC,0.002446,
Quad,CDRC,0.002434,
Quick,CDRC,0.004383,
Tim,CDRC,0.004052,
Cape,CDRR,0.003672,
Quad,CDRR,0.003659,
Quick,CDRR,0.005153,
Tim,CDRR,0.006980,
Cape,CCAA,0.000316,
Quad,CCAA,0.000311,
Quick,CCAA,0.003479,
Tim,CCAA,0.000276,
Cape,CCAD,0.000781,
Quad,CCAD,0.000942,
Quick,CCAD,0.003785,
Tim,CCAD,0.000771,
Cape,CCAC,0.000324,
Quad,CCAC,0.000312,
Quick,CCAC,0.003485,
Tim,CCAC,0.000275,
Cape,CCAR,0.001748,
Quad,CCAR,0.001732,
Quick,CCAR,0.004284,
Tim,CCAR,0.003164,
Cape,CCDA,0.001079,
Quad,CCDA,0.001128,
Quick,CCDA,0.003812,
Tim,CCDA,0.001073,
Cape,CCDD,0.001019,
Quad,CCDD,0.001195,
Quick,CCDD,0.003629,
Tim,CCDD,0.001005,
Cape,CCDC,0.000963,
Quad,CCDC,0.000946,
Quick,CCDC,0.003548,
Tim,CCDC,0.000946,
Cape,CCDR,0.002178,
Quad,CCDR,0.002168,
Quick,CCDR,0.004323,
Tim,CCDR,0.003741,
Cape,CCCA,0.000281,
Quad,CCCA,0.000312,
Quick,CCCA,0.003473,
Tim,CCCA,0.000273,
Cape,CCCD,0.000877,
Quad,CCCD,0.001020,
Quick,CCCD,0.003620,
Tim,CCCD,0.000866,
Cape,CCCC,0.000286,
Quad,CCCC,0.000317,
Quick,CCCC,0.003515,
Tim,CCCC,0.000275,
Cape,CCCR,0.001981,
Quad,CCCR,0.001970,
Quick,CCCR,0.004279,
Tim,CCCR,0.003497,
Cape,CCRA,0.002006,
Quad,CCRA,0.001989,
Quick,CCRA,0.004286,
Tim,CCRA,0.003815,
Cape,CCRD,0.002380,
Quad,CCRD,0.002366,
Quick,CCRD,0.004497,
Tim,CCRD,0.003904,
Cape,CCRC,0.002042,
Quad,CCRC,0.002019,
Quick,CCRC,0.004353,
Tim,CCRC,0.003642,
Cape,CCRR,0.003324,
Quad,CCRR,0.003309,
Quick,CCRR,0.005222,
Tim,CCRR,0.006537,
Cape,CRAA,0.001998,
Quad,CRAA,0.001981,
Quick,CRAA,0.004313,
Tim,CRAA,0.003811,
Cape,CRAD,0.002634,
Quad,CRAD,0.002616,
Quick,CRAD,0.004607,
Tim,CRAD,0.004292,
Cape,CRAC,0.001982,
Quad,CRAC,0.001960,
Quick,CRAC,0.004260,
Tim,CRAC,0.003445,
Cape,CRAR,0.003426,
Quad,CRAR,0.003394,
Quick,CRAR,0.005114,
Tim,CRAR,0.006537,
Cape,CRDA,0.002679,
Quad,CRDA,0.002671,
Quick,CRDA,0.004615,
Tim,CRDA,0.004148,
Cape,CRDD,0.002746,
Quad,CRDD,0.002735,
Quick,CRDD,0.004446,
Tim,CRDD,0.004079,
Cape,CRDC,0.002396,
Quad,CRDC,0.002376,
Quick,CRDC,0.004382,
Tim,CRDC,0.004036,
Cape,CRDR,0.003703,
Quad,CRDR,0.003681,
Quick,CRDR,0.005108,
Tim,CRDR,0.006964,
Cape,CRCA,0.002060,
Quad,CRCA,0.002055,
Quick,CRCA,0.004394,
Tim,CRCA,0.003803,
Cape,CRCD,0.002505,
Quad,CRCD,0.002490,
Quick,CRCD,0.004449,
Tim,CRCD,0.004133,
Cape,CRCC,0.002075,
Quad,CRCC,0.002055,
Quick,CRCC,0.004363,
Tim,CRCC,0.003698,
Cape,CRCR,0.003464,
Quad,CRCR,0.003450,
Quick,CRCR,0.005193,
Tim,CRCR,0.006643,
Cape,CRRA,0.003444,
Quad,CRRA,0.003434,
Quick,CRRA,0.005132,
Tim,CRRA,0.006686,
Cape,CRRD,0.003799,
Quad,CRRD,0.003791,
Quick,CRRD,0.005249,
Tim,CRRD,0.007008,
Cape,CRRC,0.003481,
Quad,CRRC,0.003467,
Quick,CRRC,0.005214,
Tim,CRRC,0.006647,
Cape,CRRR,0.004663,
Quad,CRRR,0.004663,
Quick,CRRR,0.005871,
Tim,CRRR,0.009659,
Cape,RAAA,0.001702,
Quad,RAAA,0.001687,
Quick,RAAA,0.004222,
Tim,RAAA,0.003083,
Cape,RAAD,0.002582,
Quad,RAAD,0.002566,
Quick,RAAD,0.004502,
Tim,RAAD,0.003736,
Cape,RAAC,0.001743,
Quad,RAAC,0.001725,
Quick,RAAC,0.004287,
Tim,RAAC,0.003187,
Cape,RAAR,0.003114,
Quad,RAAR,0.003096,
Quick,RAAR,0.005032,
Tim,RAAR,0.005958,
Cape,RADA,0.002943,
Quad,RADA,0.002929,
Quick,RADA,0.004936,
Tim,RADA,0.004111,
Cape,RADD,0.002979,
Quad,RADD,0.002966,
Quick,RADD,0.004705,
Tim,RADD,0.004075,
Cape,RADC,0.002731,
Quad,RADC,0.002711,
Quick,RADC,0.004624,
Tim,RADC,0.004011,
Cape,RADR,0.003980,
Quad,RADR,0.003962,
Quick,RADR,0.005448,
Tim,RADR,0.006695,
Cape,RACA,0.001750,
Quad,RACA,0.001733,
Quick,RACA,0.004280,
Tim,RACA,0.003171,
Cape,RACD,0.002542,
Quad,RACD,0.002533,
Quick,RACD,0.004551,
Tim,RACD,0.003824,
Cape,RACC,0.001736,
Quad,RACC,0.001726,
Quick,RACC,0.004249,
Tim,RACC,0.003169,
Cape,RACR,0.003314,
Quad,RACR,0.003305,
Quick,RACR,0.004968,
Tim,RACR,0.005974,
Cape,RARA,0.003372,
Quad,RARA,0.003366,
Quick,RARA,0.005035,
Tim,RARA,0.006408,
Cape,RARD,0.003857,
Quad,RARD,0.003832,
Quick,RARD,0.005367,
Tim,RARD,0.006685,
Cape,RARC,0.003533,
Quad,RARC,0.003505,
Quick,RARC,0.005217,
Tim,RARC,0.006545,
Cape,RARR,0.004776,
Quad,RARR,0.004760,
Quick,RARR,0.006049,
Tim,RARR,0.009308,
Cape,RDAA,0.002522,
Quad,RDAA,0.002489,
Quick,RDAA,0.004620,
Tim,RDAA,0.005125,
Cape,RDAD,0.003218,
Quad,RDAD,0.003195,
Quick,RDAD,0.004930,
Tim,RDAD,0.005676,
Cape,RDAC,0.002527,
Quad,RDAC,0.002524,
Quick,RDAC,0.004592,
Tim,RDAC,0.005090,
Cape,RDAR,0.003917,
Quad,RDAR,0.003896,
Quick,RDAR,0.005423,
Tim,RDAR,0.008015,
Cape,RDDA,0.002853,
Quad,RDDA,0.002837,
Quick,RDDA,0.004678,
Tim,RDDA,0.006475,
Cape,RDDD,0.002909,
Quad,RDDD,0.002900,
Quick,RDDD,0.004451,
Tim,RDDD,0.007795,
Cape,RDDC,0.002701,
Quad,RDDC,0.002685,
Quick,RDDC,0.004466,
Tim,RDDC,0.006357,
Cape,RDDR,0.003921,
Quad,RDDR,0.003891,
Quick,RDDR,0.005196,
Tim,RDDR,0.009294,
Cape,RDCA,0.002493,
Quad,RDCA,0.002472,
Quick,RDCA,0.004588,
Tim,RDCA,0.005076,
Cape,RDCD,0.002756,
Quad,RDCD,0.002732,
Quick,RDCD,0.004450,
Tim,RDCD,0.005276,
Cape,RDCC,0.002337,
Quad,RDCC,0.002334,
Quick,RDCC,0.004444,
Tim,RDCC,0.004978,
Cape,RDCR,0.003703,
Quad,RDCR,0.003686,
Quick,RDCR,0.005127,
Tim,RDCR,0.008036,
Cape,RDRA,0.003908,
Quad,RDRA,0.003899,
Quick,RDRA,0.005380,
Tim,RDRA,0.008135,
Cape,RDRD,0.003991,
Quad,RDRD,0.003973,
Quick,RDRD,0.005185,
Tim,RDRD,0.008202,
Cape,RDRC,0.003773,
Quad,RDRC,0.003731,
Quick,RDRC,0.005221,
Tim,RDRC,0.008062,
Cape,RDRR,0.004904,
Quad,RDRR,0.004888,
Quick,RDRR,0.005863,
Tim,RDRR,0.010899,
Cape,RCAA,0.001962,
Quad,RCAA,0.001957,
Quick,RCAA,0.004238,
Tim,RCAA,0.003811,
Cape,RCAD,0.002637,
Quad,RCAD,0.002613,
Quick,RCAD,0.004598,
Tim,RCAD,0.005215,
Cape,RCAC,0.002002,
Quad,RCAC,0.001985,
Quick,RCAC,0.004321,
Tim,RCAC,0.003641,
Cape,RCAR,0.003392,
Quad,RCAR,0.003380,
Quick,RCAR,0.005055,
Tim,RCAR,0.007108,
Cape,RCDA,0.002741,
Quad,RCDA,0.002726,
Quick,RCDA,0.004682,
Tim,RCDA,0.005054,
Cape,RCDD,0.002831,
Quad,RCDD,0.002819,
Quick,RCDD,0.004548,
Tim,RCDD,0.004402,
Cape,RCDC,0.002574,
Quad,RCDC,0.002556,
Quick,RCDC,0.004464,
Tim,RCDC,0.004075,
Cape,RCDR,0.003688,
Quad,RCDR,0.003666,
Quick,RCDR,0.005116,
Tim,RCDR,0.008037,
Cape,RCCA,0.002014,
Quad,RCCA,0.002005,
Quick,RCCA,0.004344,
Tim,RCCA,0.004892,
Cape,RCCD,0.002527,
Quad,RCCD,0.002516,
Quick,RCCD,0.004472,
Tim,RCCD,0.006112,
Cape,RCCC,0.002136,
Quad,RCCC,0.002119,
Quick,RCCC,0.004435,
Tim,RCCC,0.006039,
Cape,RCCR,0.003841,
Quad,RCCR,0.003824,
Quick,RCCR,0.005657,
Tim,RCCR,0.008122,
Cape,RCRA,0.003570,
Quad,RCRA,0.003510,
Quick,RCRA,0.005266,
Tim,RCRA,0.008105,
Cape,RCRD,0.003856,
Quad,RCRD,0.003863,
Quick,RCRD,0.005324,
Tim,RCRD,0.007639,
Cape,RCRC,0.003609,
Quad,RCRC,0.003582,
Quick,RCRC,0.005308,
Tim,RCRC,0.006992,
Cape,RCRR,0.004598,
Quad,RCRR,0.004592,
Quick,RCRR,0.005831,
Tim,RCRR,0.010394,
Cape,RRAA,0.003234,
Quad,RRAA,0.003244,
Quick,RRAA,0.005121,
Tim,RRAA,0.006342,
Cape,RRAD,0.003885,
Quad,RRAD,0.003866,
Quick,RRAD,0.005407,
Tim,RRAD,0.006982,
Cape,RRAC,0.003247,
Quad,RRAC,0.003228,
Quick,RRAC,0.005120,
Tim,RRAC,0.006307,
Cape,RRAR,0.004575,
Quad,RRAR,0.004560,
Quick,RRAR,0.005794,
Tim,RRAR,0.008925,
Cape,RRDA,0.003992,
Quad,RRDA,0.003972,
Quick,RRDA,0.005487,
Tim,RRDA,0.008279,
Cape,RRDD,0.004116,
Quad,RRDD,0.004093,
Quick,RRDD,0.005369,
Tim,RRDD,0.009753,
Cape,RRDC,0.003720,
Quad,RRDC,0.003719,
Quick,RRDC,0.005149,
Tim,RRDC,0.008308,
Cape,RRDR,0.004968,
Quad,RRDR,0.004948,
Quick,RRDR,0.005964,
Tim,RRDR,0.011008,
Cape,RRCA,0.003322,
Quad,RRCA,0.003303,
Quick,RRCA,0.005186,
Tim,RRCA,0.007084,
Cape,RRCD,0.003777,
Quad,RRCD,0.003750,
Quick,RRCD,0.005279,
Tim,RRCD,0.007861,
Cape,RRCC,0.003367,
Quad,RRCC,0.003343,
Quick,RRCC,0.005211,
Tim,RRCC,0.009039,
Cape,RRCR,0.004777,
Quad,RRCR,0.004751,
Quick,RRCR,0.005978,
Tim,RRCR,0.010377,
Cape,RRRA,0.004638,
Quad,RRRA,0.004626,
Quick,RRRA,0.005871,
Tim,RRRA,0.009149,
Cape,RRRD,0.005003,
Quad,RRRD,0.005003,
Quick,RRRD,0.006086,
Tim,RRRD,0.010841,
Cape,RRRC,0.004651,
Quad,RRRC,0.004637,
Quick,RRRC,0.005827,
Tim,RRRC,0.010310,
Cape,RRRR,0.005973,
Quad,RRRR,0.005968,
Quick,RRRR,0.006829,
Tim,RRRR,0.012384,
