Sorts,Sequence,Time,
Cape,AAAA,0.001125,
Quad,AAAA,0.001267,
Quick,AAAA,0.015408,
Tim,AAAA,0.001107,
Cape,AAAD,0.003106,
Quad,AAAD,0.004931,
Quick,AAAD,0.016427,
Tim,AAAD,0.003078,
Cape,AAAC,0.001120,
Quad,AAAC,0.001253,
Quick,AAAC,0.015253,
Tim,AAAC,0.001100,
Cape,AAAR,0.007201,
Quad,AAAR,0.007197,
Quick,AAAR,0.018436,
Tim,AAAR,0.013061,
Cape,AADA,0.006314,
Quad,AADA,0.006275,
Quick,AADA,0.018042,
Tim,AADA,0.004844,
Cape,AADD,0.005076,
Quad,AADD,0.007056,
Quick,AADD,0.017638,
Tim,AADD,0.005067,
Cape,AADC,0.003923,
Quad,AADC,0.005426,
Quick,AADC,0.016735,
Tim,AADC,0.003920,
Cape,AADR,0.010691,
Quad,AADR,0.010641,
Quick,AADR,0.019950,
Tim,AADR,0.015895,
Cape,AACA,0.001260,
Quad,AACA,0.001247,
Quick,AACA,0.015262,
Tim,AACA,0.001102,
Cape,AACD,0.003555,
Quad,AACD,0.004772,
Quick,AACD,0.016483,
Tim,AACD,0.003545,
Cape,AACC,0.001245,
Quad,AACC,0.001250,
Quick,AACC,0.015249,
Tim,AACC,0.001103,
Cape,AACR,0.008287,
Quad,AACR,0.008245,
Quick,AACR,0.018467,
Tim,AACR,0.013715,
Cape,AARA,0.008513,
Quad,AARA,0.008501,
Quick,AARA,0.018753,
Tim,AARA,0.014472,
Cape,AARD,0.010569,
Quad,AARD,0.010533,
Quick,AARD,0.020026,
Tim,AARD,0.016580,
Cape,AARC,0.008452,
Quad,AARC,0.008405,
Quick,AARC,0.018715,
Tim,AARC,0.014175,
Cape,AARR,0.013938,
Quad,AARR,0.013931,
Quick,AARR,0.022266,
Tim,AARR,0.026537,
Cape,ADAA,0.006103,
Quad,ADAA,0.006055,
Quick,ADAA,0.017762,
Tim,ADAA,0.005204,
Cape,ADAD,0.009895,
Quad,ADAD,0.009879,
Quick,ADAD,0.019947,
Tim,ADAD,0.008579,
Cape,ADAC,0.006054,
Quad,ADAC,0.006003,
Quick,ADAC,0.017775,
Tim,ADAC,0.005205,
Cape,ADAR,0.012029,
Quad,ADAR,0.012047,
Quick,ADAR,0.020928,
Tim,ADAR,0.016980,
Cape,ADDA,0.007800,
Quad,ADDA,0.007761,
Quick,ADDA,0.017763,
Tim,ADDA,0.005800,
Cape,ADDD,0.005623,
Quad,ADDD,0.008202,
Quick,ADDD,0.017071,
Tim,ADDD,0.005620,
Cape,ADDC,0.005305,
Quad,ADDC,0.006681,
Quick,ADDC,0.016770,
Tim,ADDC,0.005291,
Cape,ADDR,0.012532,
Quad,ADDR,0.012499,
Quick,ADDR,0.020104,
Tim,ADDR,0.017662,
Cape,ADCA,0.006264,
Quad,ADCA,0.006218,
Quick,ADCA,0.018063,
Tim,ADCA,0.006298,
Cape,ADCD,0.006894,
Quad,ADCD,0.006856,
Quick,ADCD,0.016770,
Tim,ADCD,0.006582,
Cape,ADCC,0.006293,
Quad,ADCC,0.005068,
Quick,ADCC,0.016463,
Tim,ADCC,0.006285,
Cape,ADCR,0.011264,
Quad,ADCR,0.011265,
Quick,ADCR,0.020031,
Tim,ADCR,0.018154,
Cape,ADRA,0.012570,
Quad,ADRA,0.012532,
Quick,ADRA,0.021340,
Tim,ADRA,0.018554,
Cape,ADRD,0.012555,
Quad,ADRD,0.012509,
Quick,ADRD,0.020130,
Tim,ADRD,0.018276,
Cape,ADRC,0.011228,
Quad,ADRC,0.011196,
Quick,ADRC,0.019851,
Tim,ADRC,0.017777,
Cape,ADRR,0.016478,
Quad,ADRR,0.016415,
Quick,ADRR,0.023013,
Tim,ADRR,0.028885,
Cape,ACAA,0.001260,
Quad,ACAA,0.001250,
Quick,ACAA,0.015228,
Tim,ACAA,0.001096,
Cape,ACAD,0.004968,
Quad,ACAD,0.004927,
Quick,ACAD,0.016435,
Tim,ACAD,0.003562,
Cape,ACAC,0.001264,
Quad,ACAC,0.001245,
Quick,ACAC,0.015210,
Tim,ACAC,0.001103,
Cape,ACAR,0.007368,
Quad,ACAR,0.007355,
Quick,ACAR,0.018596,
Tim,ACAR,0.013406,
Cape,ACDA,0.006353,
Quad,ACDA,0.006292,
Quick,ACDA,0.018015,
Tim,ACDA,0.005323,
Cape,ACDD,0.004580,
Quad,ACDD,0.006279,
Quick,ACDD,0.016725,
Tim,ACDD,0.004558,
Cape,ACDC,0.005158,
Quad,ACDC,0.005126,
Quick,ACDC,0.016461,
Tim,ACDC,0.004323,
Cape,ACDR,0.010431,
Quad,ACDR,0.010402,
Quick,ACDR,0.019650,
Tim,ACDR,0.016273,
Cape,ACCA,0.001257,
Quad,ACCA,0.001247,
Quick,ACCA,0.015221,
Tim,ACCA,0.001104,
Cape,ACCD,0.004027,
Quad,ACCD,0.004773,
Quick,ACCD,0.016471,
Tim,ACCD,0.004028,
Cape,ACCC,0.001114,
Quad,ACCC,0.001247,
Quick,ACCC,0.015232,
Tim,ACCC,0.001101,
Cape,ACCR,0.008621,
Quad,ACCR,0.008601,
Quick,ACCR,0.019029,
Tim,ACCR,0.014622,
Cape,ACRA,0.008519,
Quad,ACRA,0.008474,
Quick,ACRA,0.018779,
Tim,ACRA,0.015367,
Cape,ACRD,0.010591,
Quad,ACRD,0.010574,
Quick,ACRD,0.020060,
Tim,ACRD,0.017020,
Cape,ACRC,0.008606,
Quad,ACRC,0.008586,
Quick,ACRC,0.019009,
Tim,ACRC,0.015235,
Cape,ACRR,0.014018,
Quad,ACRR,0.014032,
Quick,ACRR,0.022326,
Tim,ACRR,0.027083,
Cape,ARAA,0.008283,
Quad,ARAA,0.008228,
Quick,ARAA,0.018477,
Tim,ARAA,0.014297,
Cape,ARAD,0.011003,
Quad,ARAD,0.010973,
Quick,ARAD,0.019760,
Tim,ARAD,0.016793,
Cape,ARAC,0.008275,
Quad,ARAC,0.008261,
Quick,ARAC,0.018501,
Tim,ARAC,0.014282,
Cape,ARAR,0.014716,
Quad,ARAR,0.014697,
Quick,ARAR,0.022333,
Tim,ARAR,0.026999,
Cape,ARDA,0.012556,
Quad,ARDA,0.012513,
Quick,ARDA,0.021401,
Tim,ARDA,0.017809,
Cape,ARDD,0.012420,
Quad,ARDD,0.012395,
Quick,ARDD,0.020118,
Tim,ARDD,0.017101,
Cape,ARDC,0.011304,
Quad,ARDC,0.011268,
Quick,ARDC,0.019889,
Tim,ARDC,0.016664,
Cape,ARDR,0.016894,
Quad,ARDR,0.016837,
Quick,ARDR,0.023456,
Tim,ARDR,0.029337,
Cape,ARCA,0.008584,
Quad,ARCA,0.008541,
Quick,ARCA,0.018955,
Tim,ARCA,0.014578,
Cape,ARCD,0.011118,
Quad,ARCD,0.011072,
Quick,ARCD,0.019948,
Tim,ARCD,0.017422,
Cape,ARCC,0.007527,
Quad,ARCC,0.007517,
Quick,ARCC,0.018865,
Tim,ARCC,0.014359,
Cape,ARCR,0.014809,
Quad,ARCR,0.014780,
Quick,ARCR,0.022512,
Tim,ARCR,0.027478,
Cape,ARRA,0.014743,
Quad,ARRA,0.014693,
Quick,ARRA,0.022352,
Tim,ARRA,0.028141,
Cape,ARRD,0.016832,
Quad,ARRD,0.016770,
Quick,ARRD,0.023354,
Tim,ARRD,0.029028,
Cape,ARRC,0.014740,
Quad,ARRC,0.014751,
Quick,ARRC,0.022394,
Tim,ARRC,0.027272,
Cape,ARRR,0.019941,
Quad,ARRR,0.019957,
Quick,ARRR,0.025514,
Tim,ARRR,0.039052,
Cape,DAAA,0.002808,
Quad,DAAA,0.004946,
Quick,DAAA,0.016416,
Tim,DAAA,0.002790,
Cape,DAAD,0.006692,
Quad,DAAD,0.006641,
Quick,DAAD,0.017658,
Tim,DAAD,0.004789,
Cape,DAAC,0.002800,
Quad,DAAC,0.003963,
Quick,DAAC,0.016396,
Tim,DAAC,0.002784,
Cape,DAAR,0.010111,
Quad,DAAR,0.010125,
Quick,DAAR,0.019885,
Tim,DAAR,0.015020,
Cape,DADA,0.009967,
Quad,DADA,0.009919,
Quick,DADA,0.019965,
Tim,DADA,0.008127,
Cape,DADD,0.009687,
Quad,DADD,0.009664,
Quick,DADD,0.018579,
Tim,DADD,0.008484,
Cape,DADC,0.008563,
Quad,DADC,0.008528,
Quick,DADC,0.018321,
Tim,DADC,0.007008,
Cape,DADR,0.013875,
Quad,DADR,0.013838,
Quick,DADR,0.021602,
Tim,DADR,0.019406,
Cape,DACA,0.005174,
Quad,DACA,0.005139,
Quick,DACA,0.016741,
Tim,DACA,0.003330,
Cape,DACD,0.008315,
Quad,DACD,0.008273,
Quick,DACD,0.018263,
Tim,DACD,0.006613,
Cape,DACC,0.002815,
Quad,DACC,0.004003,
Quick,DACC,0.016482,
Tim,DACC,0.002802,
Cape,DACR,0.011203,
Quad,DACR,0.011163,
Quick,DACR,0.019952,
Tim,DACR,0.015776,
Cape,DARA,0.011282,
Quad,DARA,0.011314,
Quick,DARA,0.020109,
Tim,DARA,0.016182,
Cape,DARD,0.013878,
Quad,DARD,0.013810,
Quick,DARD,0.021774,
Tim,DARD,0.018879,
Cape,DARC,0.011376,
Quad,DARC,0.011396,
Quick,DARC,0.020293,
Tim,DARC,0.016156,
Cape,DARR,0.016986,
Quad,DARR,0.016968,
Quick,DARR,0.023803,
Tim,DARR,0.028659,
Cape,DDAA,0.004180,
Quad,DDAA,0.006813,
Quick,DDAA,0.017653,
Tim,DDAA,0.004151,
Cape,DDAD,0.009376,
Quad,DDAD,0.009353,
Quick,DDAD,0.018278,
Tim,DDAD,0.006119,
Cape,DDAC,0.003709,
Quad,DDAC,0.006286,
Quick,DDAC,0.016738,
Tim,DDAC,0.003687,
Cape,DDAR,0.012461,
Quad,DDAR,0.012417,
Quick,DDAR,0.020214,
Tim,DDAR,0.016234,
Cape,DDDA,0.003937,
Quad,DDDA,0.008267,
Quick,DDDA,0.017047,
Tim,DDDA,0.003915,
Cape,DDDD,0.003699,
Quad,DDDD,0.008301,
Quick,DDDD,0.016420,
Tim,DDDD,0.003699,
Cape,DDDC,0.003454,
Quad,DDDC,0.007150,
Quick,DDDC,0.016101,
Tim,DDDC,0.003441,
Cape,DDDR,0.015716,
Quad,DDDR,0.012594,
Quick,DDDR,0.019479,
Tim,DDDR,0.015716,
Cape,DDCA,0.003694,
Quad,DDCA,0.006272,
Quick,DDCA,0.016767,
Tim,DDCA,0.003675,
Cape,DDCD,0.007388,
Quad,DDCD,0.007371,
Quick,DDCD,0.016119,
Tim,DDCD,0.004652,
Cape,DDCC,0.003248,
Quad,DDCC,0.005529,
Quick,DDCC,0.015845,
Tim,DDCC,0.003215,
Cape,DDCR,0.011768,
Quad,DDCR,0.011747,
Quick,DDCR,0.019407,
Tim,DDCR,0.016125,
Cape,DDRA,0.012398,
Quad,DDRA,0.012387,
Quick,DDRA,0.020110,
Tim,DDRA,0.016445,
Cape,DDRD,0.012986,
Quad,DDRD,0.012931,
Quick,DDRD,0.019346,
Tim,DDRD,0.017009,
Cape,DDRC,0.011599,
Quad,DDRC,0.011546,
Quick,DDRC,0.019025,
Tim,DDRC,0.016377,
Cape,DDRR,0.017245,
Quad,DDRR,0.017253,
Quick,DDRR,0.022793,
Tim,DDRR,0.028423,
Cape,DCAA,0.003386,
Quad,DCAA,0.005021,
Quick,DCAA,0.016583,
Tim,DCAA,0.003343,
Cape,DCAD,0.008352,
Quad,DCAD,0.008312,
Quick,DCAD,0.018304,
Tim,DCAD,0.006618,
Cape,DCAC,0.005442,
Quad,DCAC,0.005395,
Quick,DCAC,0.016721,
Tim,DCAC,0.003847,
Cape,DCAR,0.011202,
Quad,DCAR,0.011175,
Quick,DCAR,0.019953,
Tim,DCAR,0.015941,
Cape,DCDA,0.007396,
Quad,DCDA,0.007374,
Quick,DCDA,0.017011,
Tim,DCDA,0.006068,
Cape,DCDD,0.007180,
Quad,DCDD,0.007147,
Quick,DCDD,0.016114,
Tim,DCDD,0.007023,
Cape,DCDC,0.006046,
Quad,DCDC,0.006005,
Quick,DCDC,0.015833,
Tim,DCDC,0.005608,
Cape,DCDR,0.011357,
Quad,DCDR,0.011364,
Quick,DCDR,0.019083,
Tim,DCDR,0.018122,
Cape,DCCA,0.003880,
Quad,DCCA,0.005419,
Quick,DCCA,0.016763,
Tim,DCCA,0.003854,
Cape,DCCD,0.006500,
Quad,DCCD,0.006481,
Quick,DCCD,0.016098,
Tim,DCCD,0.005180,
Cape,DCCC,0.003357,
Quad,DCCC,0.004679,
Quick,DCCC,0.015848,
Tim,DCCC,0.003321,
Cape,DCCR,0.010719,
Quad,DCCR,0.010701,
Quick,DCCR,0.019208,
Tim,DCCR,0.016345,
Cape,DCRA,0.011508,
Quad,DCRA,0.011485,
Quick,DCRA,0.020097,
Tim,DCRA,0.017299,
Cape,DCRD,0.012274,
Quad,DCRD,0.012235,
Quick,DCRD,0.019621,
Tim,DCRD,0.017309,
Cape,DCRC,0.010802,
Quad,DCRC,0.010797,
Quick,DCRC,0.019203,
Tim,DCRC,0.016599,
Cape,DCRR,0.016029,
Quad,DCRR,0.016029,
Quick,DCRR,0.022352,
Tim,DCRR,0.028099,
Cape,DRAA,0.010337,
Quad,DRAA,0.010309,
Quick,DRAA,0.019748,
Tim,DRAA,0.016155,
Cape,DRAD,0.013695,
Quad,DRAD,0.013648,
Quick,DRAD,0.021594,
Tim,DRAD,0.019036,
Cape,DRAC,0.010231,
Quad,DRAC,0.010188,
Quick,DRAC,0.019586,
Tim,DRAC,0.015622,
Cape,DRAR,0.016701,
Quad,DRAR,0.016649,
Quick,DRAR,0.023460,
Tim,DRAR,0.029233,
Cape,DRDA,0.012728,
Quad,DRDA,0.012721,
Quick,DRDA,0.020325,
Tim,DRDA,0.017627,
Cape,DRDD,0.012976,
Quad,DRDD,0.012952,
Quick,DRDD,0.019436,
Tim,DRDD,0.019570,
Cape,DRDC,0.011782,
Quad,DRDC,0.011737,
Quick,DRDC,0.019118,
Tim,DRDC,0.017690,
Cape,DRDR,0.017399,
Quad,DRDR,0.017402,
Quick,DRDR,0.022718,
Tim,DRDR,0.030075,
Cape,DRCA,0.010567,
Quad,DRCA,0.010561,
Quick,DRCA,0.020063,
Tim,DRCA,0.017256,
Cape,DRCD,0.011734,
Quad,DRCD,0.011698,
Quick,DRCD,0.019237,
Tim,DRCD,0.018052,
Cape,DRCC,0.009841,
Quad,DRCC,0.009827,
Quick,DRCC,0.018899,
Tim,DRCC,0.017915,
Cape,DRCR,0.016219,
Quad,DRCR,0.016191,
Quick,DRCR,0.022629,
Tim,DRCR,0.029275,
Cape,DRRA,0.016805,
Quad,DRRA,0.016727,
Quick,DRRA,0.023159,
Tim,DRRA,0.029821,
Cape,DRRD,0.017563,
Quad,DRRD,0.017534,
Quick,DRRD,0.022964,
Tim,DRRD,0.029756,
Cape,DRRC,0.015964,
Quad,DRRC,0.015950,
Quick,DRRC,0.022242,
Tim,DRRC,0.029452,
Cape,DRRR,0.021342,
Quad,DRRR,0.021348,
Quick,DRRR,0.025586,
Tim,DRRR,0.040274,
Cape,CAAA,0.001126,
Quad,CAAA,0.001245,
Quick,CAAA,0.015235,
Tim,CAAA,0.001097,
Cape,CAAD,0.003102,
Quad,CAAD,0.004935,
Quick,CAAD,0.016433,
Tim,CAAD,0.003092,
Cape,CAAC,0.001253,
Quad,CAAC,0.001236,
Quick,CAAC,0.015226,
Tim,CAAC,0.001102,
Cape,CAAR,0.007391,
Quad,CAAR,0.007379,
Quick,CAAR,0.018664,
Tim,CAAR,0.013616,
Cape,CADA,0.006311,
Quad,CADA,0.006278,
Quick,CADA,0.018020,
Tim,CADA,0.005306,
Cape,CADD,0.004608,
Quad,CADD,0.006562,
Quick,CADD,0.017091,
Tim,CADD,0.004602,
Cape,CADC,0.005418,
Quad,CADC,0.005387,
Quick,CADC,0.016756,
Tim,CADC,0.004333,
Cape,CADR,0.010782,
Quad,CADR,0.010753,
Quick,CADR,0.020043,
Tim,CADR,0.016665,
Cape,CACA,0.001260,
Quad,CACA,0.001258,
Quick,CACA,0.015318,
Tim,CACA,0.001107,
Cape,CACD,0.004800,
Quad,CACD,0.004770,
Quick,CACD,0.016446,
Tim,CACD,0.003562,
Cape,CACC,0.001262,
Quad,CACC,0.001264,
Quick,CACC,0.015296,
Tim,CACC,0.001101,
Cape,CACR,0.008481,
Quad,CACR,0.008427,
Quick,CACR,0.018761,
Tim,CACR,0.014091,
Cape,CARA,0.008568,
Quad,CARA,0.008545,
Quick,CARA,0.018937,
Tim,CARA,0.014510,
Cape,CARD,0.010574,
Quad,CARD,0.010513,
Quick,CARD,0.019990,
Tim,CARD,0.016572,
Cape,CARC,0.008541,
Quad,CARC,0.008520,
Quick,CARC,0.018972,
Tim,CARC,0.014206,
Cape,CARR,0.013870,
Quad,CARR,0.013879,
Quick,CARR,0.022141,
Tim,CARR,0.026429,
Cape,CDAA,0.004459,
Quad,CDAA,0.004760,
Quick,CDAA,0.016433,
Tim,CDAA,0.004440,
Cape,CDAD,0.008069,
Quad,CDAD,0.008006,
Quick,CDAD,0.017986,
Tim,CDAD,0.007439,
Cape,CDAC,0.004789,
Quad,CDAC,0.004757,
Quick,CDAC,0.016447,
Tim,CDAC,0.004431,
Cape,CDAR,0.011033,
Quad,CDAR,0.011006,
Quick,CDAR,0.019855,
Tim,CDAR,0.017129,
Cape,CDDA,0.005309,
Quad,CDDA,0.006554,
Quick,CDDA,0.017000,
Tim,CDDA,0.005299,
Cape,CDDD,0.005289,
Quad,CDDD,0.007234,
Quick,CDDD,0.016744,
Tim,CDDD,0.005271,
Cape,CDDC,0.006079,
Quad,CDDC,0.006042,
Quick,CDDC,0.016470,
Tim,CDDC,0.004956,
Cape,CDDR,0.011666,
Quad,CDDR,0.011646,
Quick,CDDR,0.019911,
Tim,CDDR,0.017663,
Cape,CDCA,0.005151,
Quad,CDCA,0.005107,
Quick,CDCA,0.017124,
Tim,CDCA,0.006043,
Cape,CDCD,0.006309,
Quad,CDCD,0.006256,
Quick,CDCD,0.016490,
Tim,CDCD,0.006294,
Cape,CDCC,0.004406,
Quad,CDCC,0.004393,
Quick,CDCC,0.016299,
Tim,CDCC,0.006003,
Cape,CDCR,0.010925,
Quad,CDCR,0.010882,
Quick,CDCR,0.019885,
Tim,CDCR,0.018384,
Cape,CDRA,0.011519,
Quad,CDRA,0.011474,
Quick,CDRA,0.020817,
Tim,CDRA,0.017656,
Cape,CDRD,0.012227,
Quad,CDRD,0.012194,
Quick,CDRD,0.020133,
Tim,CDRD,0.018254,
Cape,CDRC,0.010683,
Quad,CDRC,0.010657,
Quick,CDRC,0.019547,
Tim,CDRC,0.017792,
Cape,CDRR,0.016364,
Quad,CDRR,0.016416,
Quick,CDRR,0.023257,
Tim,CDRR,0.030180,
Cape,CCAA,0.001260,
Quad,CCAA,0.001245,
Quick,CCAA,0.015305,
Tim,CCAA,0.001103,
Cape,CCAD,0.004019,
Quad,CCAD,0.004941,
Quick,CCAD,0.016399,
Tim,CCAD,0.004016,
Cape,CCAC,0.001256,
Quad,CCAC,0.001248,
Quick,CCAC,0.015263,
Tim,CCAC,0.001104,
Cape,CCAR,0.007371,
Quad,CCAR,0.007356,
Quick,CCAR,0.018634,
Tim,CCAR,0.013447,
Cape,CCDA,0.004298,
Quad,CCDA,0.004630,
Quick,CCDA,0.016493,
Tim,CCDA,0.004296,
Cape,CCDD,0.004078,
Quad,CCDD,0.005132,
Quick,CCDD,0.015873,
Tim,CCDD,0.004068,
Cape,CCDC,0.004002,
Quad,CCDC,0.003965,
Quick,CCDC,0.015546,
Tim,CCDC,0.003810,
Cape,CCDR,0.009352,
Quad,CCDR,0.009331,
Quick,CCDR,0.018848,
Tim,CCDR,0.016190,
Cape,CCCA,0.001113,
Quad,CCCA,0.001249,
Quick,CCCA,0.015254,
Tim,CCCA,0.001098,
Cape,CCCD,0.003514,
Quad,CCCD,0.004277,
Quick,CCCD,0.015803,
Tim,CCCD,0.003491,
Cape,CCCC,0.001115,
Quad,CCCC,0.001255,
Quick,CCCC,0.015263,
Tim,CCCC,0.001101,
Cape,CCCR,0.008582,
Quad,CCCR,0.008551,
Quick,CCCR,0.018899,
Tim,CCCR,0.015120,
Cape,CCRA,0.008468,
Quad,CCRA,0.008452,
Quick,CCRA,0.018809,
Tim,CCRA,0.015244,
Cape,CCRD,0.010195,
Quad,CCRD,0.010160,
Quick,CCRD,0.019577,
Tim,CCRD,0.016333,
Cape,CCRC,0.008780,
Quad,CCRC,0.008745,
Quick,CCRC,0.019195,
Tim,CCRC,0.015859,
Cape,CCRR,0.013896,
Quad,CCRR,0.013879,
Quick,CCRR,0.022132,
Tim,CCRR,0.027181,
Cape,CRAA,0.008458,
Quad,CRAA,0.008484,
Quick,CRAA,0.018783,
Tim,CRAA,0.015984,
Cape,CRAD,0.011011,
Quad,CRAD,0.010972,
Quick,CRAD,0.019773,
Tim,CRAD,0.017546,
Cape,CRAC,0.008450,
Quad,CRAC,0.008438,
Quick,CRAC,0.018765,
Tim,CRAC,0.015213,
Cape,CRAR,0.014476,
Quad,CRAR,0.014520,
Quick,CRAR,0.022016,
Tim,CRAR,0.026997,
Cape,CRDA,0.011352,
Quad,CRDA,0.011361,
Quick,CRDA,0.020049,
Tim,CRDA,0.017410,
Cape,CRDD,0.012090,
Quad,CRDD,0.012055,
Quick,CRDD,0.019668,
Tim,CRDD,0.016904,
Cape,CRDC,0.010907,
Quad,CRDC,0.010879,
Quick,CRDC,0.019322,
Tim,CRDC,0.016390,
Cape,CRDR,0.016203,
Quad,CRDR,0.016205,
Quick,CRDR,0.022492,
Tim,CRDR,0.028281,
Cape,CRCA,0.008628,
Quad,CRCA,0.008593,
Quick,CRCA,0.019036,
Tim,CRCA,0.015883,
Cape,CRCD,0.010616,
Quad,CRCD,0.010547,
Quick,CRCD,0.019228,
Tim,CRCD,0.017311,
Cape,CRCC,0.008574,
Quad,CRCC,0.008547,
Quick,CRCC,0.018759,
Tim,CRCC,0.015761,
Cape,CRCR,0.014729,
Quad,CRCR,0.014677,
Quick,CRCR,0.022353,
Tim,CRCR,0.028078,
Cape,CRRA,0.014562,
Quad,CRRA,0.014542,
Quick,CRRA,0.022128,
Tim,CRRA,0.028715,
Cape,CRRD,0.016228,
Quad,CRRD,0.016221,
Quick,CRRD,0.022734,
Tim,CRRD,0.029337,
Cape,CRRC,0.014695,
Quad,CRRC,0.014680,
Quick,CRRC,0.022390,
Tim,CRRC,0.027853,
Cape,CRRR,0.021528,
Quad,CRRR,0.021290,
Quick,CRRR,0.026853,
Tim,CRRR,0.043006,
Cape,RAAA,0.007484,
Quad,RAAA,0.007460,
Quick,RAAA,0.018871,
Tim,RAAA,0.013771,
Cape,RAAD,0.010170,
Quad,RAAD,0.010185,
Quick,RAAD,0.020078,
Tim,RAAD,0.015469,
Cape,RAAC,0.007392,
Quad,RAAC,0.007366,
Quick,RAAC,0.018724,
Tim,RAAC,0.013514,
Cape,RAAR,0.013315,
Quad,RAAR,0.013305,
Quick,RAAR,0.021725,
Tim,RAAR,0.025573,
Cape,RADA,0.012656,
Quad,RADA,0.012697,
Quick,RADA,0.021578,
Tim,RADA,0.017053,
Cape,RADD,0.012630,
Quad,RADD,0.012598,
Quick,RADD,0.020421,
Tim,RADD,0.016948,
Cape,RADC,0.011525,
Quad,RADC,0.011490,
Quick,RADC,0.020062,
Tim,RADC,0.016729,
Cape,RADR,0.016914,
Quad,RADR,0.016937,
Quick,RADR,0.023341,
Tim,RADR,0.028908,
Cape,RACA,0.007397,
Quad,RACA,0.007358,
Quick,RACA,0.018550,
Tim,RACA,0.013547,
Cape,RACD,0.010912,
Quad,RACD,0.010909,
Quick,RACD,0.019819,
Tim,RACD,0.016300,
Cape,RACC,0.007407,
Quad,RACC,0.007366,
Quick,RACC,0.018598,
Tim,RACC,0.013383,
Cape,RACR,0.014585,
Quad,RACR,0.014570,
Quick,RACR,0.022182,
Tim,RACR,0.025895,
Cape,RARA,0.014297,
Quad,RARA,0.014331,
Quick,RARA,0.021756,
Tim,RARA,0.026438,
Cape,RARD,0.016795,
Quad,RARD,0.016780,
Quick,RARD,0.023566,
Tim,RARD,0.029230,
Cape,RARC,0.014562,
Quad,RARC,0.014551,
Quick,RARC,0.022200,
Tim,RARC,0.027081,
Cape,RARR,0.020157,
Quad,RARR,0.020140,
Quick,RARR,0.025640,
Tim,RARR,0.039176,
Cape,RDAA,0.010561,
Quad,RDAA,0.010537,
Quick,RDAA,0.020068,
Tim,RDAA,0.022288,
Cape,RDAD,0.013786,
Quad,RDAD,0.013770,
Quick,RDAD,0.021617,
Tim,RDAD,0.024668,
Cape,RDAC,0.010522,
Quad,RDAC,0.010511,
Quick,RDAC,0.019937,
Tim,RDAC,0.022252,
Cape,RDAR,0.016596,
Quad,RDAR,0.016603,
Quick,RDAR,0.023305,
Tim,RDAR,0.034179,
Cape,RDDA,0.011966,
Quad,RDDA,0.011936,
Quick,RDDA,0.020001,
Tim,RDDA,0.028699,
Cape,RDDD,0.012754,
Quad,RDDD,0.012665,
Quick,RDDD,0.019683,
Tim,RDDD,0.034887,
Cape,RDDC,0.011361,
Quad,RDDC,0.011347,
Quick,RDDC,0.019137,
Tim,RDDC,0.027814,
Cape,RDDR,0.016872,
Quad,RDDR,0.016855,
Quick,RDDR,0.022507,
Tim,RDDR,0.040836,
Cape,RDCA,0.010815,
Quad,RDCA,0.010798,
Quick,RDCA,0.020124,
Tim,RDCA,0.022081,
Cape,RDCD,0.011566,
Quad,RDCD,0.011550,
Quick,RDCD,0.019061,
Tim,RDCD,0.023328,
Cape,RDCC,0.009828,
Quad,RDCC,0.009804,
Quick,RDCC,0.018982,
Tim,RDCC,0.021290,
Cape,RDCR,0.015896,
Quad,RDCR,0.015898,
Quick,RDCR,0.022264,
Tim,RDCR,0.034825,
Cape,RDRA,0.016768,
Quad,RDRA,0.016708,
Quick,RDRA,0.023287,
Tim,RDRA,0.034997,
Cape,RDRD,0.017559,
Quad,RDRD,0.017502,
Quick,RDRD,0.022913,
Tim,RDRD,0.035220,
Cape,RDRC,0.016030,
Quad,RDRC,0.016130,
Quick,RDRC,0.022342,
Tim,RDRC,0.034777,
Cape,RDRR,0.021222,
Quad,RDRR,0.021227,
Quick,RDRR,0.025545,
Tim,RDRR,0.046242,
Cape,RCAA,0.008481,
Quad,RCAA,0.008444,
Quick,RCAA,0.018736,
Tim,RCAA,0.019425,
Cape,RCAD,0.011097,
Quad,RCAD,0.011043,
Quick,RCAD,0.019834,
Tim,RCAD,0.020290,
Cape,RCAC,0.008411,
Quad,RCAC,0.008381,
Quick,RCAC,0.018748,
Tim,RCAC,0.018538,
Cape,RCAR,0.014410,
Quad,RCAR,0.014409,
Quick,RCAR,0.021927,
Tim,RCAR,0.028471,
Cape,RCDA,0.011831,
Quad,RCDA,0.011792,
Quick,RCDA,0.020537,
Tim,RCDA,0.020739,
Cape,RCDD,0.012029,
Quad,RCDD,0.011999,
Quick,RCDD,0.019703,
Tim,RCDD,0.019450,
Cape,RCDC,0.010561,
Quad,RCDC,0.010489,
Quick,RCDC,0.018934,
Tim,RCDC,0.022560,
Cape,RCDR,0.016153,
Quad,RCDR,0.016168,
Quick,RCDR,0.022620,
Tim,RCDR,0.030669,
Cape,RCCA,0.008637,
Quad,RCCA,0.008607,
Quick,RCCA,0.018909,
Tim,RCCA,0.021983,
Cape,RCCD,0.010751,
Quad,RCCD,0.010700,
Quick,RCCD,0.019408,
Tim,RCCD,0.026150,
Cape,RCCC,0.008936,
Quad,RCCC,0.008885,
Quick,RCCC,0.019114,
Tim,RCCC,0.029152,
Cape,RCCR,0.014851,
Quad,RCCR,0.014825,
Quick,RCCR,0.022460,
Tim,RCCR,0.038772,
Cape,RCRA,0.014482,
Quad,RCRA,0.014453,
Quick,RCRA,0.022032,
Tim,RCRA,0.031163,
Cape,RCRD,0.016437,
Quad,RCRD,0.016402,
Quick,RCRD,0.029629,
Tim,RCRD,0.035286,
Cape,RCRC,0.015144,
Quad,RCRC,0.015143,
Quick,RCRC,0.022532,
Tim,RCRC,0.033672,
Cape,RCRR,0.020131,
Quad,RCRR,0.020071,
Quick,RCRR,0.025645,
Tim,RCRR,0.042755,
Cape,RRAA,0.013775,
Quad,RRAA,0.013740,
Quick,RRAA,0.022001,
Tim,RRAA,0.026563,
Cape,RRAD,0.016587,
Quad,RRAD,0.016581,
Quick,RRAD,0.023280,
Tim,RRAD,0.029060,
Cape,RRAC,0.013844,
Quad,RRAC,0.013817,
Quick,RRAC,0.022148,
Tim,RRAC,0.026416,
Cape,RRAR,0.020113,
Quad,RRAR,0.020063,
Quick,RRAR,0.025595,
Tim,RRAR,0.039051,
Cape,RRDA,0.016893,
Quad,RRDA,0.016862,
Quick,RRDA,0.023476,
Tim,RRDA,0.035795,
Cape,RRDD,0.017359,
Quad,RRDD,0.017378,
Quick,RRDD,0.022955,
Tim,RRDD,0.042397,
Cape,RRDC,0.015945,
Quad,RRDC,0.015906,
Quick,RRDC,0.022296,
Tim,RRDC,0.035658,
Cape,RRDR,0.021574,
Quad,RRDR,0.021582,
Quick,RRDR,0.025870,
Tim,RRDR,0.042275,
Cape,RRCA,0.014173,
Quad,RRCA,0.014149,
Quick,RRCA,0.022528,
Tim,RRCA,0.033587,
Cape,RRCD,0.016234,
Quad,RRCD,0.016225,
Quick,RRCD,0.022896,
Tim,RRCD,0.033294,
Cape,RRCC,0.014052,
Quad,RRCC,0.014040,
Quick,RRCC,0.022098,
Tim,RRCC,0.033993,
Cape,RRCR,0.020367,
Quad,RRCR,0.020356,
Quick,RRCR,0.025865,
Tim,RRCR,0.048025,
Cape,RRRA,0.020223,
Quad,RRRA,0.020187,
Quick,RRRA,0.025680,
Tim,RRRA,0.039522,
Cape,RRRD,0.021482,
Quad,RRRD,0.021482,
Quick,RRRD,0.025819,
Tim,RRRD,0.047748,
Cape,RRRC,0.020124,
Quad,RRRC,0.020128,
Quick,RRRC,0.025639,
Tim,RRRC,0.041571,
Cape,RRRR,0.025361,
Quad,RRRR,0.025339,
Quick,RRRR,0.028882,
Tim,RRRR,0.052146,
