Sorts,Sequence,Time,
Tim,AAAAA,0.000322,
Tim,AAAAC,0.000316,
Tim,AAAAD,0.000428,
Quad,AAAAR,0.000616,
Tim,AAACA,0.000317,
Tim,AAACC,0.000317,
Tim,AAACD,0.000432,
Quad,AAACR,0.000629,
Tim,AAADA,0.000564,
Tim,AAADC,0.000478,
Tim,AAADD,0.000536,
Quad,AAADR,0.000745,
Quad,AAARA,0.000639,
Quad,AAARC,0.000662,
Quad,AAARD,0.000729,
Quad,AAARR,0.000918,
Tim,AACAA,0.000323,
Tim,AACAC,0.000322,
Tim,AACAD,0.000433,
Quad,AACAR,0.000616,
Tim,AACCA,0.000322,
Tim,AACCC,0.000321,
Tim,AACCD,0.000442,
Quad,AACCR,0.000632,
Tim,AACDA,0.000566,
Tim,AACDC,0.000480,
Tim,AACDD,0.000537,
Quad,AACDR,0.000745,
Quad,AACRA,0.000670,
Quad,AACRC,0.000707,
Quad,AACRD,0.000780,
Quad,AACRR,0.000954,
Tim,AADAA,0.000607,
Quad,AADAC,0.000602,
Tim,AADAD,0.000773,
Quad,AADAR,0.000917,
Quad,AADCA,0.000610,
Quad,AADCC,0.000529,
Tim,AADCD,0.000637,
Quad,AADCR,0.000852,
Tim,AADDA,0.000727,
Tim,AADDC,0.000642,
Tim,AADDD,0.000708,
Quad,AADDR,0.000902,
Quad,AADRA,0.000934,
Quad,AADRC,0.000873,
Quad,AADRD,0.000931,
Quad,AADRR,0.001150,
Quad,AARAA,0.000635,
Quad,AARAC,0.000610,
Quad,AARAD,0.000725,
Quad,AARAR,0.000935,
Quad,AARCA,0.000660,
Quad,AARCC,0.000639,
Quad,AARCD,0.000748,
Quad,AARCR,0.000943,
Quad,AARDA,0.000848,
Quad,AARDC,0.000766,
Quad,AARDD,0.000826,
Quad,AARDR,0.001024,
Quad,AARRA,0.000977,
Quad,AARRC,0.000992,
Quad,AARRD,0.001065,
Quad,AARRR,0.001283,
Tim,ACAAA,0.000345,
Tim,ACAAC,0.000345,
Tim,ACAAD,0.000457,
Quad,ACAAR,0.000615,
Tim,ACACA,0.000347,
Tim,ACACC,0.000347,
Tim,ACACD,0.000462,
Quad,ACACR,0.000619,
Tim,ACADA,0.000594,
Tim,ACADC,0.000509,
Tim,ACADD,0.000570,
Quad,ACADR,0.000744,
Quad,ACARA,0.000634,
Quad,ACARC,0.000654,
Quad,ACARD,0.000730,
Quad,ACARR,0.000914,
Tim,ACCAA,0.000343,
Tim,ACCAC,0.000344,
Tim,ACCAD,0.000455,
Quad,ACCAR,0.000617,
Tim,ACCCA,0.000342,
Tim,ACCCC,0.000342,
Tim,ACCCD,0.000463,
Quad,ACCCR,0.000612,
Tim,ACCDA,0.000591,
Tim,ACCDC,0.000499,
Tim,ACCDD,0.000564,
Quad,ACCDR,0.000744,
Quad,ACCRA,0.000649,
Quad,ACCRC,0.000674,
Quad,ACCRD,0.000751,
Quad,ACCRR,0.000953,
Tim,ACDAA,0.000644,
Quad,ACDAC,0.000597,
Tim,ACDAD,0.000792,
Quad,ACDAR,0.000922,
Quad,ACDCA,0.000602,
Quad,ACDCC,0.000525,
Tim,ACDCD,0.000659,
Quad,ACDCR,0.000841,
Tim,ACDDA,0.000667,
Tim,ACDDC,0.000643,
Tim,ACDDD,0.000733,
Quad,ACDDR,0.000908,
Quad,ACDRA,0.000943,
Quad,ACDRC,0.000852,
Quad,ACDRD,0.000940,
Quad,ACDRR,0.001126,
Quad,ACRAA,0.000707,
Quad,ACRAC,0.000705,
Quad,ACRAD,0.000819,
Quad,ACRAR,0.000987,
Quad,ACRCA,0.000711,
Quad,ACRCC,0.000715,
Quad,ACRCD,0.000822,
Quad,ACRCR,0.001062,
Quad,ACRDA,0.000929,
Quad,ACRDC,0.000805,
Quad,ACRDD,0.000896,
Quad,ACRDR,0.001095,
Quad,ACRRA,0.001017,
Quad,ACRRC,0.001030,
Quad,ACRRD,0.001159,
Quad,ACRRR,0.001350,
Tim,ADAAA,0.000644,
Tim,ADAAC,0.000644,
Tim,ADAAD,0.000754,
Quad,ADAAR,0.000921,
Tim,ADACA,0.000646,
Tim,ADACC,0.000645,
Tim,ADACD,0.000804,
Quad,ADACR,0.000912,
Tim,ADADA,0.000967,
Tim,ADADC,0.000853,
Tim,ADADD,0.000918,
Quad,ADADR,0.001095,
Quad,ADARA,0.000953,
Quad,ADARC,0.000998,
Quad,ADARD,0.001097,
Quad,ADARR,0.001237,
Tim,ADCAA,0.000642,
Quad,ADCAC,0.000614,
Tim,ADCAD,0.000806,
Quad,ADCAR,0.000929,
Tim,ADCCA,0.000654,
Quad,ADCCC,0.000534,
Tim,ADCCD,0.000686,
Quad,ADCCR,0.000839,
Tim,ADCDA,0.000717,
Tim,ADCDC,0.000682,
Tim,ADCDD,0.000772,
Quad,ADCDR,0.000953,
Quad,ADCRA,0.000972,
Quad,ADCRC,0.000905,
Quad,ADCRD,0.000986,
Quad,ADCRR,0.001178,
Tim,ADDAA,0.000760,
Tim,ADDAC,0.000682,
Tim,ADDAD,0.000856,
Quad,ADDAR,0.000949,
Tim,ADDCA,0.000665,
Tim,ADDCC,0.000641,
Tim,ADDCD,0.000765,
Quad,ADDCR,0.000944,
Tim,ADDDA,0.000757,
Tim,ADDDC,0.000732,
Tim,ADDDD,0.000821,
Quad,ADDDR,0.001004,
Quad,ADDRA,0.000950,
Quad,ADDRC,0.000939,
Quad,ADDRD,0.001032,
Quad,ADDRR,0.001232,
Quad,ADRAA,0.000901,
Quad,ADRAC,0.000914,
Quad,ADRAD,0.001067,
Quad,ADRAR,0.001211,
Quad,ADRCA,0.000922,
Quad,ADRCC,0.000826,
Quad,ADRCD,0.000949,
Quad,ADRCR,0.001162,
Quad,ADRDA,0.000965,
Quad,ADRDC,0.000927,
Quad,ADRDD,0.001026,
Quad,ADRDR,0.001231,
Quad,ADRRA,0.001238,
Quad,ADRRC,0.001186,
Quad,ADRRD,0.001260,
Quad,ADRRR,0.001464,
Quad,ARAAA,0.000711,
Quad,ARAAC,0.000711,
Quad,ARAAD,0.000829,
Quad,ARAAR,0.001015,
Quad,ARACA,0.000717,
Quad,ARACC,0.000717,
Quad,ARACD,0.000832,
Quad,ARACR,0.001025,
Quad,ARADA,0.000965,
Quad,ARADC,0.000878,
Quad,ARADD,0.000938,
Quad,ARADR,0.001151,
Quad,ARARA,0.001033,
Quad,ARARC,0.001066,
Quad,ARARD,0.001134,
Quad,ARARR,0.001337,
Quad,ARCAA,0.000756,
Quad,ARCAC,0.000756,
Quad,ARCAD,0.000856,
Quad,ARCAR,0.001047,
Quad,ARCCA,0.000760,
Quad,ARCCC,0.000758,
Quad,ARCCD,0.000876,
Quad,ARCCR,0.001095,
Quad,ARCDA,0.000989,
Quad,ARCDC,0.000896,
Quad,ARCDD,0.000963,
Quad,ARCDR,0.001159,
Quad,ARCRA,0.001081,
Quad,ARCRC,0.001137,
Quad,ARCRD,0.001202,
Quad,ARCRR,0.001389,
Quad,ARDAA,0.000928,
Quad,ARDAC,0.000927,
Quad,ARDAD,0.001083,
Quad,ARDAR,0.001230,
Quad,ARDCA,0.000932,
Quad,ARDCC,0.000858,
Quad,ARDCD,0.000957,
Quad,ARDCR,0.001179,
Quad,ARDDA,0.000959,
Quad,ARDDC,0.000936,
Quad,ARDDD,0.001025,
Quad,ARDDR,0.001234,
Quad,ARDRA,0.001252,
Quad,ARDRC,0.001192,
Quad,ARDRD,0.001256,
Quad,ARDRR,0.001449,
Quad,ARRAA,0.001019,
Quad,ARRAC,0.001018,
Quad,ARRAD,0.001154,
Quad,ARRAR,0.001306,
Quad,ARRCA,0.001020,
Quad,ARRCC,0.001047,
Quad,ARRCD,0.001181,
Quad,ARRCR,0.001395,
Quad,ARRDA,0.001260,
Quad,ARRDC,0.001156,
Quad,ARRDD,0.001249,
Quad,ARRDR,0.001449,
Quad,ARRRA,0.001387,
Quad,ARRRC,0.001413,
Quad,ARRRD,0.001478,
Quad,ARRRR,0.001645,
Tim,CAAAA,0.000337,
Tim,CAAAC,0.000337,
Tim,CAAAD,0.000450,
Quad,CAAAR,0.000608,
Tim,CAACA,0.000342,
Tim,CAACC,0.000338,
Tim,CAACD,0.000456,
Quad,CAACR,0.000620,
Tim,CAADA,0.000589,
Tim,CAADC,0.000503,
Tim,CAADD,0.000562,
Quad,CAADR,0.000744,
Quad,CAARA,0.000635,
Quad,CAARC,0.000668,
Quad,CAARD,0.000738,
Quad,CAARR,0.000932,
Tim,CACAA,0.000347,
Tim,CACAC,0.000347,
Tim,CACAD,0.000459,
Quad,CACAR,0.000617,
Tim,CACCA,0.000346,
Tim,CACCC,0.000345,
Tim,CACCD,0.000467,
Quad,CACCR,0.000624,
Tim,CACDA,0.000596,
Tim,CACDC,0.000504,
Tim,CACDD,0.000568,
Quad,CACDR,0.000734,
Quad,CACRA,0.000666,
Quad,CACRC,0.000679,
Quad,CACRD,0.000772,
Quad,CACRR,0.000975,
Tim,CADAA,0.000632,
Tim,CADAC,0.000633,
Tim,CADAD,0.000800,
Quad,CADAR,0.000899,
Quad,CADCA,0.000611,
Quad,CADCC,0.000527,
Tim,CADCD,0.000665,
Quad,CADCR,0.000853,
Tim,CADDA,0.000674,
Tim,CADDC,0.000648,
Tim,CADDD,0.000737,
Quad,CADDR,0.000912,
Quad,CADRA,0.000933,
Quad,CADRC,0.000848,
Quad,CADRD,0.000933,
Quad,CADRR,0.001139,
Quad,CARAA,0.000635,
Quad,CARAC,0.000636,
Quad,CARAD,0.000749,
Quad,CARAR,0.000938,
Quad,CARCA,0.000664,
Quad,CARCC,0.000672,
Quad,CARCD,0.000765,
Quad,CARCR,0.000989,
Quad,CARDA,0.000845,
Quad,CARDC,0.000755,
Quad,CARDD,0.000835,
Quad,CARDR,0.001035,
Quad,CARRA,0.000971,
Quad,CARRC,0.001006,
Quad,CARRD,0.001071,
Quad,CARRR,0.001274,
Tim,CCAAA,0.000328,
Tim,CCAAC,0.000328,
Tim,CCAAD,0.000439,
Quad,CCAAR,0.000607,
Tim,CCACA,0.000330,
Tim,CCACC,0.000330,
Tim,CCACD,0.000447,
Quad,CCACR,0.000631,
Tim,CCADA,0.000577,
Tim,CCADC,0.000465,
Tim,CCADD,0.000556,
Quad,CCADR,0.000745,
Quad,CCARA,0.000639,
Quad,CCARC,0.000652,
Quad,CCARD,0.000723,
Quad,CCARR,0.000936,
Tim,CCCAA,0.000326,
Tim,CCCAC,0.000326,
Tim,CCCAD,0.000438,
Quad,CCCAR,0.000610,
Tim,CCCCA,0.000325,
Tim,CCCCC,0.000268,
Tim,CCCCD,0.000451,
Quad,CCCCR,0.000614,
Tim,CCCDA,0.000489,
Tim,CCCDC,0.000464,
Tim,CCCDD,0.000551,
Quad,CCCDR,0.000747,
Quad,CCCRA,0.000668,
Quad,CCCRC,0.000686,
Quad,CCCRD,0.000768,
Quad,CCCRR,0.000964,
Tim,CCDAA,0.000568,
Tim,CCDAC,0.000569,
Tim,CCDAD,0.000759,
Quad,CCDAR,0.000864,
Tim,CCDCA,0.000535,
Tim,CCDCC,0.000511,
Tim,CCDCD,0.000635,
Quad,CCDCR,0.000817,
Tim,CCDDA,0.000632,
Tim,CCDDC,0.000603,
Tim,CCDDD,0.000692,
Quad,CCDDR,0.000883,
Quad,CCDRA,0.000867,
Quad,CCDRC,0.000825,
Quad,CCDRD,0.000913,
Quad,CCDRR,0.001107,
Quad,CCRAA,0.000704,
Quad,CCRAC,0.000703,
Quad,CCRAD,0.000821,
Quad,CCRAR,0.001008,
Quad,CCRCA,0.000711,
Quad,CCRCC,0.000714,
Quad,CCRCD,0.000839,
Quad,CCRCR,0.001062,
Quad,CCRDA,0.000852,
Quad,CCRDC,0.000826,
Quad,CCRDD,0.000914,
Quad,CCRDR,0.001114,
Quad,CCRRA,0.001037,
Quad,CCRRC,0.001059,
Quad,CCRRD,0.001154,
Quad,CCRRR,0.001369,
Tim,CDAAA,0.000560,
Tim,CDAAC,0.000562,
Tim,CDAAD,0.000673,
Quad,CDAAR,0.000830,
Tim,CDACA,0.000576,
Quad,CDACC,0.000443,
Tim,CDACD,0.000744,
Quad,CDACR,0.000844,
Tim,CDADA,0.000841,
Tim,CDADC,0.000776,
Tim,CDADD,0.000861,
Quad,CDADR,0.001039,
Quad,CDARA,0.000856,
Quad,CDARC,0.000879,
Quad,CDARD,0.001023,
Quad,CDARR,0.001182,
Tim,CDCAA,0.000560,
Tim,CDCAC,0.000560,
Tim,CDCAD,0.000733,
Quad,CDCAR,0.000819,
Quad,CDCCA,0.000444,
Quad,CDCCC,0.000399,
Tim,CDCCD,0.000642,
Quad,CDCCR,0.000823,
Tim,CDCDA,0.000674,
Tim,CDCDC,0.000645,
Tim,CDCDD,0.000736,
Quad,CDCDR,0.000913,
Quad,CDCRA,0.000856,
Quad,CDCRC,0.000858,
Quad,CDCRD,0.000945,
Quad,CDCRR,0.001149,
Tim,CDDAA,0.000642,
Tim,CDDAC,0.000615,
Tim,CDDAD,0.000817,
Quad,CDDAR,0.000921,
Tim,CDDCA,0.000622,
Tim,CDDCC,0.000596,
Tim,CDDCD,0.000719,
Quad,CDDCR,0.000905,
Tim,CDDDA,0.000716,
Tim,CDDDC,0.000686,
Tim,CDDDD,0.000779,
Quad,CDDDR,0.000956,
Quad,CDDRA,0.000904,
Quad,CDDRC,0.000896,
Quad,CDDRD,0.000985,
Quad,CDDRR,0.001191,
Quad,CDRAA,0.000820,
Quad,CDRAC,0.000727,
Quad,CDRAD,0.000992,
Quad,CDRAR,0.001128,
Quad,CDRCA,0.000830,
Quad,CDRCC,0.000798,
Quad,CDRCD,0.000921,
Quad,CDRCR,0.001131,
Quad,CDRDA,0.000912,
Quad,CDRDC,0.000885,
Quad,CDRDD,0.000976,
Quad,CDRDR,0.001189,
Quad,CDRRA,0.001124,
Quad,CDRRC,0.001131,
Quad,CDRRD,0.001217,
Quad,CDRRR,0.001421,
Quad,CRAAA,0.000711,
Quad,CRAAC,0.000711,
Quad,CRAAD,0.000830,
Quad,CRAAR,0.001038,
Quad,CRACA,0.000720,
Quad,CRACC,0.000720,
Quad,CRACD,0.000821,
Quad,CRACR,0.001025,
Quad,CRADA,0.000973,
Quad,CRADC,0.000888,
Quad,CRADD,0.000942,
Quad,CRADR,0.001148,
Quad,CRARA,0.001055,
Quad,CRARC,0.001083,
Quad,CRARD,0.001129,
Quad,CRARR,0.001344,
Quad,CRCAA,0.000740,
Quad,CRCAC,0.000753,
Quad,CRCAD,0.000869,
Quad,CRCAR,0.001061,
Quad,CRCCA,0.000770,
Quad,CRCCC,0.000779,
Quad,CRCCD,0.000866,
Quad,CRCCR,0.001067,
Quad,CRCDA,0.000893,
Quad,CRCDC,0.000867,
Quad,CRCDD,0.000948,
Quad,CRCDR,0.001152,
Quad,CRCRA,0.001112,
Quad,CRCRC,0.001145,
Quad,CRCRD,0.001203,
Quad,CRCRR,0.001391,
Quad,CRDAA,0.000870,
Quad,CRDAC,0.000853,
Quad,CRDAD,0.001041,
Quad,CRDAR,0.001176,
Quad,CRDCA,0.000861,
Quad,CRDCC,0.000808,
Quad,CRDCD,0.000960,
Quad,CRDCR,0.001161,
Quad,CRDDA,0.000946,
Quad,CRDDC,0.000923,
Quad,CRDDD,0.001013,
Quad,CRDDR,0.001220,
Quad,CRDRA,0.001173,
Quad,CRDRC,0.001141,
Quad,CRDRD,0.001231,
Quad,CRDRR,0.001436,
Quad,CRRAA,0.001047,
Quad,CRRAC,0.001043,
Quad,CRRAD,0.001159,
Quad,CRRAR,0.001342,
Quad,CRRCA,0.001047,
Quad,CRRCC,0.001048,
Quad,CRRCD,0.001157,
Quad,CRRCR,0.001397,
Quad,CRRDA,0.001194,
Quad,CRRDC,0.001137,
Quad,CRRDD,0.001236,
Quad,CRRDR,0.001442,
Quad,CRRRA,0.001403,
Quad,CRRRC,0.001366,
Quad,CRRRD,0.001497,
Quad,CRRRR,0.001632,
Tim,DAAAA,0.000539,
Tim,DAAAC,0.000540,
Tim,DAAAD,0.000650,
Quad,DAAAR,0.000824,
Tim,DAACA,0.000545,
Tim,DAACC,0.000542,
Tim,DAACD,0.000661,
Quad,DAACR,0.000821,
Tim,DAADA,0.000793,
Tim,DAADC,0.000705,
Tim,DAADD,0.000822,
Quad,DAADR,0.000949,
Quad,DAARA,0.000839,
Quad,DAARC,0.000868,
Quad,DAARD,0.000935,
Quad,DAARR,0.001146,
Tim,DACAA,0.000550,
Tim,DACAC,0.000565,
Tim,DACAD,0.000674,
Quad,DACAR,0.000833,
Tim,DACCA,0.000550,
Tim,DACCC,0.000550,
Tim,DACCD,0.000732,
Quad,DACCR,0.000857,
Tim,DACDA,0.000831,
Tim,DACDC,0.000751,
Tim,DACDD,0.000842,
Quad,DACDR,0.001017,
Quad,DACRA,0.000887,
Quad,DACRC,0.000901,
Quad,DACRD,0.001029,
Quad,DACRR,0.001210,
Tim,DADAA,0.000815,
Tim,DADAC,0.000828,
Tim,DADAD,0.001031,
Quad,DADAR,0.001102,
Tim,DADCA,0.000812,
Tim,DADCC,0.000746,
Tim,DADCD,0.000873,
Quad,DADCR,0.001045,
Tim,DADDA,0.000866,
Tim,DADDC,0.000838,
Tim,DADDD,0.000933,
Quad,DADDR,0.001099,
Quad,DADRA,0.001098,
Quad,DADRC,0.001051,
Quad,DADRD,0.001132,
Quad,DADRR,0.001342,
Quad,DARAA,0.000851,
Quad,DARAC,0.000830,
Quad,DARAD,0.000939,
Quad,DARAR,0.001151,
Quad,DARCA,0.000878,
Quad,DARCC,0.000873,
Quad,DARCD,0.001052,
Quad,DARCR,0.001183,
Quad,DARDA,0.001070,
Quad,DARDC,0.001005,
Quad,DARDD,0.001104,
Quad,DARDR,0.001309,
Quad,DARRA,0.001185,
Quad,DARRC,0.001204,
Quad,DARRD,0.001334,
Quad,DARRR,0.001469,
Tim,DCAAA,0.000548,
Tim,DCAAC,0.000549,
Tim,DCAAD,0.000658,
Quad,DCAAR,0.000817,
Tim,DCACA,0.000550,
Tim,DCACC,0.000551,
Tim,DCACD,0.000731,
Quad,DCACR,0.000808,
Tim,DCADA,0.000830,
Tim,DCADC,0.000759,
Tim,DCADD,0.000848,
Quad,DCADR,0.001022,
Quad,DCARA,0.000844,
Quad,DCARC,0.000857,
Quad,DCARD,0.001013,
Quad,DCARR,0.001161,
Tim,DCCAA,0.000549,
Tim,DCCAC,0.000549,
Tim,DCCAD,0.000737,
Quad,DCCAR,0.000821,
Tim,DCCCA,0.000472,
Tim,DCCCC,0.000440,
Tim,DCCCD,0.000646,
Quad,DCCCR,0.000819,
Tim,DCCDA,0.000673,
Tim,DCCDC,0.000646,
Tim,DCCDD,0.000736,
Quad,DCCDR,0.000916,
Quad,DCCRA,0.000863,
Quad,DCCRC,0.000861,
Quad,DCCRD,0.000950,
Quad,DCCRR,0.001140,
Tim,DCDAA,0.000686,
Tim,DCDAC,0.000659,
Tim,DCDAD,0.000855,
Quad,DCDAR,0.000949,
Tim,DCDCA,0.000657,
Tim,DCDCC,0.000637,
Tim,DCDCD,0.000761,
Quad,DCDCR,0.000934,
Tim,DCDDA,0.000751,
Tim,DCDDC,0.000728,
Tim,DCDDD,0.000817,
Quad,DCDDR,0.000991,
Quad,DCDRA,0.000945,
Quad,DCDRC,0.000928,
Quad,DCDRD,0.001019,
Quad,DCDRR,0.001222,
Quad,DCRAA,0.000845,
Quad,DCRAC,0.000844,
Quad,DCRAD,0.001024,
Quad,DCRAR,0.001156,
Quad,DCRCA,0.000838,
Quad,DCRCC,0.000823,
Quad,DCRCD,0.000963,
Quad,DCRCR,0.001164,
Quad,DCRDA,0.000950,
Quad,DCRDC,0.000918,
Quad,DCRDD,0.001010,
Quad,DCRDR,0.001211,
Quad,DCRRA,0.001165,
Quad,DCRRC,0.001150,
Quad,DCRRD,0.001257,
Quad,DCRRR,0.001453,
Tim,DDAAA,0.000648,
Tim,DDAAC,0.000648,
Tim,DDAAD,0.000838,
Quad,DDAAR,0.000941,
Tim,DDACA,0.000575,
Tim,DDACC,0.000544,
Tim,DDACD,0.000808,
Quad,DDACR,0.000933,
Tim,DDADA,0.000885,
Tim,DDADC,0.000816,
Tim,DDADD,0.000908,
Quad,DDADR,0.001090,
Quad,DDARA,0.000957,
Quad,DDARC,0.000941,
Quad,DDARD,0.001087,
Quad,DDARR,0.001239,
Tim,DDCAA,0.000554,
Tim,DDCAC,0.000525,
Tim,DDCAD,0.000786,
Quad,DDCAR,0.000900,
Tim,DDCCA,0.000525,
Tim,DDCCC,0.000494,
Tim,DDCCD,0.000699,
Quad,DDCCR,0.000867,
Tim,DDCDA,0.000733,
Tim,DDCDC,0.000701,
Tim,DDCDD,0.000794,
Quad,DDCDR,0.000970,
Quad,DDCRA,0.000923,
Quad,DDCRC,0.000929,
Quad,DDCRD,0.001018,
Quad,DDCRR,0.001191,
Tim,DDDAA,0.000700,
Tim,DDDAC,0.000670,
Tim,DDDAD,0.000874,
Quad,DDDAR,0.000978,
Tim,DDDCA,0.000678,
Tim,DDDCC,0.000653,
Tim,DDDCD,0.000780,
Quad,DDDCR,0.000972,
Tim,DDDDA,0.000775,
Tim,DDDDC,0.000749,
Tim,DDDDD,0.000200,
Tim,DDDDR,0.001055,
Quad,DDDRA,0.000977,
Quad,DDDRC,0.000962,
Quad,DDDRD,0.001050,
Quad,DDDRR,0.001266,
Quad,DDRAA,0.000828,
Quad,DDRAC,0.000794,
Quad,DDRAD,0.001056,
Quad,DDRAR,0.001192,
Quad,DDRCA,0.000879,
Quad,DDRCC,0.000867,
Quad,DDRCD,0.000989,
Quad,DDRCR,0.001198,
Quad,DDRDA,0.000982,
Quad,DDRDC,0.000955,
Quad,DDRDD,0.001050,
Quad,DDRDR,0.001248,
Quad,DDRRA,0.001181,
Quad,DDRRC,0.001194,
Quad,DDRRD,0.001281,
Quad,DDRRR,0.001491,
Quad,DRAAA,0.000817,
Quad,DRAAC,0.000815,
Quad,DRAAD,0.000931,
Quad,DRAAR,0.001130,
Quad,DRACA,0.000835,
Quad,DRACC,0.000748,
Quad,DRACD,0.001011,
Quad,DRACR,0.001147,
Quad,DRADA,0.001095,
Quad,DRADC,0.001028,
Quad,DRADD,0.001119,
Quad,DRADR,0.001321,
Quad,DRARA,0.001137,
Quad,DRARC,0.001151,
Quad,DRARD,0.001299,
Quad,DRARR,0.001443,
Quad,DRCAA,0.000845,
Quad,DRCAC,0.000766,
Quad,DRCAD,0.001030,
Quad,DRCAR,0.001160,
Quad,DRCCA,0.000760,
Quad,DRCCC,0.000733,
Quad,DRCCD,0.000944,
Quad,DRCCR,0.001135,
Quad,DRCDA,0.000979,
Quad,DRCDC,0.000951,
Quad,DRCDD,0.001030,
Quad,DRCDR,0.001233,
Quad,DRCRA,0.001188,
Quad,DRCRC,0.001180,
Quad,DRCRD,0.001273,
Quad,DRCRR,0.001436,
Quad,DRDAA,0.000946,
Quad,DRDAC,0.000915,
Quad,DRDAD,0.001117,
Quad,DRDAR,0.001242,
Quad,DRDCA,0.000920,
Quad,DRDCC,0.000898,
Quad,DRDCD,0.001023,
Quad,DRDCR,0.001232,
Quad,DRDDA,0.001023,
Quad,DRDDC,0.000990,
Quad,DRDDD,0.001080,
Quad,DRDDR,0.001285,
Quad,DRDRA,0.001245,
Quad,DRDRC,0.001229,
Quad,DRDRD,0.001315,
Quad,DRDRR,0.001530,
Quad,DRRAA,0.001134,
Quad,DRRAC,0.001053,
Quad,DRRAD,0.001318,
Quad,DRRAR,0.001455,
Quad,DRRCA,0.001155,
Quad,DRRCC,0.001124,
Quad,DRRCD,0.001257,
Quad,DRRCR,0.001429,
Quad,DRRDA,0.001244,
Quad,DRRDC,0.001228,
Quad,DRRDD,0.001304,
Quad,DRRDR,0.001508,
Quad,DRRRA,0.001458,
Quad,DRRRC,0.001453,
Quad,DRRRD,0.001549,
Quad,DRRRR,0.001724,
Quad,RAAAA,0.000703,
Quad,RAAAC,0.000700,
Quad,RAAAD,0.000814,
Quad,RAAAR,0.001003,
Quad,RAACA,0.000702,
Quad,RAACC,0.000702,
Quad,RAACD,0.000819,
Quad,RAACR,0.001004,
Quad,RAADA,0.000951,
Quad,RAADC,0.000858,
Quad,RAADD,0.000917,
Quad,RAADR,0.001132,
Quad,RAARA,0.001038,
Quad,RAARC,0.001055,
Quad,RAARD,0.001113,
Quad,RAARR,0.001317,
Quad,RACAA,0.000692,
Quad,RACAC,0.000692,
Quad,RACAD,0.000810,
Quad,RACAR,0.001005,
Quad,RACCA,0.000698,
Quad,RACCC,0.000698,
Quad,RACCD,0.000824,
Quad,RACCR,0.001040,
Quad,RACDA,0.000942,
Quad,RACDC,0.000850,
Quad,RACDD,0.000924,
Quad,RACDR,0.001121,
Quad,RACRA,0.001061,
Quad,RACRC,0.001086,
Quad,RACRD,0.001149,
Quad,RACRR,0.001330,
Quad,RADAA,0.000919,
Quad,RADAC,0.000932,
Quad,RADAD,0.001090,
Quad,RADAR,0.001230,
Quad,RADCA,0.000942,
Quad,RADCC,0.000864,
Quad,RADCD,0.000962,
Quad,RADCR,0.001176,
Quad,RADDA,0.000962,
Quad,RADDC,0.000936,
Quad,RADDD,0.001034,
Quad,RADDR,0.001239,
Quad,RADRA,0.001253,
Quad,RADRC,0.001197,
Quad,RADRD,0.001265,
Quad,RADRR,0.001465,
Quad,RARAA,0.001008,
Quad,RARAC,0.001022,
Quad,RARAD,0.001140,
Quad,RARAR,0.001314,
Quad,RARCA,0.001029,
Quad,RARCC,0.001033,
Quad,RARCD,0.001159,
Quad,RARCR,0.001383,
Quad,RARDA,0.001251,
Quad,RARDC,0.001134,
Quad,RARDD,0.001223,
Quad,RARDR,0.001423,
Quad,RARRA,0.001366,
Quad,RARRC,0.001374,
Quad,RARRD,0.001456,
Quad,RARRR,0.001655,
Quad,RCAAA,0.000721,
Quad,RCAAC,0.000717,
Quad,RCAAD,0.000830,
Quad,RCAAR,0.001018,
Quad,RCACA,0.000716,
Quad,RCACC,0.000721,
Quad,RCACD,0.000837,
Quad,RCACR,0.001018,
Quad,RCADA,0.000968,
Quad,RCADC,0.000880,
Quad,RCADD,0.000947,
Quad,RCADR,0.001151,
Quad,RCARA,0.001041,
Quad,RCARC,0.001065,
Quad,RCARD,0.001137,
Quad,RCARR,0.001330,
Quad,RCCAA,0.000720,
Quad,RCCAC,0.000727,
Quad,RCCAD,0.000845,
Quad,RCCAR,0.001026,
Quad,RCCCA,0.000730,
Quad,RCCCC,0.000760,
Quad,RCCCD,0.000874,
Quad,RCCCR,0.001042,
Quad,RCCDA,0.000863,
Quad,RCCDC,0.000863,
Quad,RCCDD,0.000953,
Quad,RCCDR,0.001138,
Quad,RCCRA,0.001076,
Quad,RCCRC,0.001081,
Quad,RCCRD,0.001177,
Quad,RCCRR,0.001370,
Quad,RCDAA,0.000886,
Quad,RCDAC,0.000854,
Quad,RCDAD,0.001054,
Quad,RCDAR,0.001186,
Quad,RCDCA,0.000888,
Quad,RCDCC,0.000827,
Quad,RCDCD,0.000953,
Quad,RCDCR,0.001149,
Quad,RCDDA,0.000944,
Quad,RCDDC,0.000920,
Quad,RCDDD,0.001008,
Quad,RCDDR,0.001217,
Quad,RCDRA,0.001193,
Quad,RCDRC,0.001156,
Quad,RCDRD,0.001238,
Quad,RCDRR,0.001449,
Quad,RCRAA,0.001042,
Quad,RCRAC,0.001043,
Quad,RCRAD,0.001164,
Quad,RCRAR,0.001359,
Quad,RCRCA,0.001091,
Quad,RCRCC,0.001086,
Quad,RCRCD,0.001195,
Quad,RCRCR,0.001399,
Quad,RCRDA,0.001182,
Quad,RCRDC,0.001172,
Quad,RCRDD,0.001263,
Quad,RCRDR,0.001455,
Quad,RCRRA,0.001385,
Quad,RCRRC,0.001414,
Quad,RCRRD,0.001497,
Quad,RCRRR,0.001682,
Quad,RDAAA,0.000828,
Quad,RDAAC,0.000824,
Quad,RDAAD,0.000935,
Quad,RDAAR,0.001121,
Quad,RDACA,0.000843,
Quad,RDACC,0.000748,
Quad,RDACD,0.001010,
Quad,RDACR,0.001175,
Quad,RDADA,0.001113,
Quad,RDADC,0.001049,
Quad,RDADD,0.001131,
Quad,RDADR,0.001337,
Quad,RDARA,0.001155,
Quad,RDARC,0.001181,
Quad,RDARD,0.001315,
Quad,RDARR,0.001448,
Quad,RDCAA,0.000812,
Quad,RDCAC,0.000812,
Quad,RDCAD,0.001012,
Quad,RDCAR,0.001128,
Quad,RDCCA,0.000725,
Quad,RDCCC,0.000696,
Quad,RDCCD,0.000904,
Quad,RDCCR,0.001087,
Quad,RDCDA,0.000942,
Quad,RDCDC,0.000905,
Quad,RDCDD,0.000994,
Quad,RDCDR,0.001201,
Quad,RDCRA,0.001153,
Quad,RDCRC,0.001148,
Quad,RDCRD,0.001226,
Quad,RDCRR,0.001426,
Quad,RDDAA,0.000910,
Quad,RDDAC,0.000879,
Quad,RDDAD,0.001079,
Quad,RDDAR,0.001209,
Quad,RDDCA,0.000881,
Quad,RDDCC,0.000862,
Quad,RDDCD,0.000989,
Quad,RDDCR,0.001199,
Quad,RDDDA,0.000980,
Quad,RDDDC,0.000956,
Quad,RDDDD,0.001051,
Quad,RDDDR,0.001253,
Quad,RDDRA,0.001204,
Quad,RDDRC,0.001192,
Quad,RDDRD,0.001279,
Quad,RDDRR,0.001475,
Quad,RDRAA,0.001108,
Quad,RDRAC,0.001015,
Quad,RDRAD,0.001287,
Quad,RDRAR,0.001433,
Quad,RDRCA,0.001118,
Quad,RDRCC,0.001088,
Quad,RDRCD,0.001216,
Quad,RDRCR,0.001414,
Quad,RDRDA,0.001205,
Quad,RDRDC,0.001178,
Quad,RDRDD,0.001257,
Quad,RDRDR,0.001459,
Quad,RDRRA,0.001430,
Quad,RDRRC,0.001419,
Quad,RDRRD,0.001523,
Quad,RDRRR,0.001707,
Quad,RRAAA,0.001022,
Quad,RRAAC,0.001022,
Quad,RRAAD,0.001111,
Quad,RRAAR,0.001304,
Quad,RRACA,0.001013,
Quad,RRACC,0.001019,
Quad,RRACD,0.001139,
Quad,RRACR,0.001336,
Quad,RRADA,0.001269,
Quad,RRADC,0.001158,
Quad,RRADD,0.001245,
Quad,RRADR,0.001450,
Quad,RRARA,0.001351,
Quad,RRARC,0.001356,
Quad,RRARD,0.001435,
Quad,RRARR,0.001643,
Quad,RRCAA,0.001045,
Quad,RRCAC,0.001045,
Quad,RRCAD,0.001161,
Quad,RRCAR,0.001337,
Quad,RRCCA,0.001049,
Quad,RRCCC,0.001051,
Quad,RRCCD,0.001192,
Quad,RRCCR,0.001384,
Quad,RRCDA,0.001211,
Quad,RRCDC,0.001172,
Quad,RRCDD,0.001263,
Quad,RRCDR,0.001449,
Quad,RRCRA,0.001390,
Quad,RRCRC,0.001438,
Quad,RRCRD,0.001503,
Quad,RRCRR,0.001736,
Quad,RRDAA,0.001161,
Quad,RRDAC,0.001134,
Quad,RRDAD,0.001361,
Quad,RRDAR,0.001487,
Quad,RRDCA,0.001164,
Quad,RRDCC,0.001114,
Quad,RRDCD,0.001239,
Quad,RRDCR,0.001453,
Quad,RRDDA,0.001237,
Quad,RRDDC,0.001200,
Quad,RRDDD,0.001291,
Quad,RRDDR,0.001510,
Quad,RRDRA,0.001468,
Quad,RRDRC,0.001449,
Quad,RRDRD,0.001541,
Quad,RRDRR,0.001733,
Quad,RRRAA,0.001338,
Quad,RRRAC,0.001327,
Quad,RRRAD,0.001451,
Quad,RRRAR,0.001636,
Quad,RRRCA,0.001384,
Quad,RRRCC,0.001365,
Quad,RRRCD,0.001484,
Quad,RRRCR,0.001658,
Quad,RRRDA,0.001465,
Quad,RRRDC,0.001432,
Quad,RRRDD,0.001535,
Quad,RRRDR,0.001750,
Quad,RRRRA,0.001687,
Quad,RRRRC,0.001722,
Quad,RRRRD,0.001780,
Quad,RRRRR,0.001950,
