Sorts,Sequence,Time,
Cape - Tim,AAAA,0.000441,[39344 39346 39348 39349 39350],[78814 78816 78817 78818 78819],[118099 118100 118102 118104 118105],[157209 157210 157211 157212 157214],
Quad,AAAA,0.000533,
Quick,AAAA,0.005540,
Tim,AAAA,0.000429,
Cape - Tim,AAAD,0.001079,[39430 39432 39433 39434 39435],[78752 78753 78755 78756 78757],[118144 118145 118146 118147 118149],[137761 137759 137757 137755 137753],
Quad,AAAD,0.001430,
Quick,AAAD,0.005762,
Tim,AAAD,0.001069,
Cape - Tim,AAAC,0.000410,[39286 39288 39289 39291 39292],[78564 78565 78567 78568 78570],[117902 117903 117905 117906 117908],[147448 147448 147448 147448 147448],
Quad,AAAC,0.000495,
Quick,AAAC,0.005209,
Tim,AAAC,0.000403,
Cape - Quad,AAAR,0.002579,[39249 39251 39252 39253 39255],[78700 78702 78704 78705 78707],[118164 118166 118168 118169 118171],[147685 147686 147684 147685 147683],
Quad,AAAR,0.002536,
Quick,AAAR,0.006534,
Tim,AAAR,0.004323,
Cape - Tim,AADA,0.001654,[39375 39377 39379 39381 39383],[78630 78631 78632 78634 78636],[78633 78632 78630 78628 78627],[59157 59159 59161 59162 59164],
Quad,AADA,0.002226,
Quick,AADA,0.006282,
Tim,AADA,0.001643,
Cape - Tim,AADD,0.001755,[39315 39316 39318 39319 39320],[78625 78627 78628 78630 78631],[78609 78607 78605 78603 78601],[39157 39156 39154 39152 39151],
Quad,AADD,0.002432,
Quick,AADD,0.006332,
Tim,AADD,0.001743,
Cape - Tim,AADC,0.001400,[39196 39198 39199 39200 39201],[78565 78566 78568 78569 78571],[78604 78602 78601 78600 78599],[49069 49069 49069 49069 49069],
Quad,AADC,0.001905,
Quick,AADC,0.005902,
Tim,AADC,0.001396,
Cape - Quad,AADR,0.003739,[39484 39486 39488 39489 39490],[78728 78729 78730 78731 78733],[78741 78740 78739 78738 78736],[49205 49207 49206 49208 49206],
Quad,AADR,0.003693,
Quick,AADR,0.007079,
Tim,AADR,0.005217,
Cape - Tim,AACA,0.000412,[39296 39298 39299 39300 39301],[78706 78707 78709 78710 78712],[98398 98398 98398 98398 98398],[108184 108186 108187 108188 108190],
Quad,AACA,0.000495,
Quick,AACA,0.005213,
Tim,AACA,0.000406,
Cape - Tim,AACD,0.001231,[39296 39298 39299 39300 39301],[78706 78707 78709 78710 78712],[98398 98398 98398 98398 98398],[88612 88610 88609 88608 88606],
Quad,AACD,0.001750,
Quick,AACD,0.005778,
Tim,AACD,0.001224,
Cape - Tim,AACC,0.000411,[39422 39424 39426 39427 39429],[78702 78704 78706 78708 78709],[98371 98371 98371 98371 98371],[98371 98371 98371 98371 98371],
Quad,AACC,0.000495,
Quick,AACC,0.005204,
Tim,AACC,0.000403,
Cape - Quad,AACR,0.003087,[39422 39424 39426 39427 39429],[78702 78704 78706 78708 78709],[98371 98371 98371 98371 98371],[98367 98368 98366 98367 98366],
Quad,AACR,0.003040,
Quick,AACR,0.006579,
Tim,AACR,0.004457,
Cape - Quad,AARA,0.002950,[39362 39364 39366 39367 39369],[78653 78655 78656 78658 78659],[98421 98423 98422 98424 98423],[108225 108226 108227 108228 108230],
Quad,AARA,0.002903,
Quick,AARA,0.006337,
Tim,AARA,0.004556,
Cape - Quad,AARD,0.003777,[39561 39562 39563 39564 39565],[78791 78792 78793 78795 78796],[98380 98381 98380 98382 98380],[88562 88560 88558 88557 88555],
Quad,AARD,0.003728,
Quick,AARD,0.007142,
Tim,AARD,0.005262,
Cape - Quad,AARC,0.003152,[39128 39130 39131 39132 39134],[78456 78457 78459 78460 78461],[98208 98210 98209 98211 98209],[98194 98194 98194 98194 98194],
Quad,AARC,0.003103,
Quick,AARC,0.006670,
Tim,AARC,0.004793,
Cape - Quad,AARR,0.004627,[39442 39443 39445 39447 39449],[78776 78778 78780 78781 78783],[98551 98553 98552 98553 98552],[98596 98598 98596 98598 98597],
Quad,AARR,0.004581,
Quick,AARR,0.007470,
Tim,AARR,0.008144,
Cape - Tim,ADAA,0.001720,[39389 39390 39391 39392 39393],[19555 19554 19552 19551 19550],[19587 19588 19590 19592 19594],[58836 58838 58840 58841 58843],
Quad,ADAA,0.002160,
Quick,ADAA,0.006172,
Tim,ADAA,0.001711,
Cape - Tim,ADAD,0.002843,[39225 39227 39228 39230 39231],[19538 19537 19536 19535 19534],[19702 19704 19706 19708 19710],[39343 39342 39340 39338 39337],
Quad,ADAD,0.003374,
Quick,ADAD,0.007070,
Tim,ADAD,0.002832,
Cape - Tim,ADAC,0.002049,[39387 39389 39390 39391 39392],[19773 19772 19770 19769 19768],[19663 19665 19667 19668 19669],[49120 49120 49120 49120 49120],
Quad,ADAC,0.002235,
Quick,ADAC,0.006291,
Tim,ADAC,0.002036,
Cape - Quad,ADAR,0.004240,[39353 39355 39357 39359 39361],[19733 19732 19731 19730 19728],[19882 19883 19884 19885 19887],[49509 49510 49509 49511 49509],
Quad,ADAR,0.004194,
Quick,ADAR,0.007330,
Tim,ADAR,0.005525,
Cape - Tim,ADDA,0.001950,[39290 39291 39292 39294 39296],[19698 19696 19695 19693 19691],[-19659 -19661 -19662 -19664 -19666],[-39271 -39270 -39268 -39267 -39266],
Quad,ADDA,0.002755,
Quick,ADDA,0.006355,
Tim,ADDA,0.001943,
Cape - Tim,ADDD,0.001885,[39334 39335 39336 39337 39339],[19866 19865 19863 19861 19860],[-19500 -19502 -19504 -19506 -19508],[-58805 -58806 -58808 -58810 -58811],
Quad,ADDD,0.002942,
Quick,ADDD,0.006375,
Tim,ADDD,0.001868,
Cape - Tim,ADDC,0.001810,[39304 39306 39308 39309 39311],[19646 19645 19644 19643 19642],[-19838 -19839 -19840 -19842 -19843],[-49347 -49347 -49347 -49347 -49347],
Quad,ADDC,0.002392,
Quick,ADDC,0.006102,
Tim,ADDC,0.001802,
Cape - Quad,ADDR,0.004398,[39225 39226 39227 39229 39230],[19668 19666 19664 19662 19661],[-19550 -19551 -19552 -19553 -19554],[-49077 -49075 -49076 -49074 -49075],
Quad,ADDR,0.004349,
Quick,ADDR,0.007307,
Tim,ADDR,0.005627,
Cape - Tim,ADCA,0.002059,[39287 39289 39290 39292 39293],[19640 19638 19636 19634 19633],[-55 -55 -55 -55 -55],[9752 9754 9755 9757 9758],
Quad,ADCA,0.002238,
Quick,ADCA,0.006294,
Tim,ADCA,0.002052,
Cape - Tim,ADCD,0.002224,[39428 39429 39430 39431 39432],[19826 19825 19823 19822 19821],[227 227 227 227 227],[-9666 -9667 -9668 -9670 -9671],
Quad,ADCD,0.002485,
Quick,ADCD,0.006105,
Tim,ADCD,0.002217,
Cape - Quad,ADCC,0.001950,[39389 39391 39393 39394 39396],[19626 19624 19622 19621 19620],[-124 -124 -124 -124 -124],[-124 -124 -124 -124 -124],
Quad,ADCC,0.001907,
Quick,ADCC,0.005802,
Tim,ADCC,0.002069,
Cape - Quad,ADCR,0.003910,[39313 39315 39316 39317 39318],[19680 19678 19676 19675 19674],[31 31 31 31 31],[33 34 33 35 33],
Quad,ADCR,0.003862,
Quick,ADCR,0.006957,
Tim,ADCR,0.005689,
Cape - Quad,ADRA,0.004306,[39370 39372 39373 39375 39377],[19846 19844 19842 19840 19839],[180 182 181 183 182],[10160 10162 10164 10166 10168],
Quad,ADRA,0.004258,
Quick,ADRA,0.007424,
Tim,ADRA,0.005728,
Cape - Quad,ADRD,0.004411,[39467 39469 39471 39472 39474],[19660 19658 19656 19654 19652],[161 163 161 162 160],[-9723 -9724 -9725 -9726 -9728],
Quad,ADRD,0.004362,
Quick,ADRD,0.007286,
Tim,ADRD,0.005789,
Cape - Quad,ADRC,0.003936,[39560 39561 39563 39564 39566],[19899 19898 19896 19894 19893],[266 267 266 268 267],[258 258 258 258 258],
Quad,ADRC,0.003886,
Quick,ADRC,0.006997,
Tim,ADRC,0.005650,
Cape - Quad,ADRR,0.005613,[39334 39336 39337 39338 39339],[19648 19647 19646 19645 19644],[8 10 9 11 9],[-101 -99 -100 -99 -101],
Quad,ADRR,0.005566,
Quick,ADRR,0.008124,
Tim,ADRR,0.009288,
Cape - Tim,ACAA,0.000411,[39308 39309 39310 39312 39313],[49138 49138 49138 49138 49138],[68692 68694 68695 68697 68699],[107896 107898 107900 107901 107902],
Quad,ACAA,0.000494,
Quick,ACAA,0.005205,
Tim,ACAA,0.000403,
Cape - Tim,ACAD,0.001080,[39340 39341 39342 39343 39345],[49190 49190 49190 49190 49190],[68832 68833 68835 68836 68838],[88526 88524 88523 88521 88520],
Quad,ACAD,0.001434,
Quick,ACAD,0.005757,
Tim,ACAD,0.001070,
Cape - Tim,ACAC,0.000411,[39288 39290 39291 39293 39294],[49157 49157 49157 49157 49157],[68767 68768 68770 68772 68773],[98216 98216 98216 98216 98216],
Quad,ACAC,0.000494,
Quick,ACAC,0.005203,
Tim,ACAC,0.000403,
Cape - Quad,ACAR,0.002603,[39453 39455 39456 39458 39460],[49214 49214 49214 49214 49214],[68858 68859 68861 68862 68863],[98436 98438 98437 98438 98437],
Quad,ACAR,0.002559,
Quick,ACAR,0.006483,
Tim,ACAR,0.004331,
Cape - Tim,ACDA,0.001805,[39351 39352 39353 39354 39356],[49131 49131 49131 49131 49131],[29430 29428 29426 29424 29422],[9755 9756 9757 9759 9760],
Quad,ACDA,0.002241,
Quick,ACDA,0.006281,
Tim,ACDA,0.001791,
Cape - Tim,ACDD,0.001577,[39410 39411 39413 39414 39416],[49257 49257 49257 49257 49257],[29570 29569 29567 29566 29564],[-9688 -9690 -9691 -9693 -9695],
Quad,ACDD,0.002214,
Quick,ACDD,0.006079,
Tim,ACDD,0.001565,
Cape - Tim,ACDC,0.001508,[39363 39365 39366 39367 39369],[49152 49152 49152 49152 49152],[29402 29400 29399 29397 29396],[-229 -229 -229 -229 -229],
Quad,ACDC,0.001832,
Quick,ACDC,0.005803,
Tim,ACDC,0.001500,
Cape - Quad,ACDR,0.003648,[39402 39403 39405 39406 39408],[49225 49225 49225 49225 49225],[29568 29566 29564 29563 29561],[-2 -1 -2 0 -2],
Quad,ACDR,0.003597,
Quick,ACDR,0.006937,
Tim,ACDR,0.005208,
Cape - Tim,ACCA,0.000411,[39361 39362 39363 39364 39366],[49218 49218 49218 49218 49218],[49218 49218 49218 49218 49218],[59031 59033 59034 59036 59038],
Quad,ACCA,0.000495,
Quick,ACCA,0.005206,
Tim,ACCA,0.000403,
Cape - Tim,ACCD,0.001382,[39498 39500 39501 39503 39505],[49348 49348 49348 49348 49348],[49348 49348 49348 49348 49348],[39532 39531 39529 39527 39526],
Quad,ACCD,0.001756,
Quick,ACCD,0.005784,
Tim,ACCD,0.001372,
Cape - Tim,ACCC,0.000411,[39406 39407 39408 39410 39412],[49220 49220 49220 49220 49220],[49220 49220 49220 49220 49220],[49220 49220 49220 49220 49220],
Quad,ACCC,0.000494,
Quick,ACCC,0.005209,
Tim,ACCC,0.000404,
Cape - Quad,ACCR,0.002997,[39406 39407 39408 39410 39412],[49220 49220 49220 49220 49220],[49220 49220 49220 49220 49220],[49182 49183 49182 49183 49181],
Quad,ACCR,0.002951,
Quick,ACCR,0.006453,
Tim,ACCR,0.004485,
Cape - Quad,ACRA,0.003046,[39430 39432 39433 39435 39437],[49215 49215 49215 49215 49215],[49204 49206 49205 49207 49205],[59073 59074 59075 59076 59077],
Quad,ACRA,0.002995,
Quick,ACRA,0.006475,
Tim,ACRA,0.004871,
Cape - Quad,ACRD,0.003693,[39203 39204 39205 39207 39209],[49057 49057 49057 49057 49057],[49090 49092 49091 49093 49092],[39196 39195 39194 39193 39192],
Quad,ACRD,0.003644,
Quick,ACRD,0.007000,
Tim,ACRD,0.005413,
Cape - Quad,ACRC,0.002993,[39343 39345 39347 39348 39349],[49175 49175 49175 49175 49175],[49225 49226 49224 49225 49224],[49226 49226 49226 49226 49226],
Quad,ACRC,0.002939,
Quick,ACRC,0.006421,
Tim,ACRC,0.004793,
Cape - Quad,ACRR,0.004708,[39286 39287 39288 39289 39290],[49054 49054 49054 49054 49054],[49063 49065 49064 49066 49064],[49070 49072 49071 49072 49071],
Quad,ACRR,0.004659,
Quick,ACRR,0.007646,
Tim,ACRR,0.008517,
Cape - Quad,ARAA,0.003009,[39271 39272 39273 39274 39276],[48983 48985 48984 48986 48984],[68604 68606 68607 68609 68610],[107978 107980 107981 107982 107983],
Quad,ARAA,0.002963,
Quick,ARAA,0.006447,
Tim,ARAA,0.004768,
Cape - Quad,ARAD,0.003975,[39235 39236 39238 39239 39241],[49050 49051 49050 49051 49049],[68738 68739 68741 68743 68745],[88348 88347 88345 88344 88342],
Quad,ARAD,0.003930,
Quick,ARAD,0.007040,
Tim,ARAD,0.005454,
Cape - Quad,ARAC,0.002964,[39205 39206 39207 39209 39211],[49148 49149 49148 49149 49147],[68920 68922 68924 68925 68927],[98352 98352 98352 98352 98352],
Quad,ARAC,0.002917,
Quick,ARAC,0.006343,
Tim,ARAC,0.004511,
Cape - Quad,ARAR,0.004949,[39309 39311 39313 39315 39316],[49116 49118 49116 49117 49116],[68780 68781 68783 68784 68785],[98406 98408 98407 98408 98407],
Quad,ARAR,0.004904,
Quick,ARAR,0.007575,
Tim,ARAR,0.008575,
Cape - Quad,ARDA,0.004303,[39260 39262 39263 39265 39267],[49076 49077 49075 49077 49075],[29467 29466 29465 29463 29462],[9805 9807 9809 9810 9811],
Quad,ARDA,0.004250,
Quick,ARDA,0.007442,
Tim,ARDA,0.005661,
Cape - Quad,ARDD,0.004388,[39384 39386 39387 39389 39391],[49207 49209 49208 49210 49209],[29531 29529 29527 29525 29523],[-9707 -9708 -9709 -9711 -9712],
Quad,ARDD,0.004333,
Quick,ARDD,0.007372,
Tim,ARDD,0.005519,
Cape - Quad,ARDC,0.003980,[39380 39382 39383 39384 39385],[49209 49211 49209 49210 49209],[29513 29511 29510 29508 29507],[21 21 21 21 21],
Quad,ARDC,0.003930,
Quick,ARDC,0.007000,
Tim,ARDC,0.005392,
Cape - Quad,ARDR,0.005763,[39321 39322 39323 39324 39325],[48968 48970 48969 48971 48969],[29417 29416 29414 29412 29410],[-119 -118 -120 -118 -119],
Quad,ARDR,0.005712,
Quick,ARDR,0.008296,
Tim,ARDR,0.009166,
Cape - Quad,ARCA,0.003110,[39378 39380 39382 39383 39384],[49152 49153 49151 49152 49150],[49199 49199 49199 49199 49199],[59035 59036 59038 59039 59041],
Quad,ARCA,0.003058,
Quick,ARCA,0.006624,
Tim,ARCA,0.004691,
Cape - Quad,ARCD,0.003950,[39489 39491 39492 39493 39495],[49223 49224 49223 49225 49223],[49246 49246 49246 49246 49246],[39398 39396 39395 39394 39393],
Quad,ARCD,0.003899,
Quick,ARCD,0.007123,
Tim,ARCD,0.005529,
Cape - Quad,ARCC,0.003133,[39408 39409 39410 39411 39412],[49265 49266 49264 49266 49264],[49242 49242 49242 49242 49242],[49242 49242 49242 49242 49242],
Quad,ARCC,0.003082,
Quick,ARCC,0.006585,
Tim,ARCC,0.004692,
Cape - Quad,ARCR,0.005052,[39385 39387 39388 39390 39392],[49398 49400 49399 49400 49398],[49434 49434 49434 49434 49434],[49409 49410 49408 49410 49409],
Quad,ARCR,0.004998,
Quick,ARCR,0.007677,
Tim,ARCR,0.008544,
Cape - Quad,ARRA,0.004925,[39354 39355 39357 39358 39359],[49193 49194 49193 49194 49192],[49229 49230 49229 49230 49229],[59183 59184 59185 59187 59188],
Quad,ARRA,0.004867,
Quick,ARRA,0.007470,
Tim,ARRA,0.008310,
Cape - Quad,ARRD,0.005672,[39409 39411 39412 39413 39415],[49327 49328 49327 49329 49328],[49416 49418 49417 49418 49417],[39406 39405 39403 39402 39400],
Quad,ARRD,0.005619,
Quick,ARRD,0.008173,
Tim,ARRD,0.009146,
Cape - Quad,ARRC,0.005171,[39343 39344 39346 39348 39349],[49109 49111 49110 49111 49109],[49105 49106 49105 49107 49105],[49188 49188 49188 49188 49188],
Quad,ARRC,0.005118,
Quick,ARRC,0.007896,
Tim,ARRC,0.008624,
Cape - Quad,ARRR,0.006735,[39230 39231 39232 39234 39235],[49101 49103 49102 49104 49102],[49054 49055 49054 49055 49053],[49134 49135 49133 49134 49132],
Quad,ARRR,0.006676,
Quick,ARRR,0.008844,
Tim,ARRR,0.012400,
Cape - Tim,DAAA,0.000972,[-39387 -39389 -39390 -39391 -39392],[-19656 -19655 -19653 -19651 -19649],[19511 19513 19514 19516 19518],[58767 58768 58769 58770 58772],
Quad,DAAA,0.001814,
Quick,DAAA,0.005760,
Tim,DAAA,0.000956,
Cape - Tim,DAAD,0.001638,[-39229 -39230 -39231 -39232 -39234],[-19648 -19647 -19646 -19645 -19644],[19750 19751 19752 19754 19756],[39382 39380 39379 39377 39375],
Quad,DAAD,0.002362,
Quick,DAAD,0.006310,
Tim,DAAD,0.001621,
Cape - Tim,DAAC,0.000970,[-39159 -39160 -39161 -39162 -39164],[-19495 -19494 -19493 -19492 -19491],[19882 19884 19886 19887 19889],[49401 49401 49401 49401 49401],
Quad,DAAC,0.001425,
Quick,DAAC,0.005757,
Tim,DAAC,0.000954,
Cape - Quad,DAAR,0.003467,[-39234 -39236 -39238 -39240 -39241],[-19514 -19513 -19512 -19510 -19508],[19825 19826 19828 19829 19830],[49197 49199 49198 49199 49197],
Quad,DAAR,0.003419,
Quick,DAAR,0.006898,
Tim,DAAR,0.004760,
Cape - Tim,DADA,0.002700,[-39316 -39318 -39319 -39321 -39322],[-19583 -19582 -19580 -19579 -19578],[-19526 -19527 -19529 -19531 -19533],[-39355 -39353 -39351 -39350 -39348],
Quad,DADA,0.003361,
Quick,DADA,0.007061,
Tim,DADA,0.002683,
Cape - Tim,DADD,0.002796,[-39342 -39343 -39345 -39346 -39348],[-19541 -19540 -19539 -19537 -19536],[-19613 -19614 -19615 -19617 -19619],[-58910 -58911 -58913 -58915 -58917],
Quad,DADD,0.003341,
Quick,DADD,0.006856,
Tim,DADD,0.002781,
Cape - Tim,DADC,0.002375,[-39435 -39437 -39438 -39440 -39442],[-19856 -19854 -19853 -19852 -19851],[-19850 -19852 -19854 -19856 -19858],[-49350 -49350 -49350 -49350 -49350],
Quad,DADC,0.002955,
Quick,DADC,0.006581,
Tim,DADC,0.002359,
Cape - Quad,DADR,0.004788,[-39395 -39396 -39397 -39398 -39400],[-19719 -19717 -19715 -19714 -19712],[-19697 -19698 -19700 -19702 -19703],[-49212 -49211 -49213 -49211 -49213],
Quad,DADR,0.004737,
Quick,DADR,0.007719,
Tim,DADR,0.006174,
Cape - Tim,DACA,0.000969,[-39262 -39263 -39265 -39267 -39268],[-19561 -19560 -19559 -19558 -19556],[175 175 175 175 175],[10025 10027 10029 10030 10032],
Quad,DACA,0.001425,
Quick,DACA,0.005758,
Tim,DACA,0.000954,
Cape - Tim,DACD,0.002215,[-39321 -39323 -39325 -39327 -39329],[-19620 -19619 -19618 -19616 -19615],[-1 -1 -1 -1 -1],[-9787 -9789 -9790 -9791 -9792],
Quad,DACD,0.002883,
Quick,DACD,0.006584,
Tim,DACD,0.002203,
Cape - Tim,DACC,0.000969,[-39391 -39392 -39394 -39395 -39396],[-19625 -19624 -19622 -19621 -19620],[117 117 117 117 117],[117 117 117 117 117],
Quad,DACC,0.001425,
Quick,DACC,0.005755,
Tim,DACC,0.000952,
Cape - Quad,DACR,0.004077,[-39268 -39270 -39271 -39272 -39273],[-19528 -19527 -19526 -19524 -19523],[66 66 66 66 66],[96 98 96 98 96],
Quad,DACR,0.004025,
Quick,DACR,0.007196,
Tim,DACR,0.005161,
Cape - Quad,DARA,0.003958,[-39326 -39328 -39329 -39330 -39332],[-19723 -19721 -19720 -19718 -19716],[75 76 74 75 74],[9908 9910 9912 9914 9916],
Quad,DARA,0.003903,
Quick,DARA,0.006947,
Tim,DARA,0.005168,
Cape - Quad,DARD,0.004730,[-39219 -39221 -39222 -39224 -39226],[-19529 -19528 -19526 -19525 -19524],[272 274 273 274 273],[-9547 -9549 -9550 -9551 -9552],
Quad,DARD,0.004681,
Quick,DARD,0.007621,
Tim,DARD,0.006031,
Cape - Quad,DARC,0.003999,[-39426 -39427 -39429 -39431 -39433],[-19728 -19727 -19725 -19723 -19722],[83 84 82 84 82],[147 147 147 147 147],
Quad,DARC,0.003947,
Quick,DARC,0.007038,
Tim,DARC,0.005105,
Cape - Quad,DARR,0.005605,[-39337 -39339 -39340 -39341 -39343],[-19571 -19570 -19568 -19567 -19566],[9 10 8 10 8],[175 176 175 176 174],
Quad,DARR,0.005555,
Quick,DARR,0.008052,
Tim,DARR,0.008644,
Cape - Tim,DDAA,0.001459,[-39246 -39248 -39249 -39251 -39252],[-78483 -78485 -78487 -78488 -78490],[-78395 -78393 -78392 -78391 -78389],[-39134 -39133 -39132 -39130 -39128],
Quad,DDAA,0.002421,
Quick,DDAA,0.006322,
Tim,DDAA,0.001438,
Cape - Tim,DDAD,0.002110,[-39149 -39150 -39151 -39152 -39153],[-78523 -78525 -78526 -78528 -78530],[-78555 -78554 -78552 -78550 -78549],[-58805 -58806 -58808 -58810 -58812],
Quad,DDAD,0.003271,
Quick,DDAD,0.006765,
Tim,DDAD,0.002091,
Cape - Tim,DDAC,0.001323,[-39356 -39357 -39358 -39359 -39360],[-78668 -78669 -78671 -78673 -78674],[-78657 -78655 -78653 -78652 -78651],[-49078 -49078 -49078 -49078 -49078],
Quad,DDAC,0.002217,
Quick,DDAC,0.006080,
Tim,DDAC,0.001306,
Cape - Quad,DDAR,0.004309,[-39331 -39333 -39335 -39337 -39339],[-78696 -78698 -78699 -78701 -78703],[-78739 -78737 -78735 -78734 -78732],[-49265 -49263 -49264 -49263 -49264],
Quad,DDAR,0.004253,
Quick,DDAR,0.007201,
Tim,DDAR,0.005076,
Cape - Tim,DDDA,0.001385,[-39398 -39399 -39401 -39403 -39404],[-78930 -78932 -78933 -78934 -78936],[-118339 -118340 -118342 -118344 -118345],[-138070 -138068 -138067 -138065 -138064],
Quad,DDDA,0.002933,
Quick,DDDA,0.006377,
Tim,DDDA,0.001370,
Cape - Tim,DDDD,0.001309,[-39255 -39257 -39258 -39259 -39261],[-78465 -78467 -78469 -78470 -78471],[-117743 -117745 -117746 -117747 -117748],[-156921 -156923 -156925 -156926 -156928],
Quad,DDDD,0.002950,
Quick,DDDD,0.006398,
Tim,DDDD,0.001291,
Cape - Tim,DDDC,0.001250,[-39105 -39106 -39107 -39109 -39110],[-78410 -78412 -78413 -78414 -78416],[-117828 -117829 -117830 -117831 -117833],[-147255 -147255 -147255 -147255 -147255],
Quad,DDDC,0.002566,
Quick,DDDC,0.006129,
Tim,DDDC,0.001235,
Cape - Quad,DDDR,0.004415,[-39281 -39283 -39285 -39287 -39288],[-78612 -78613 -78614 -78616 -78618],[-117837 -117838 -117839 -117841 -117842],[-147337 -147335 -147336 -147334 -147336],
Quad,DDDR,0.004357,
Quick,DDDR,0.007277,
Tim,DDDR,0.005087,
Cape - Tim,DDCA,0.001324,[-39247 -39249 -39250 -39252 -39254],[-78367 -78368 -78369 -78370 -78372],[-97957 -97957 -97957 -97957 -97957],[-88124 -88122 -88121 -88119 -88118],
Quad,DDCA,0.002218,
Quick,DDCA,0.006074,
Tim,DDCA,0.001305,
Cape - Tim,DDCD,0.001631,[-39364 -39365 -39367 -39368 -39369],[-78744 -78746 -78747 -78748 -78749],[-98442 -98442 -98442 -98442 -98442],[-108315 -108316 -108317 -108318 -108319],
Quad,DDCD,0.002653,
Quick,DDCD,0.006124,
Tim,DDCD,0.001615,
Cape - Tim,DDCC,0.001186,[-39192 -39193 -39195 -39196 -39198],[-78506 -78507 -78509 -78511 -78513],[-98192 -98192 -98192 -98192 -98192],[-98192 -98192 -98192 -98192 -98192],
Quad,DDCC,0.002003,
Quick,DDCC,0.005827,
Tim,DDCC,0.001170,
Cape - Quad,DDCR,0.004164,[-39403 -39405 -39407 -39408 -39410],[-78694 -78695 -78697 -78698 -78699],[-98230 -98230 -98230 -98230 -98230],[-98260 -98258 -98260 -98259 -98261],
Quad,DDCR,0.004106,
Quick,DDCR,0.007091,
Tim,DDCR,0.005188,
Cape - Quad,DDRA,0.004308,[-39230 -39232 -39233 -39235 -39236],[-78583 -78584 -78585 -78587 -78588],[-98157 -98156 -98158 -98156 -98158],[-88298 -88296 -88295 -88294 -88293],
Quad,DDRA,0.004251,
Quick,DDRA,0.007196,
Tim,DDRA,0.005160,
Cape - Quad,DDRD,0.004609,[-39286 -39287 -39288 -39290 -39292],[-78552 -78554 -78555 -78557 -78558],[-98296 -98294 -98296 -98294 -98296],[-108192 -108193 -108194 -108196 -108198],
Quad,DDRD,0.004551,
Quick,DDRD,0.007328,
Tim,DDRD,0.005394,
Cape - Quad,DDRC,0.004132,[-39215 -39216 -39217 -39218 -39220],[-78514 -78516 -78517 -78519 -78521],[-98179 -98178 -98180 -98179 -98180],[-98217 -98217 -98217 -98217 -98217],
Quad,DDRC,0.004075,
Quick,DDRC,0.007015,
Tim,DDRC,0.005215,
Cape - Quad,DDRR,0.005839,[-39352 -39353 -39354 -39355 -39357],[-78799 -78801 -78803 -78805 -78807],[-98363 -98362 -98364 -98362 -98363],[-98362 -98361 -98363 -98362 -98363],
Quad,DDRR,0.005781,
Quick,DDRR,0.008214,
Tim,DDRR,0.009104,
Cape - Tim,DCAA,0.001147,[-39309 -39310 -39311 -39312 -39314],[-49156 -49156 -49156 -49156 -49156],[-29450 -29448 -29447 -29445 -29443],[9765 9767 9768 9770 9772],
Quad,DCAA,0.001824,
Quick,DCAA,0.005780,
Tim,DCAA,0.001126,
Cape - Tim,DCAD,0.002075,[-39194 -39195 -39196 -39198 -39200],[-49027 -49027 -49027 -49027 -49027],[-29367 -29365 -29363 -29361 -29360],[-9709 -9711 -9713 -9715 -9717],
Quad,DCAD,0.002963,
Quick,DCAD,0.006580,
Tim,DCAD,0.002061,
Cape - Tim,DCAC,0.001306,[-39248 -39250 -39252 -39253 -39255],[-49081 -49081 -49081 -49081 -49081],[-29479 -29477 -29476 -29474 -29472],[18 18 18 18 18],
Quad,DCAC,0.001903,
Quick,DCAC,0.005896,
Tim,DCAC,0.001285,
Cape - Quad,DCAR,0.003920,[-39295 -39297 -39299 -39300 -39301],[-49116 -49116 -49116 -49116 -49116],[-29351 -29350 -29348 -29346 -29345],[352 354 352 354 352],
Quad,DCAR,0.003866,
Quick,DCAR,0.006947,
Tim,DCAR,0.005032,
Cape - Tim,DCDA,0.002055,[-39202 -39204 -39206 -39207 -39208],[-49079 -49079 -49079 -49079 -49079],[-68606 -68607 -68608 -68610 -68612],[-88193 -88191 -88190 -88189 -88187],
Quad,DCDA,0.002626,
Quick,DCDA,0.006195,
Tim,DCDA,0.002041,
Cape - Tim,DCDD,0.002333,[-39370 -39371 -39372 -39373 -39375],[-49204 -49204 -49204 -49204 -49204],[-68939 -68941 -68943 -68944 -68946],[-108178 -108180 -108182 -108183 -108185],
Quad,DCDD,0.002564,
Quick,DCDD,0.006124,
Tim,DCDD,0.002325,
Cape - Tim,DCDC,0.001914,[-39119 -39120 -39122 -39124 -39125],[-48941 -48941 -48941 -48941 -48941],[-68611 -68613 -68615 -68616 -68617],[-97990 -97990 -97990 -97990 -97990],
Quad,DCDC,0.002183,
Quick,DCDC,0.005854,
Tim,DCDC,0.001904,
Cape - Quad,DCDR,0.004020,[-39340 -39341 -39342 -39343 -39344],[-49086 -49086 -49086 -49086 -49086],[-68798 -68799 -68800 -68802 -68803],[-98360 -98359 -98360 -98358 -98359],
Quad,DCDR,0.003966,
Quick,DCDR,0.006991,
Tim,DCDR,0.005696,
Cape - Tim,DCCA,0.001327,[-39250 -39251 -39253 -39255 -39257],[-49041 -49041 -49041 -49041 -49041],[-49041 -49041 -49041 -49041 -49041],[-39177 -39176 -39174 -39173 -39172],
Quad,DCCA,0.001897,
Quick,DCCA,0.005896,
Tim,DCCA,0.001298,
Cape - Tim,DCCD,0.001774,[-39353 -39355 -39357 -39359 -39360],[-49193 -49193 -49193 -49193 -49193],[-49193 -49193 -49193 -49193 -49193],[-58946 -58947 -58948 -58949 -58951],
Quad,DCCD,0.002345,
Quick,DCCD,0.005946,
Tim,DCCD,0.001760,
Cape - Tim,DCCC,0.001169,[-39312 -39314 -39315 -39316 -39318],[-49136 -49136 -49136 -49136 -49136],[-49136 -49136 -49136 -49136 -49136],[-49136 -49136 -49136 -49136 -49136],
Quad,DCCC,0.001692,
Quick,DCCC,0.005649,
Tim,DCCC,0.001134,
Cape - Quad,DCCR,0.003789,[-39231 -39233 -39235 -39237 -39238],[-48998 -48998 -48998 -48998 -48998],[-48998 -48998 -48998 -48998 -48998],[-48926 -48924 -48925 -48923 -48925],
Quad,DCCR,0.003732,
Quick,DCCR,0.006786,
Tim,DCCR,0.005256,
Cape - Quad,DCRA,0.004005,[-39365 -39366 -39368 -39369 -39370],[-49178 -49178 -49178 -49178 -49178],[-49142 -49140 -49141 -49139 -49140],[-39343 -39341 -39339 -39338 -39336],
Quad,DCRA,0.003949,
Quick,DCRA,0.007023,
Tim,DCRA,0.005553,
Cape - Quad,DCRD,0.004309,[-39285 -39286 -39288 -39290 -39291],[-49125 -49125 -49125 -49125 -49125],[-49069 -49067 -49068 -49066 -49068],[-58930 -58932 -58933 -58934 -58935],
Quad,DCRD,0.004259,
Quick,DCRD,0.007163,
Tim,DCRD,0.005577,
Cape - Quad,DCRC,0.003856,[-39359 -39360 -39362 -39363 -39364],[-49194 -49194 -49194 -49194 -49194],[-49130 -49129 -49131 -49130 -49132],[-49050 -49050 -49050 -49050 -49050],
Quad,DCRC,0.003800,
Quick,DCRC,0.006891,
Tim,DCRC,0.005134,
Cape - Quad,DCRR,0.005476,[-39322 -39323 -39324 -39326 -39328],[-49155 -49155 -49155 -49155 -49155],[-49179 -49178 -49179 -49177 -49178],[-49242 -49241 -49243 -49242 -49244],
Quad,DCRR,0.005415,
Quick,DCRR,0.007960,
Tim,DCRR,0.009159,
Cape - Quad,DRAA,0.003669,[-39247 -39249 -39250 -39251 -39253],[-49074 -49072 -49073 -49071 -49072],[-29431 -29430 -29428 -29427 -29425],[9880 9881 9883 9885 9887],
Quad,DRAA,0.003612,
Quick,DRAA,0.006939,
Tim,DRAA,0.005106,
Cape - Quad,DRAD,0.004806,[-39251 -39252 -39253 -39254 -39255],[-49048 -49047 -49049 -49047 -49049],[-29388 -29387 -29386 -29384 -29383],[-9688 -9689 -9691 -9692 -9693],
Quad,DRAD,0.004749,
Quick,DRAD,0.007727,
Tim,DRAD,0.006156,
Cape - Quad,DRAC,0.003726,[-39349 -39351 -39352 -39353 -39354],[-49254 -49252 -49254 -49253 -49255],[-29569 -29567 -29565 -29563 -29561],[-92 -92 -92 -92 -92],
Quad,DRAC,0.003673,
Quick,DRAC,0.007024,
Tim,DRAC,0.005234,
Cape - Quad,DRAR,0.005620,[-39275 -39277 -39278 -39279 -39281],[-48983 -48981 -48983 -48981 -48983],[-29397 -29395 -29394 -29393 -29391],[323 325 323 325 324],
Quad,DRAR,0.005560,
Quick,DRAR,0.008079,
Tim,DRAR,0.009108,
Cape - Quad,DRDA,0.004457,[-39297 -39298 -39300 -39302 -39303],[-49133 -49132 -49134 -49132 -49133],[-68745 -68746 -68747 -68749 -68750],[-88379 -88378 -88376 -88374 -88372],
Quad,DRDA,0.004401,
Quick,DRDA,0.007322,
Tim,DRDA,0.005590,
Cape - Quad,DRDD,0.004603,[-39402 -39403 -39404 -39406 -39408],[-49222 -49221 -49223 -49221 -49223],[-68880 -68882 -68884 -68885 -68886],[-108282 -108284 -108286 -108287 -108289],
Quad,DRDD,0.004547,
Quick,DRDD,0.007315,
Tim,DRDD,0.006159,
Cape - Quad,DRDC,0.004210,[-39309 -39311 -39313 -39314 -39315],[-49036 -49034 -49035 -49033 -49035],[-68653 -68655 -68657 -68659 -68661],[-98172 -98172 -98172 -98172 -98172],
Quad,DRDC,0.004156,
Quick,DRDC,0.007022,
Tim,DRDC,0.005553,
Cape - Quad,DRDR,0.005850,[-39358 -39360 -39361 -39362 -39363],[-49248 -49246 -49248 -49246 -49247],[-68808 -68810 -68812 -68814 -68816],[-98419 -98418 -98420 -98418 -98420],
Quad,DRDR,0.005789,
Quick,DRDR,0.008098,
Tim,DRDR,0.009386,
Cape - Quad,DRCA,0.003715,[-39223 -39225 -39227 -39229 -39230],[-49115 -49113 -49115 -49113 -49114],[-49204 -49204 -49204 -49204 -49204],[-39364 -39363 -39361 -39360 -39358],
Quad,DRCA,0.003657,
Quick,DRCA,0.007006,
Tim,DRCA,0.005460,
Cape - Quad,DRCD,0.004126,[-39417 -39418 -39419 -39420 -39422],[-49135 -49134 -49136 -49134 -49136],[-49168 -49168 -49168 -49168 -49168],[-59014 -59015 -59016 -59017 -59018],
Quad,DRCD,0.004067,
Quick,DRCD,0.006995,
Tim,DRCD,0.005723,
Cape - Quad,DRCC,0.003483,[-39191 -39193 -39195 -39197 -39198],[-48942 -48940 -48941 -48940 -48942],[-48937 -48937 -48937 -48937 -48937],[-48937 -48937 -48937 -48937 -48937],
Quad,DRCC,0.003426,
Quick,DRCC,0.006727,
Tim,DRCC,0.005590,
Cape - Quad,DRCR,0.005487,[-39305 -39306 -39308 -39309 -39311],[-49241 -49240 -49241 -49239 -49240],[-49164 -49164 -49164 -49164 -49164],[-49123 -49122 -49123 -49122 -49124],
Quad,DRCR,0.005428,
Quick,DRCR,0.007946,
Tim,DRCR,0.008863,
Cape - Quad,DRRA,0.005682,[-39350 -39351 -39352 -39354 -39356],[-49129 -49128 -49130 -49129 -49130],[-49191 -49190 -49191 -49189 -49191],[-39265 -39264 -39262 -39261 -39259],
Quad,DRRA,0.005626,
Quick,DRRA,0.008159,
Tim,DRRA,0.009256,
Cape - Quad,DRRD,0.005970,[-39297 -39298 -39300 -39302 -39303],[-49052 -49051 -49053 -49052 -49053],[-49134 -49133 -49134 -49133 -49135],[-58807 -58809 -58811 -58812 -58813],
Quad,DRRD,0.005913,
Quick,DRRD,0.008273,
Tim,DRRD,0.009401,
Cape - Quad,DRRC,0.005453,[-39369 -39370 -39371 -39373 -39375],[-49156 -49155 -49157 -49155 -49156],[-49219 -49217 -49218 -49217 -49219],[-49190 -49190 -49190 -49190 -49190],
Quad,DRRC,0.005394,
Quick,DRRC,0.007940,
Tim,DRRC,0.009163,
Cape - Quad,DRRR,0.007190,[-39313 -39315 -39316 -39317 -39318],[-49203 -49201 -49202 -49201 -49203],[-49150 -49149 -49150 -49149 -49150],[-49144 -49142 -49143 -49142 -49144],
Quad,DRRR,0.007130,
Quick,DRRR,0.009117,
Tim,DRRR,0.012899,
Cape - Tim,CAAA,0.000414,[55 55 55 55 55],[29621 29623 29625 29627 29629],[68848 68849 68851 68852 68853],[108196 108197 108198 108200 108202],
Quad,CAAA,0.000495,
Quick,CAAA,0.005207,
Tim,CAAA,0.000403,
Cape - Tim,CAAD,0.001081,[26 26 26 26 26],[29426 29427 29428 29429 29430],[68740 68741 68742 68743 68744],[88369 88367 88366 88365 88364],
Quad,CAAD,0.001819,
Quick,CAAD,0.005756,
Tim,CAAD,0.001069,
Cape - Tim,CAAC,0.000414,[77 77 77 77 77],[29470 29471 29473 29475 29477],[68828 68829 68830 68832 68833],[98305 98305 98305 98305 98305],
Quad,CAAC,0.000495,
Quick,CAAC,0.005211,
Tim,CAAC,0.000403,
Cape - Quad,CAAR,0.002533,[90 90 90 90 90],[29516 29517 29519 29521 29523],[68775 68776 68777 68779 68781],[98261 98263 98262 98264 98262],
Quad,CAAR,0.002485,
Quick,CAAR,0.006393,
Tim,CAAR,0.004290,
Cape - Tim,CADA,0.001659,[11 11 11 11 11],[29573 29575 29577 29578 29580],[29555 29553 29551 29550 29548],[9907 9909 9910 9912 9913],
Quad,CADA,0.002225,
Quick,CADA,0.006283,
Tim,CADA,0.001644,
Cape - Tim,CADD,0.001582,[49 49 49 49 49],[29621 29622 29623 29625 29626],[29631 29630 29629 29628 29626],[-9678 -9680 -9681 -9682 -9683],
Quad,CADD,0.002290,
Quick,CADD,0.006172,
Tim,CADD,0.001564,
Cape - Tim,CADC,0.001515,[71 71 71 71 71],[29483 29485 29486 29487 29488],[29505 29504 29502 29501 29499],[60 60 60 60 60],
Quad,CADC,0.001906,
Quick,CADC,0.005897,
Tim,CADC,0.001500,
Cape - Quad,CADR,0.003738,[37 37 37 37 37],[29433 29435 29436 29437 29438],[29448 29446 29444 29443 29441],[34 36 35 36 35],
Quad,CADR,0.003685,
Quick,CADR,0.007065,
Tim,CADR,0.005317,
Cape - Tim,CACA,0.000414,[92 92 92 92 92],[29532 29533 29534 29535 29537],[49137 49137 49137 49137 49137],[58993 58994 58995 58997 58999],
Quad,CACA,0.000495,
Quick,CACA,0.005206,
Tim,CACA,0.000403,
Cape - Tim,CACD,0.001386,[21 21 21 21 21],[29561 29562 29563 29564 29566],[49191 49191 49191 49191 49191],[39323 39322 39320 39319 39318],
Quad,CACD,0.001749,
Quick,CACD,0.005786,
Tim,CACD,0.001373,
Cape - Tim,CACC,0.000415,[80 80 80 80 80],[29512 29513 29514 29515 29516],[49202 49202 49202 49202 49202],[49202 49202 49202 49202 49202],
Quad,CACC,0.000495,
Quick,CACC,0.005217,
Tim,CACC,0.000403,
Cape - Quad,CACR,0.002977,[56 56 56 56 56],[29466 29467 29468 29470 29472],[49138 49138 49138 49138 49138],[49228 49229 49228 49229 49228],
Quad,CACR,0.002926,
Quick,CACR,0.006429,
Tim,CACR,0.004374,
Cape - Quad,CARA,0.002995,[27 27 27 27 27],[29511 29512 29514 29516 29518],[49200 49202 49200 49202 49201],[59043 59044 59045 59047 59049],
Quad,CARA,0.002945,
Quick,CARA,0.006386,
Tim,CARA,0.004624,
Cape - Quad,CARD,0.003713,[27 27 27 27 27],[29501 29502 29504 29506 29508],[49220 49221 49220 49222 49220],[39464 39462 39461 39460 39459],
Quad,CARD,0.003661,
Quick,CARD,0.007019,
Tim,CARD,0.005159,
Cape - Quad,CARC,0.003036,[27 27 27 27 27],[29520 29521 29522 29523 29524],[49171 49172 49171 49172 49170],[49185 49185 49185 49185 49185],
Quad,CARC,0.002986,
Quick,CARC,0.006522,
Tim,CARC,0.004582,
Cape - Quad,CARR,0.004787,[56 56 56 56 56],[29474 29476 29477 29479 29481],[49051 49053 49052 49054 49052],[48979 48981 48980 48981 48980],
Quad,CARR,0.004731,
Quick,CARR,0.007732,
Tim,CARR,0.008491,
Cape - Tim,CDAA,0.001467,[76 76 76 76 76],[-29385 -29386 -29387 -29389 -29390],[-29462 -29460 -29459 -29458 -29457],[9904 9906 9908 9909 9911],
Quad,CDAA,0.001760,
Quick,CDAA,0.005787,
Tim,CDAA,0.001455,
Cape - Tim,CDAD,0.002521,[22 22 22 22 22],[-29418 -29420 -29421 -29423 -29424],[-29480 -29479 -29477 -29476 -29474],[-9836 -9838 -9840 -9842 -9844],
Quad,CDAD,0.002901,
Quick,CDAD,0.006587,
Tim,CDAD,0.002507,
Cape - Tim,CDAC,0.001902,[14 14 14 14 14],[-29514 -29516 -29518 -29519 -29521],[-29523 -29521 -29519 -29517 -29516],[-58 -58 -58 -58 -58],
Quad,CDAC,0.001759,
Quick,CDAC,0.005802,
Tim,CDAC,0.001895,
Cape - Quad,CDAR,0.003901,[10 10 10 10 10],[-29600 -29601 -29603 -29605 -29606],[-29665 -29664 -29663 -29661 -29659],[-7 -5 -7 -5 -7],
Quad,CDAR,0.003846,
Quick,CDAR,0.007012,
Tim,CDAR,0.005429,
Cape - Tim,CDDA,0.001773,[24 24 24 24 24],[-29577 -29578 -29580 -29582 -29584],[-68909 -68910 -68912 -68914 -68915],[-88720 -88719 -88717 -88715 -88713],
Quad,CDDA,0.002317,
Quick,CDDA,0.006105,
Tim,CDDA,0.001765,
Cape - Tim,CDDD,0.001714,[86 86 86 86 86],[-29369 -29371 -29373 -29374 -29375],[-68672 -68674 -68676 -68677 -68679],[-108037 -108038 -108039 -108041 -108042],
Quad,CDDD,0.002493,
Quick,CDDD,0.006126,
Tim,CDDD,0.001693,
Cape - Tim,CDDC,0.001635,[81 81 81 81 81],[-29431 -29433 -29434 -29435 -29437],[-68467 -68468 -68469 -68470 -68472],[-98127 -98127 -98127 -98127 -98127],
Quad,CDDC,0.002106,
Quick,CDDC,0.005852,
Tim,CDDC,0.001628,
Cape - Quad,CDDR,0.003959,[44 44 44 44 44],[-29551 -29552 -29554 -29555 -29556],[-68718 -68720 -68722 -68723 -68724],[-98116 -98115 -98117 -98115 -98116],
Quad,CDDR,0.003910,
Quick,CDDR,0.007041,
Tim,CDDR,0.005419,
Cape - Quad,CDCA,0.001955,[87 87 87 87 87],[-29380 -29382 -29383 -29385 -29387],[-49071 -49071 -49071 -49071 -49071],[-39214 -39213 -39212 -39210 -39209],
Quad,CDCA,0.001912,
Quick,CDCA,0.005898,
Tim,CDCA,0.001797,
Cape - Tim,CDCD,0.002048,[12 12 12 12 12],[-29562 -29563 -29564 -29566 -29568],[-49208 -49208 -49208 -49208 -49208],[-59025 -59026 -59028 -59029 -59031],
Quad,CDCD,0.002198,
Quick,CDCD,0.005845,
Tim,CDCD,0.002041,
Cape - Quad,CDCC,0.001672,[49 49 49 49 49],[-29385 -29387 -29389 -29391 -29393],[-48999 -48999 -48999 -48999 -48999],[-48999 -48999 -48999 -48999 -48999],
Quad,CDCC,0.001627,
Quick,CDCC,0.005551,
Tim,CDCC,0.001893,
Cape - Quad,CDCR,0.003705,[21 21 21 21 21],[-29433 -29435 -29437 -29438 -29439],[-49159 -49159 -49159 -49159 -49159],[-49164 -49162 -49163 -49162 -49164],
Quad,CDCR,0.003656,
Quick,CDCR,0.006823,
Tim,CDCR,0.005599,
Cape - Quad,CDRA,0.003918,[44 44 44 44 44],[-29439 -29440 -29442 -29443 -29445],[-48925 -48923 -48924 -48923 -48924],[-39148 -39147 -39145 -39143 -39142],
Quad,CDRA,0.003865,
Quick,CDRA,0.007023,
Tim,CDRA,0.005444,
Cape - Quad,CDRD,0.004185,[23 23 23 23 23],[-29515 -29517 -29518 -29520 -29522],[-49185 -49184 -49186 -49184 -49185],[-58995 -58997 -58999 -59000 -59001],
Quad,CDRD,0.004130,
Quick,CDRD,0.007109,
Tim,CDRD,0.005677,
Cape - Quad,CDRC,0.003713,[49 49 49 49 49],[-29456 -29457 -29458 -29459 -29460],[-48987 -48986 -48988 -48987 -48988],[-48916 -48916 -48916 -48916 -48916],
Quad,CDRC,0.003657,
Quick,CDRC,0.006818,
Tim,CDRC,0.005296,
Cape - Quad,CDRR,0.005356,[8 8 8 8 8],[-29438 -29439 -29440 -29441 -29443],[-48978 -48976 -48977 -48975 -48976],[-48972 -48970 -48972 -48970 -48971],
Quad,CDRR,0.005299,
Quick,CDRR,0.007880,
Tim,CDRR,0.009148,
Cape - Tim,CCAA,0.000415,[93 93 93 93 93],[93 93 93 93 93],[19777 19778 19779 19780 19782],[59201 59202 59204 59206 59207],
Quad,CCAA,0.000495,
Quick,CCAA,0.005210,
Tim,CCAA,0.000404,
Cape - Tim,CCAD,0.001085,[28 28 28 28 28],[28 28 28 28 28],[19690 19691 19693 19694 19695],[39436 39434 39432 39431 39430],
Quad,CCAD,0.001431,
Quick,CCAD,0.005763,
Tim,CCAD,0.001072,
Cape - Tim,CCAC,0.000415,[26 26 26 26 26],[26 26 26 26 26],[19740 19742 19744 19745 19747],[49168 49168 49168 49168 49168],
Quad,CCAC,0.000495,
Quick,CCAC,0.005208,
Tim,CCAC,0.000404,
Cape - Quad,CCAR,0.002570,[32 32 32 32 32],[32 32 32 32 32],[19773 19775 19777 19778 19780],[49285 49286 49285 49286 49284],
Quad,CCAR,0.002522,
Quick,CCAR,0.006457,
Tim,CCAR,0.004238,
Cape - Tim,CCDA,0.001470,[13 13 13 13 13],[13 13 13 13 13],[-19592 -19594 -19595 -19597 -19599],[-39440 -39438 -39437 -39435 -39433],
Quad,CCDA,0.001664,
Quick,CCDA,0.005804,
Tim,CCDA,0.001457,
Cape - Tim,CCDD,0.001397,[21 21 21 21 21],[21 21 21 21 21],[-19666 -19668 -19670 -19672 -19674],[-58972 -58973 -58974 -58976 -58978],
Quad,CCDD,0.001841,
Quick,CCDD,0.005823,
Tim,CCDD,0.001386,
Cape - Tim,CCDC,0.001332,[38 38 38 38 38],[38 38 38 38 38],[-19561 -19562 -19564 -19565 -19567],[-49018 -49018 -49018 -49018 -49018],
Quad,CCDC,0.001456,
Quick,CCDC,0.005551,
Tim,CCDC,0.001321,
Cape - Quad,CCDR,0.003264,[27 27 27 27 27],[27 27 27 27 27],[-19570 -19571 -19573 -19574 -19576],[-49150 -49149 -49150 -49148 -49149],
Quad,CCDR,0.003215,
Quick,CCDR,0.006687,
Tim,CCDR,0.005070,
Cape - Tim,CCCA,0.000415,[87 87 87 87 87],[87 87 87 87 87],[87 87 87 87 87],[9925 9927 9928 9930 9932],
Quad,CCCA,0.000495,
Quick,CCCA,0.005209,
Tim,CCCA,0.000403,
Cape - Tim,CCCD,0.001205,[7 7 7 7 7],[7 7 7 7 7],[7 7 7 7 7],[-9866 -9868 -9869 -9871 -9872],
Quad,CCCD,0.001605,
Quick,CCCD,0.005626,
Tim,CCCD,0.001196,
Cape - Tim,CCCC,0.000415,[66 66 66 66 66],[66 66 66 66 66],[66 66 66 66 66],[66 66 66 66 66],
Quad,CCCC,0.000495,
Quick,CCCC,0.005209,
Tim,CCCC,0.000403,
Cape - Quad,CCCR,0.003001,[28 28 28 28 28],[28 28 28 28 28],[28 28 28 28 28],[4 6 5 7 6],
Quad,CCCR,0.002949,
Quick,CCCR,0.006420,
Tim,CCCR,0.004636,
Cape - Quad,CCRA,0.002982,[68 68 68 68 68],[68 68 68 68 68],[121 123 122 123 122],[9998 9999 10000 10002 10003],
Quad,CCRA,0.002925,
Quick,CCRA,0.006368,
Tim,CCRA,0.004918,
Cape - Quad,CCRD,0.003549,[95 95 95 95 95],[95 95 95 95 95],[112 114 113 114 112],[-9693 -9695 -9697 -9699 -9700],
Quad,CCRD,0.003499,
Quick,CCRD,0.006817,
Tim,CCRD,0.005140,
Cape - Quad,CCRC,0.003025,[2 2 2 2 2],[2 2 2 2 2],[21 23 21 23 21],[54 54 54 54 54],
Quad,CCRC,0.002977,
Quick,CCRC,0.006454,
Tim,CCRC,0.004897,
Cape - Quad,CCRR,0.004860,[62 62 62 62 62],[62 62 62 62 62],[7 9 7 9 8],[-27 -26 -28 -26 -28],
Quad,CCRR,0.004806,
Quick,CCRR,0.007870,
Tim,CCRR,0.008802,
Cape - Quad,CRAA,0.003004,[68 68 68 68 68],[50 51 50 52 51],[19740 19741 19742 19744 19746],[58933 58935 58937 58938 58939],
Quad,CRAA,0.002951,
Quick,CRAA,0.006411,
Tim,CRAA,0.005028,
Cape - Quad,CRAD,0.003888,[16 16 16 16 16],[78 80 78 79 78],[19777 19778 19780 19781 19783],[39407 39405 39403 39402 39401],
Quad,CRAD,0.003834,
Quick,CRAD,0.006882,
Tim,CRAD,0.005269,
Cape - Quad,CRAC,0.003049,[11 11 11 11 11],[-48 -47 -49 -48 -49],[19744 19745 19746 19748 19749],[49372 49372 49372 49372 49372],
Quad,CRAC,0.002996,
Quick,CRAC,0.006501,
Tim,CRAC,0.004925,
Cape - Quad,CRAR,0.005045,[12 12 12 12 12],[-27 -26 -27 -26 -27],[19562 19563 19564 19565 19566],[49001 49003 49002 49003 49001],
Quad,CRAR,0.004992,
Quick,CRAR,0.007718,
Tim,CRAR,0.008959,
Cape - Quad,CRDA,0.004058,[66 66 66 66 66],[127 128 127 129 127],[-19478 -19480 -19482 -19484 -19485],[-39176 -39175 -39173 -39171 -39169],
Quad,CRDA,0.004009,
Quick,CRDA,0.007112,
Tim,CRDA,0.005409,
Cape - Quad,CRDD,0.004105,[32 32 32 32 32],[124 125 124 125 124],[-19592 -19594 -19596 -19598 -19600],[-58919 -58920 -58921 -58923 -58924],
Quad,CRDD,0.004052,
Quick,CRDD,0.006982,
Tim,CRDD,0.005397,
Cape - Quad,CRDC,0.003851,[47 47 47 47 47],[12 14 12 14 13],[-19650 -19651 -19652 -19654 -19655],[-49330 -49330 -49330 -49330 -49330],
Quad,CRDC,0.003792,
Quick,CRDC,0.006905,
Tim,CRDC,0.005314,
Cape - Quad,CRDR,0.005539,[60 60 60 60 60],[103 105 103 105 103],[-19538 -19539 -19540 -19541 -19543],[-49171 -49170 -49171 -49169 -49170],
Quad,CRDR,0.005485,
Quick,CRDR,0.008012,
Tim,CRDR,0.009031,
Cape - Quad,CRCA,0.003085,[63 63 63 63 63],[-33 -32 -33 -31 -33],[-79 -79 -79 -79 -79],[9751 9753 9755 9756 9758],
Quad,CRCA,0.003034,
Quick,CRCA,0.006560,
Tim,CRCA,0.005038,
Cape - Quad,CRCD,0.003749,[39 39 39 39 39],[145 146 144 145 144],[126 126 126 126 126],[-9636 -9638 -9639 -9641 -9643],
Quad,CRCD,0.003694,
Quick,CRCD,0.006818,
Tim,CRCD,0.005454,
Cape - Quad,CRCC,0.003144,[5 5 5 5 5],[27 29 27 28 27],[94 94 94 94 94],[94 94 94 94 94],
Quad,CRCC,0.003090,
Quick,CRCC,0.006591,
Tim,CRCC,0.004724,
Cape - Quad,CRCR,0.005084,[94 94 94 94 94],[-23 -22 -24 -22 -23],[54 54 54 54 54],[34 36 34 36 34],
Quad,CRCR,0.005028,
Quick,CRCR,0.007805,
Tim,CRCR,0.009051,
Cape - Quad,CRRA,0.005082,[45 45 45 45 45],[-67 -65 -66 -65 -66],[-3 -2 -4 -3 -5],[9684 9686 9688 9690 9691],
Quad,CRRA,0.005023,
Quick,CRRA,0.007753,
Tim,CRRA,0.009112,
Cape - Quad,CRRD,0.005557,[83 83 83 83 83],[151 153 152 153 152],[145 146 145 146 144],[-9744 -9745 -9746 -9747 -9749],
Quad,CRRD,0.005502,
Quick,CRRD,0.008032,
Tim,CRRD,0.009182,
Cape - Quad,CRRC,0.005115,[73 73 73 73 73],[-136 -135 -136 -135 -136],[24 25 24 26 25],[39 39 39 39 39],
Quad,CRRC,0.005063,
Quick,CRRC,0.007833,
Tim,CRRC,0.008784,
Cape - Quad,CRRR,0.006796,[81 81 81 81 81],[49 50 48 50 49],[-31 -30 -32 -30 -31],[90 91 89 91 90],
Quad,CRRR,0.006733,
Quick,CRRR,0.008930,
Tim,CRRR,0.012717,
Cape - Quad,RAAA,0.002518,[133 135 133 134 132],[29711 29713 29714 29716 29718],[69003 69004 69006 69008 69009],[108316 108317 108319 108320 108322],
Quad,RAAA,0.002459,
Quick,RAAA,0.006311,
Tim,RAAA,0.004002,
Cape - Quad,RAAD,0.003502,[-64 -62 -63 -61 -62],[29466 29467 29469 29471 29472],[68841 68842 68844 68846 68847],[88489 88488 88487 88485 88483],
Quad,RAAD,0.003449,
Quick,RAAD,0.006919,
Tim,RAAD,0.004890,
Cape - Quad,RAAC,0.002541,[-19 -18 -20 -18 -20],[29534 29536 29538 29540 29542],[68841 68842 68843 68845 68847],[98444 98444 98444 98444 98444],
Quad,RAAC,0.002484,
Quick,RAAC,0.006340,
Tim,RAAC,0.004124,
Cape - Quad,RAAR,0.004508,[-13 -12 -13 -12 -14],[29377 29379 29380 29382 29384],[68778 68779 68781 68783 68785],[98259 98260 98258 98259 98258],
Quad,RAAR,0.004447,
Quick,RAAR,0.007498,
Tim,RAAR,0.008090,
Cape - Quad,RADA,0.004352,[101 102 100 102 101],[29389 29391 29392 29393 29395],[29347 29345 29343 29341 29339],[9548 9549 9551 9552 9554],
Quad,RADA,0.004294,
Quick,RADA,0.007440,
Tim,RADA,0.005591,
Cape - Quad,RADD,0.004428,[92 93 92 93 91],[29601 29602 29603 29605 29606],[29555 29553 29551 29549 29548],[-9601 -9602 -9603 -9604 -9605],
Quad,RADD,0.004369,
Quick,RADD,0.007341,
Tim,RADD,0.005301,
Cape - Quad,RADC,0.004049,[13 15 14 15 14],[29474 29476 29478 29480 29482],[29537 29535 29533 29531 29530],[77 77 77 77 77],
Quad,RADC,0.003991,
Quick,RADC,0.007089,
Tim,RADC,0.005204,
Cape - Quad,RADR,0.005717,[191 192 190 191 189],[29647 29649 29650 29652 29653],[29592 29590 29588 29586 29584],[70 71 70 72 70],
Quad,RADR,0.005657,
Quick,RADR,0.008207,
Tim,RADR,0.009086,
Cape - Quad,RACA,0.002549,[-33 -32 -33 -32 -33],[29545 29547 29549 29550 29552],[49174 49174 49174 49174 49174],[59008 59009 59011 59012 59013],
Quad,RACA,0.002493,
Quick,RACA,0.006346,
Tim,RACA,0.004156,
Cape - Quad,RACD,0.003855,[-14 -13 -15 -13 -15],[29368 29369 29371 29373 29374],[49123 49123 49123 49123 49123],[39278 39277 39275 39274 39272],
Quad,RACD,0.003792,
Quick,RACD,0.006909,
Tim,RACD,0.005182,
Cape - Quad,RACC,0.002560,[11 12 10 11 10],[29423 29425 29427 29428 29430],[49134 49134 49134 49134 49134],[49134 49134 49134 49134 49134],
Quad,RACC,0.002504,
Quick,RACC,0.006374,
Tim,RACC,0.004185,
Cape - Quad,RACR,0.004915,[231 232 231 232 231],[29692 29693 29694 29695 29697],[49364 49364 49364 49364 49364],[49417 49418 49417 49419 49418],
Quad,RACR,0.004861,
Quick,RACR,0.007488,
Tim,RACR,0.007980,
Cape - Quad,RARA,0.005022,[-31 -30 -32 -30 -31],[29447 29448 29450 29452 29454],[49083 49085 49084 49086 49084],[58782 58784 58785 58786 58787],
Quad,RARA,0.004961,
Quick,RARA,0.007633,
Tim,RARA,0.008593,
Cape - Quad,RARD,0.005652,[46 47 45 46 44],[29626 29627 29628 29629 29630],[49343 49345 49344 49346 49345],[39634 39633 39631 39630 39629],
Quad,RARD,0.005594,
Quick,RARD,0.008107,
Tim,RARD,0.008900,
Cape - Quad,RARC,0.004928,[31 33 32 34 32],[29578 29580 29581 29582 29584],[49303 49304 49302 49304 49303],[49346 49346 49346 49346 49346],
Quad,RARC,0.004868,
Quick,RARC,0.007498,
Tim,RARC,0.008289,
Cape - Quad,RARR,0.006808,[16 18 16 17 16],[29443 29444 29446 29448 29449],[49147 49148 49146 49148 49147],[49128 49129 49127 49128 49126],
Quad,RARR,0.006749,
Quick,RARR,0.008939,
Tim,RARR,0.012254,
Cape - Quad,RDAA,0.003704,[125 127 126 128 127],[-29383 -29384 -29385 -29386 -29387],[-29301 -29299 -29298 -29297 -29296],[9858 9860 9861 9862 9863],
Quad,RDAA,0.003644,
Quick,RDAA,0.006962,
Tim,RDAA,0.006496,
Cape - Quad,RDAD,0.004732,[-132 -131 -133 -131 -132],[-29734 -29736 -29738 -29740 -29742],[-29749 -29748 -29747 -29745 -29743],[-9963 -9965 -9966 -9968 -9970],
Quad,RDAD,0.004669,
Quick,RDAD,0.007648,
Tim,RDAD,0.007459,
Cape - Quad,RDAC,0.003693,[71 72 70 71 70],[-29440 -29442 -29443 -29445 -29446],[-29263 -29261 -29260 -29259 -29257],[207 207 207 207 207],
Quad,RDAC,0.003631,
Quick,RDAC,0.006970,
Tim,RDAC,0.006619,
Cape - Quad,RDAR,0.005737,[48 50 49 51 49],[-29353 -29355 -29356 -29357 -29359],[-29394 -29392 -29391 -29390 -29389],[159 161 160 161 160],
Quad,RDAR,0.005666,
Quick,RDAR,0.008259,
Tim,RDAR,0.010479,
Cape - Quad,RDDA,0.004302,[118 119 118 120 118],[-29421 -29422 -29423 -29425 -29427],[-68768 -68770 -68771 -68773 -68774],[-88389 -88387 -88385 -88384 -88383],
Quad,RDDA,0.004238,
Quick,RDDA,0.007334,
Tim,RDDA,0.008198,
Cape - Quad,RDDD,0.004442,[-37 -36 -37 -35 -36],[-29572 -29573 -29575 -29577 -29578],[-68951 -68952 -68953 -68955 -68956],[-108327 -108329 -108330 -108332 -108334],
Quad,RDDD,0.004379,
Quick,RDDD,0.007305,
Tim,RDDD,0.009882,
Cape - Quad,RDDC,0.004038,[125 127 125 126 124],[-29352 -29353 -29354 -29356 -29357],[-68671 -68672 -68673 -68675 -68676],[-98194 -98194 -98194 -98194 -98194],
Quad,RDDC,0.003976,
Quick,RDDC,0.006996,
Tim,RDDC,0.008096,
Cape - Quad,RDDR,0.005670,[-147 -145 -146 -144 -145],[-29612 -29613 -29615 -29616 -29617],[-68985 -68987 -68988 -68990 -68992],[-98502 -98500 -98502 -98500 -98501],
Quad,RDDR,0.005605,
Quick,RDDR,0.008079,
Tim,RDDR,0.011935,
Cape - Quad,RDCA,0.003801,[100 102 100 101 100],[-29411 -29413 -29414 -29416 -29418],[-49031 -49031 -49031 -49031 -49031],[-39140 -39139 -39137 -39135 -39134],
Quad,RDCA,0.003738,
Quick,RDCA,0.007119,
Tim,RDCA,0.006541,
Cape - Quad,RDCD,0.004156,[104 105 103 105 104],[-29257 -29259 -29261 -29263 -29264],[-48922 -48922 -48922 -48922 -48922],[-58751 -58753 -58755 -58756 -58758],
Quad,RDCD,0.004094,
Quick,RDCD,0.007037,
Tim,RDCD,0.006778,
Cape - Quad,RDCC,0.003493,[69 71 69 70 69],[-29438 -29440 -29441 -29442 -29443],[-49126 -49126 -49126 -49126 -49126],[-49126 -49126 -49126 -49126 -49126],
Quad,RDCC,0.003432,
Quick,RDCC,0.006732,
Tim,RDCC,0.006432,
Cape - Quad,RDCR,0.005481,[-55 -53 -54 -53 -54],[-29442 -29443 -29445 -29446 -29448],[-49172 -49172 -49172 -49172 -49172],[-49158 -49156 -49157 -49155 -49156],
Quad,RDCR,0.005413,
Quick,RDCR,0.007953,
Tim,RDCR,0.010450,
Cape - Quad,RDRA,0.005775,[-80 -78 -80 -78 -79],[-29541 -29543 -29545 -29547 -29549],[-49118 -49116 -49117 -49115 -49117],[-39322 -39320 -39318 -39317 -39315],
Quad,RDRA,0.005712,
Quick,RDRA,0.008288,
Tim,RDRA,0.010632,
Cape - Quad,RDRD,0.005969,[95 97 96 97 95],[-29290 -29291 -29292 -29293 -29294],[-49059 -49058 -49060 -49058 -49059],[-58874 -58876 -58878 -58880 -58881],
Quad,RDRD,0.005904,
Quick,RDRD,0.008261,
Tim,RDRD,0.010646,
Cape - Quad,RDRC,0.005485,[-13 -12 -13 -11 -12],[-29426 -29427 -29429 -29430 -29432],[-49153 -49152 -49154 -49152 -49154],[-49150 -49150 -49150 -49150 -49150],
Quad,RDRC,0.005425,
Quick,RDRC,0.007968,
Tim,RDRC,0.010517,
Cape - Quad,RDRR,0.007187,[89 90 88 90 88],[-29521 -29523 -29525 -29527 -29529],[-49170 -49169 -49171 -49169 -49170],[-49282 -49280 -49281 -49280 -49281],
Quad,RDRR,0.007115,
Quick,RDRR,0.009144,
Tim,RDRR,0.014357,
Cape - Quad,RCAA,0.003028,[-16 -15 -17 -15 -16],[-3 -3 -3 -3 -3],[19658 19659 19660 19661 19663],[58804 58806 58807 58808 58809],
Quad,RCAA,0.002967,
Quick,RCAA,0.006443,
Tim,RCAA,0.005812,
Cape - Quad,RCAD,0.003969,[15 17 16 17 15],[35 35 35 35 35],[19710 19712 19713 19715 19716],[39311 39309 39308 39307 39306],
Quad,RCAD,0.003907,
Quick,RCAD,0.006978,
Tim,RCAD,0.006258,
Cape - Quad,RCAC,0.003040,[98 100 98 100 98],[95 95 95 95 95],[19763 19765 19767 19769 19771],[49208 49208 49208 49208 49208],
Quad,RCAC,0.002976,
Quick,RCAC,0.006458,
Tim,RCAC,0.005395,
Cape - Quad,RCAR,0.004997,[-15 -14 -15 -13 -15],[-25 -25 -25 -25 -25],[19689 19691 19692 19694 19695],[49200 49202 49201 49202 49201],
Quad,RCAR,0.004936,
Quick,RCAR,0.007644,
Tim,RCAR,0.009717,
Cape - Quad,RCDA,0.004008,[-32 -30 -32 -30 -32],[-60 -60 -60 -60 -60],[-19693 -19695 -19696 -19698 -19700],[-39369 -39368 -39367 -39365 -39364],
Quad,RCDA,0.003951,
Quick,RCDA,0.007073,
Tim,RCDA,0.006735,
Cape - Quad,RCDD,0.004170,[-54 -53 -55 -53 -55],[-67 -67 -67 -67 -67],[-19711 -19712 -19713 -19715 -19717],[-59113 -59115 -59117 -59118 -59119],
Quad,RCDD,0.004110,
Quick,RCDD,0.007065,
Tim,RCDD,0.006145,
Cape - Quad,RCDC,0.003809,[305 307 306 307 306],[324 324 324 324 324],[-19337 -19339 -19341 -19343 -19344],[-48927 -48927 -48927 -48927 -48927],
Quad,RCDC,0.003744,
Quick,RCDC,0.006804,
Tim,RCDC,0.005644,
Cape - Quad,RCDR,0.005428,[12 13 11 12 10],[-11 -11 -11 -11 -11],[-19657 -19659 -19660 -19661 -19663],[-49214 -49212 -49214 -49213 -49215],
Quad,RCDR,0.005363,
Quick,RCDR,0.007898,
Tim,RCDR,0.010544,
Cape - Quad,RCCA,0.003085,[163 165 163 165 164],[172 172 172 172 172],[172 172 172 172 172],[9988 9989 9990 9992 9994],
Quad,RCCA,0.003023,
Quick,RCCA,0.006522,
Tim,RCCA,0.006610,
Cape - Quad,RCCD,0.003887,[16 18 16 18 16],[79 79 79 79 79],[79 79 79 79 79],[-9632 -9634 -9635 -9637 -9638],
Quad,RCCD,0.003828,
Quick,RCCD,0.007026,
Tim,RCCD,0.005581,
Cape - Quad,RCCC,0.003138,[91 92 90 91 89],[54 54 54 54 54],[54 54 54 54 54],[54 54 54 54 54],
Quad,RCCC,0.003076,
Quick,RCCC,0.006601,
Tim,RCCC,0.009127,
Cape - Quad,RCCR,0.005148,[155 157 155 156 155],[189 189 189 189 189],[189 189 189 189 189],[117 119 118 119 118],
Quad,RCCR,0.005087,
Quick,RCCR,0.007829,
Tim,RCCR,0.010852,
Cape - Quad,RCRA,0.005024,[-57 -56 -57 -55 -56],[-84 -84 -84 -84 -84],[-97 -96 -98 -96 -98],[9755 9757 9759 9761 9762],
Quad,RCRA,0.004963,
Quick,RCRA,0.007650,
Tim,RCRA,0.010281,
Cape - Quad,RCRD,0.005600,[118 119 118 120 118],[98 98 98 98 98],[88 90 89 91 89],[-9778 -9780 -9781 -9783 -9784],
Quad,RCRD,0.005538,
Quick,RCRD,0.008110,
Tim,RCRD,0.010386,
Cape - Quad,RCRC,0.005102,[-91 -90 -92 -91 -93],[-98 -98 -98 -98 -98],[-155 -154 -155 -154 -156],[-110 -110 -110 -110 -110],
Quad,RCRC,0.005037,
Quick,RCRC,0.007782,
Tim,RCRC,0.009778,
Cape - Quad,RCRR,0.006808,[55 57 55 57 56],[70 70 70 70 70],[34 35 33 35 33],[-112 -110 -111 -110 -112],
Quad,RCRR,0.006741,
Quick,RCRR,0.008974,
Tim,RCRR,0.013495,
Cape - Quad,RRAA,0.004697,[136 137 136 138 137],[102 103 102 103 102],[19825 19827 19828 19829 19831],[59213 59215 59216 59218 59219],
Quad,RRAA,0.004631,
Quick,RRAA,0.007545,
Tim,RRAA,0.008024,
Cape - Quad,RRAD,0.005643,[44 46 44 45 44],[-26 -25 -26 -25 -26],[19747 19748 19749 19751 19752],[39335 39333 39332 39331 39330],
Quad,RRAD,0.005573,
Quick,RRAD,0.008107,
Tim,RRAD,0.009002,
Cape - Quad,RRAC,0.004723,[99 100 98 100 99],[134 135 133 135 134],[19661 19663 19665 19667 19669],[49277 49277 49277 49277 49277],
Quad,RRAC,0.004656,
Quick,RRAC,0.007573,
Tim,RRAC,0.008105,
Cape - Quad,RRAR,0.006668,[5 7 6 7 5],[-29 -28 -30 -28 -29],[19748 19750 19752 19753 19754],[49266 49268 49266 49268 49266],
Quad,RRAR,0.006599,
Quick,RRAR,0.008770,
Tim,RRAR,0.012185,
Cape - Quad,RRDA,0.005666,[29 30 29 30 28],[-71 -70 -71 -70 -72],[-19783 -19785 -19786 -19788 -19790],[-39483 -39481 -39479 -39478 -39477],
Quad,RRDA,0.005596,
Quick,RRDA,0.008178,
Tim,RRDA,0.010848,
Cape - Quad,RRDD,0.005860,[104 106 104 106 104],[-81 -79 -80 -79 -81],[-19649 -19651 -19653 -19655 -19657],[-59019 -59020 -59021 -59022 -59023],
Quad,RRDD,0.005791,
Quick,RRDD,0.008228,
Tim,RRDD,0.012561,
Cape - Quad,RRDC,0.005530,[-12 -10 -11 -10 -12],[48 50 49 50 49],[-19617 -19618 -19620 -19622 -19623],[-48870 -48870 -48870 -48870 -48870],
Quad,RRDC,0.005468,
Quick,RRDC,0.008013,
Tim,RRDC,0.010660,
Cape - Quad,RRDR,0.007107,[340 342 340 342 340],[307 308 306 308 307],[-19389 -19391 -19392 -19393 -19394],[-48929 -48928 -48930 -48928 -48930],
Quad,RRDR,0.007042,
Quick,RRDR,0.008997,
Tim,RRDR,0.014173,
Cape - Quad,RRCA,0.004768,[24 25 24 25 23],[125 127 125 127 125],[137 137 137 137 137],[10007 10008 10009 10011 10013],
Quad,RRCA,0.004701,
Quick,RRCA,0.007620,
Tim,RRCA,0.009610,
Cape - Quad,RRCD,0.005478,[28 29 27 28 27],[-39 -38 -39 -37 -39],[31 31 31 31 31],[-9892 -9894 -9896 -9898 -9899],
Quad,RRCD,0.005413,
Quick,RRCD,0.008050,
Tim,RRCD,0.010189,
Cape - Quad,RRCC,0.004835,[63 64 62 64 63],[56 57 55 56 54],[164 164 164 164 164],[164 164 164 164 164],
Quad,RRCC,0.004770,
Quick,RRCC,0.007726,
Tim,RRCC,0.010570,
Cape - Quad,RRCR,0.006731,[-35 -33 -34 -33 -35],[-153 -152 -153 -152 -153],[-179 -179 -179 -179 -179],[-175 -173 -175 -173 -175],
Quad,RRCR,0.006660,
Quick,RRCR,0.008817,
Tim,RRCR,0.013042,
Cape - Quad,RRRA,0.006716,[18 20 19 20 18],[43 45 43 44 43],[79 81 80 81 80],[9923 9924 9926 9928 9929],
Quad,RRRA,0.006653,
Quick,RRRA,0.008767,
Tim,RRRA,0.012165,
Cape - Quad,RRRD,0.007219,[126 127 126 128 126],[152 153 152 153 151],[246 247 246 248 247],[-9649 -9650 -9652 -9653 -9655],
Quad,RRRD,0.007153,
Quick,RRRD,0.009135,
Tim,RRRD,0.014242,
Cape - Quad,RRRC,0.006782,[80 82 80 82 81],[141 143 141 143 141],[187 188 187 189 187],[189 189 189 189 189],
Quad,RRRC,0.006712,
Quick,RRRC,0.008882,
Tim,RRRC,0.013262,
Cape - Quad,RRRR,0.008432,[117 118 116 117 115],[80 82 80 81 79],[13 15 14 15 14],[138 139 138 140 139],
Quad,RRRR,0.008366,
Quick,RRRR,0.009994,
Tim,RRRR,0.016295,
Cape,Total,0.891565,
Quad,Total,0.918956,
Quick,Total,1.768163,
Tim,Total,1.381405,
