Sorts,Sequence,Time,
Tim,AAAA,0.000000,
Tim,AAAC,0.000000,
Tim,AAAD,0.000000,
Quad,AAAR,0.000140,
Tim,AACA,0.000000,
Tim,AACC,0.000000,
Tim,AACD,0.000000,
Quad,AACR,0.000170,
Tim,AADA,0.000000,
Tim,AADC,0.000000,
Tim,AADD,0.000000,
Quad,AADR,0.000206,
Quad,AARA,0.000162,
Quad,AARC,0.000165,
Quad,AARD,0.000202,
Quad,AARR,0.000254,
Tim,ACAA,0.000000,
Tim,ACAC,0.000000,
Tim,ACAD,0.000000,
Quad,ACAR,0.000138,
Tim,ACCA,0.000000,
Tim,ACCC,0.000000,
Tim,ACCD,0.000000,
Quad,ACCR,0.000167,
Tim,ACDA,0.000000,
Tim,ACDC,0.000000,
Tim,ACDD,0.000000,
Quad,ACDR,0.000197,
Quad,ACRA,0.000167,
Quad,ACRC,0.000171,
Quad,ACRD,0.000196,
Quad,ACRR,0.000259,
Tim,ADAA,0.000000,
Tim,ADAC,0.000000,
Tim,ADAD,0.000000,
Quad,ADAR,0.000245,
Tim,ADCA,0.000000,
Quad,ADCC,0.000107,
Tim,ADCD,0.000000,
Quad,ADCR,0.000215,
Tim,ADDA,0.000000,
Tim,ADDC,0.000000,
Tim,ADDD,0.000000,
Quad,ADDR,0.000224,
Quad,ADRA,0.000237,
Quad,ADRC,0.000215,
Quad,ADRD,0.000237,
Quad,ADRR,0.000297,
Quad,ARAA,0.000163,
Quad,ARAC,0.000162,
Quad,ARAD,0.000215,
Quad,ARAR,0.000268,
Quad,ARCA,0.000167,
Quad,ARCC,0.000168,
Quad,ARCD,0.000212,
Quad,ARCR,0.000272,
Quad,ARDA,0.000244,
Quad,ARDC,0.000224,
Quad,ARDD,0.000240,
Quad,ARDR,0.000310,
Quad,ARRA,0.000273,
Quad,ARRC,0.000268,
Quad,ARRD,0.000306,
Quad,ARRR,0.000354,
Tim,CAAA,0.000000,
Tim,CAAC,0.000000,
Tim,CAAD,0.000000,
Quad,CAAR,0.000132,
Tim,CACA,0.000000,
Tim,CACC,0.000000,
Tim,CACD,0.000000,
Quad,CACR,0.000165,
Tim,CADA,0.000000,
Tim,CADC,0.000000,
Tim,CADD,0.000000,
Quad,CADR,0.000201,
Quad,CARA,0.000164,
Quad,CARC,0.000168,
Quad,CARD,0.000204,
Quad,CARR,0.000261,
Tim,CCAA,0.000000,
Tim,CCAC,0.000000,
Tim,CCAD,0.000000,
Quad,CCAR,0.000140,
Tim,CCCA,0.000000,
Tim,CCCC,0.000000,
Tim,CCCD,0.000000,
Quad,CCCR,0.000158,
Tim,CCDA,0.000000,
Tim,CCDC,0.000000,
Tim,CCDD,0.000000,
Quad,CCDR,0.000173,
Quad,CCRA,0.000158,
Quad,CCRC,0.000160,
Quad,CCRD,0.000188,
Quad,CCRR,0.000252,
Tim,CDAA,0.000000,
Quad,CDAC,0.000103,
Tim,CDAD,0.000000,
Quad,CDAR,0.000211,
Quad,CDCA,0.000102,
Quad,CDCC,0.000089,
Quad,CDCD,0.000123,
Quad,CDCR,0.000200,
Tim,CDDA,0.000000,
Tim,CDDC,0.000000,
Tim,CDDD,0.000000,
Quad,CDDR,0.000207,
Quad,CDRA,0.000209,
Quad,CDRC,0.000196,
Quad,CDRD,0.000217,
Quad,CDRR,0.000287,
Quad,CRAA,0.000166,
Quad,CRAC,0.000166,
Quad,CRAD,0.000218,
Quad,CRAR,0.000271,
Quad,CRCA,0.000169,
Quad,CRCC,0.000171,
Quad,CRCD,0.000207,
Quad,CRCR,0.000270,
Quad,CRDA,0.000225,
Quad,CRDC,0.000212,
Quad,CRDD,0.000228,
Quad,CRDR,0.000298,
Quad,CRRA,0.000265,
Quad,CRRC,0.000272,
Quad,CRRD,0.000295,
Quad,CRRR,0.000351,
Tim,DAAA,0.000000,
Tim,DAAC,0.000000,
Tim,DAAD,0.000000,
Quad,DAAR,0.000193,
Tim,DACA,0.000000,
Tim,DACC,0.000000,
Tim,DACD,0.000000,
Quad,DACR,0.000222,
Tim,DADA,0.000000,
Tim,DADC,0.000000,
Tim,DADD,0.000000,
Quad,DADR,0.000263,
Quad,DARA,0.000221,
Quad,DARC,0.000226,
Quad,DARD,0.000263,
Quad,DARR,0.000315,
Tim,DCAA,0.000000,
Tim,DCAC,0.000000,
Tim,DCAD,0.000000,
Quad,DCAR,0.000221,
Tim,DCCA,0.000000,
Tim,DCCC,0.000000,
Tim,DCCD,0.000000,
Quad,DCCR,0.000204,
Tim,DCDA,0.000000,
Tim,DCDC,0.000000,
Quad,DCDD,0.000138,
Quad,DCDR,0.000212,
Quad,DCRA,0.000221,
Quad,DCRC,0.000208,
Quad,DCRD,0.000230,
Quad,DCRR,0.000293,
Tim,DDAA,0.000000,
Tim,DDAC,0.000000,
Tim,DDAD,0.000000,
Quad,DDAR,0.000231,
Tim,DDCA,0.000000,
Tim,DDCC,0.000000,
Tim,DDCD,0.000000,
Quad,DDCR,0.000213,
Tim,DDDA,0.000000,
Tim,DDDC,0.000000,
Tim,DDDD,0.000000,
Quad,DDDR,0.000228,
Quad,DDRA,0.000227,
Quad,DDRC,0.000221,
Quad,DDRD,0.000242,
Quad,DDRR,0.000308,
Quad,DRAA,0.000194,
Quad,DRAC,0.000194,
Quad,DRAD,0.000259,
Quad,DRAR,0.000306,
Quad,DRCA,0.000202,
Quad,DRCC,0.000186,
Quad,DRCD,0.000220,
Quad,DRCR,0.000292,
Quad,DRDA,0.000243,
Quad,DRDC,0.000226,
Quad,DRDD,0.000242,
Quad,DRDR,0.000310,
Quad,DRRA,0.000308,
Quad,DRRC,0.000294,
Quad,DRRD,0.000315,
Quad,DRRR,0.000380,
Quad,RAAA,0.000136,
Quad,RAAC,0.000135,
Quad,RAAD,0.000189,
Quad,RAAR,0.000238,
Quad,RACA,0.000135,
Quad,RACC,0.000136,
Quad,RACD,0.000209,
Quad,RACR,0.000263,
Quad,RADA,0.000240,
Quad,RADC,0.000219,
Quad,RADD,0.000235,
Quad,RADR,0.000304,
Quad,RARA,0.000267,
Quad,RARC,0.000274,
Quad,RARD,0.000306,
Quad,RARR,0.000358,
Quad,RCAA,0.000164,
Quad,RCAC,0.000162,
Quad,RCAD,0.000216,
Quad,RCAR,0.000263,
Quad,RCCA,0.000167,
Quad,RCCC,0.000168,
Quad,RCCD,0.000202,
Quad,RCCR,0.000277,
Quad,RCDA,0.000228,
Quad,RCDC,0.000210,
Quad,RCDD,0.000226,
Quad,RCDR,0.000292,
Quad,RCRA,0.000272,
Quad,RCRC,0.000276,
Quad,RCRD,0.000299,
Quad,RCRR,0.000364,
Quad,RDAA,0.000201,
Quad,RDAC,0.000206,
Quad,RDAD,0.000257,
Quad,RDAR,0.000307,
Quad,RDCA,0.000198,
Quad,RDCC,0.000183,
Quad,RDCD,0.000217,
Quad,RDCR,0.000286,
Quad,RDDA,0.000228,
Quad,RDDC,0.000215,
Quad,RDDD,0.000231,
Quad,RDDR,0.000298,
Quad,RDRA,0.000307,
Quad,RDRC,0.000291,
Quad,RDRD,0.000317,
Quad,RDRR,0.000380,
Quad,RRAA,0.000245,
Quad,RRAC,0.000245,
Quad,RRAD,0.000299,
Quad,RRAR,0.000352,
Quad,RRCA,0.000254,
Quad,RRCC,0.000254,
Quad,RRCD,0.000290,
Quad,RRCR,0.000360,
Quad,RRDA,0.000312,
Quad,RRDC,0.000299,
Quad,RRDD,0.000315,
Quad,RRDR,0.000383,
Quad,RRRA,0.000359,
Quad,RRRC,0.000363,
Quad,RRRD,0.000391,
Quad,RRRR,0.000548,
