Sorts,Sequence,Time,
Tim,AAAA,0.000000,
Tim,AAAC,0.000000,
Tim,AAAD,0.000000,
Quad,AAAR,0.000330,
Tim,AACA,0.000000,
Tim,AACC,0.000000,
Tim,AACD,0.000000,
Quad,AACR,0.000341,
Tim,AADA,0.000000,
Tim,AADC,0.000000,
Tim,AADD,0.000000,
Quad,AADR,0.000418,
Quad,AARA,0.000322,
Quad,AARC,0.000326,
Quad,AARD,0.000416,
Quad,AARR,0.000533,
Tim,ACAA,0.000000,
Tim,ACAC,0.000000,
Tim,ACAD,0.000000,
Quad,ACAR,0.000329,
Tim,ACCA,0.000000,
Tim,ACCC,0.000000,
Tim,ACCD,0.000000,
Quad,ACCR,0.000338,
Tim,ACDA,0.000000,
Tim,ACDC,0.000000,
Tim,ACDD,0.000000,
Quad,ACDR,0.000402,
Quad,ACRA,0.000334,
Quad,ACRC,0.000341,
Quad,ACRD,0.000413,
Quad,ACRR,0.000532,
Tim,ADAA,0.000000,
Tim,ADAC,0.000000,
Tim,ADAD,0.000000,
Quad,ADAR,0.000466,
Tim,ADCA,0.000000,
Quad,ADCC,0.000211,
Quad,ADCD,0.000259,
Quad,ADCR,0.000416,
Tim,ADDA,0.000000,
Tim,ADDC,0.000000,
Tim,ADDD,0.000000,
Quad,ADDR,0.000461,
Quad,ADRA,0.000451,
Quad,ADRC,0.000413,
Quad,ADRD,0.000468,
Quad,ADRR,0.000604,
Quad,ARAA,0.000334,
Quad,ARAC,0.000334,
Quad,ARAD,0.000415,
Quad,ARAR,0.000530,
Quad,ARCA,0.000344,
Quad,ARCC,0.000344,
Quad,ARCD,0.000408,
Quad,ARCR,0.000525,
Quad,ARDA,0.000456,
Quad,ARDC,0.000490,
Quad,ARDD,0.000457,
Quad,ARDR,0.000597,
Quad,ARRA,0.000512,
Quad,ARRC,0.000516,
Quad,ARRD,0.000602,
Quad,ARRR,0.000707,
Tim,CAAA,0.000000,
Tim,CAAC,0.000000,
Tim,CAAD,0.000000,
Quad,CAAR,0.000322,
Tim,CACA,0.000000,
Tim,CACC,0.000000,
Tim,CACD,0.000000,
Quad,CACR,0.000335,
Tim,CADA,0.000000,
Tim,CADC,0.000000,
Tim,CADD,0.000000,
Quad,CADR,0.000414,
Quad,CARA,0.000328,
Quad,CARC,0.000340,
Quad,CARD,0.000413,
Quad,CARR,0.000527,
Tim,CCAA,0.000000,
Tim,CCAC,0.000000,
Tim,CCAD,0.000000,
Quad,CCAR,0.000332,
Tim,CCCA,0.000000,
Tim,CCCC,0.000000,
Tim,CCCD,0.000000,
Quad,CCCR,0.000335,
Tim,CCDA,0.000000,
Quad,CCDC,0.000164,
Tim,CCDD,0.000000,
Quad,CCDR,0.000359,
Quad,CCRA,0.000320,
Quad,CCRC,0.000327,
Quad,CCRD,0.000393,
Quad,CCRR,0.000505,
Tim,CDAA,0.000000,
Quad,CDAC,0.000200,
Quad,CDAD,0.000295,
Quad,CDAR,0.000403,
Quad,CDCA,0.000202,
Quad,CDCC,0.000174,
Quad,CDCD,0.000220,
Quad,CDCR,0.000381,
Tim,CDDA,0.000000,
Tim,CDDC,0.000000,
Tim,CDDD,0.000000,
Quad,CDDR,0.000407,
Quad,CDRA,0.000401,
Quad,CDRC,0.000370,
Quad,CDRD,0.000425,
Quad,CDRR,0.000566,
Quad,CRAA,0.000324,
Quad,CRAC,0.000324,
Quad,CRAD,0.000415,
Quad,CRAR,0.000526,
Quad,CRCA,0.000342,
Quad,CRCC,0.000336,
Quad,CRCD,0.000384,
Quad,CRCR,0.000543,
Quad,CRDA,0.000422,
Quad,CRDC,0.000390,
Quad,CRDD,0.000437,
Quad,CRDR,0.000580,
Quad,CRRA,0.000508,
Quad,CRRC,0.000517,
Quad,CRRD,0.000593,
Quad,CRRR,0.000718,
Tim,DAAA,0.000000,
Tim,DAAC,0.000000,
Tim,DAAD,0.000000,
Quad,DAAR,0.000411,
Tim,DACA,0.000000,
Tim,DACC,0.000000,
Tim,DACD,0.000000,
Quad,DACR,0.000409,
Tim,DADA,0.000000,
Tim,DADC,0.000000,
Tim,DADD,0.000000,
Quad,DADR,0.000508,
Quad,DARA,0.000412,
Quad,DARC,0.000419,
Quad,DARD,0.000509,
Quad,DARR,0.000615,
Tim,DCAA,0.000000,
Tim,DCAC,0.000000,
Tim,DCAD,0.000000,
Quad,DCAR,0.000413,
Tim,DCCA,0.000000,
Tim,DCCC,0.000000,
Tim,DCCD,0.000000,
Quad,DCCR,0.000395,
Quad,DCDA,0.000246,
Quad,DCDC,0.000219,
Quad,DCDD,0.000266,
Quad,DCDR,0.000418,
Quad,DCRA,0.000412,
Quad,DCRC,0.000390,
Quad,DCRD,0.000452,
Quad,DCRR,0.000581,
Tim,DDAA,0.000000,
Tim,DDAC,0.000000,
Tim,DDAD,0.000000,
Quad,DDAR,0.000453,
Tim,DDCA,0.000000,
Tim,DDCC,0.000000,
Tim,DDCD,0.000000,
Quad,DDCR,0.000431,
Tim,DDDA,0.000000,
Tim,DDDC,0.000000,
Tim,DDDD,0.000000,
Quad,DDDR,0.000458,
Quad,DDRA,0.000452,
Quad,DDRC,0.000429,
Quad,DDRD,0.000482,
Quad,DDRR,0.000619,
Quad,DRAA,0.000412,
Quad,DRAC,0.000419,
Quad,DRAD,0.000507,
Quad,DRAR,0.000592,
Quad,DRCA,0.000411,
Quad,DRCC,0.000380,
Quad,DRCD,0.000426,
Quad,DRCR,0.000579,
Quad,DRDA,0.000468,
Quad,DRDC,0.000440,
Quad,DRDD,0.000486,
Quad,DRDR,0.000629,
Quad,DRRA,0.000599,
Quad,DRRC,0.000586,
Quad,DRRD,0.000642,
Quad,DRRR,0.000768,
Quad,RAAA,0.000320,
Quad,RAAC,0.000319,
Quad,RAAD,0.000400,
Quad,RAAR,0.000514,
Quad,RACA,0.000327,
Quad,RACC,0.000328,
Quad,RACD,0.000395,
Quad,RACR,0.000512,
Quad,RADA,0.000453,
Quad,RADC,0.000415,
Quad,RADD,0.000461,
Quad,RADR,0.000601,
Quad,RARA,0.000518,
Quad,RARC,0.000529,
Quad,RARD,0.000604,
Quad,RARR,0.000718,
Quad,RCAA,0.000328,
Quad,RCAC,0.000326,
Quad,RCAD,0.000408,
Quad,RCAR,0.000512,
Quad,RCCA,0.000335,
Quad,RCCC,0.000341,
Quad,RCCD,0.000388,
Quad,RCCR,0.000539,
Quad,RCDA,0.000429,
Quad,RCDC,0.000389,
Quad,RCDD,0.000435,
Quad,RCDR,0.000578,
Quad,RCRA,0.000524,
Quad,RCRC,0.000537,
Quad,RCRD,0.000593,
Quad,RCRR,0.000725,
Quad,RDAA,0.000413,
Quad,RDAC,0.000415,
Quad,RDAD,0.000511,
Quad,RDAR,0.000602,
Quad,RDCA,0.000408,
Quad,RDCC,0.000384,
Quad,RDCD,0.000431,
Quad,RDCR,0.000578,
Quad,RDDA,0.000442,
Quad,RDDC,0.000417,
Quad,RDDD,0.000463,
Quad,RDDR,0.000608,
Quad,RDRA,0.000608,
Quad,RDRC,0.000570,
Quad,RDRD,0.000625,
Quad,RDRR,0.000760,
Quad,RRAA,0.000519,
Quad,RRAC,0.000519,
Quad,RRAD,0.000600,
Quad,RRAR,0.000703,
Quad,RRCA,0.000522,
Quad,RRCC,0.000518,
Quad,RRCD,0.000567,
Quad,RRCR,0.000723,
Quad,RRDA,0.000613,
Quad,RRDC,0.000578,
Quad,RRDD,0.000624,
Quad,RRDR,0.000765,
Quad,RRRA,0.000717,
Quad,RRRC,0.000715,
Quad,RRRD,0.000780,
Quad,RRRR,0.000915,
