Sorts,Sequence,Time,
Tim,AAAA,0.000000,
Tim,AAAC,0.000000,
Tim,AAAD,0.000000,
Quad,AAAR,0.000079,
Tim,AACA,0.000000,
Tim,AACC,0.000000,
Tim,AACD,0.000000,
Quad,AACR,0.000078,
Tim,AADA,0.000000,
Tim,AADC,0.000000,
Tim,AADD,0.000000,
Quad,AADR,0.000098,
Quad,AARA,0.000077,
Quad,AARC,0.000079,
Quad,AARD,0.000096,
Quad,AARR,0.000123,
Tim,ACAA,0.000000,
Tim,ACAC,0.000000,
Tim,ACAD,0.000000,
Quad,ACAR,0.000075,
Tim,ACCA,0.000000,
Tim,ACCC,0.000000,
Tim,ACCD,0.000000,
Quad,ACCR,0.000073,
Tim,ACDA,0.000000,
Tim,ACDC,0.000000,
Tim,ACDD,0.000000,
Quad,ACDR,0.000095,
Quad,ACRA,0.000073,
Quad,ACRC,0.000073,
Quad,ACRD,0.000094,
Quad,ACRR,0.000117,
Tim,ADAA,0.000000,
Tim,ADAC,0.000000,
Quad,ADAD,0.000087,
Quad,ADAR,0.000108,
Quad,ADCA,0.000063,
Quad,ADCC,0.000051,
Quad,ADCD,0.000061,
Quad,ADCR,0.000096,
Tim,ADDA,0.000000,
Tim,ADDC,0.000000,
Tim,ADDD,0.000000,
Quad,ADDR,0.000107,
Quad,ADRA,0.000108,
Quad,ADRC,0.000097,
Quad,ADRD,0.000109,
Quad,ADRR,0.000139,
Quad,ARAA,0.000078,
Quad,ARAC,0.000078,
Quad,ARAD,0.000098,
Quad,ARAR,0.000120,
Quad,ARCA,0.000076,
Quad,ARCC,0.000078,
Quad,ARCD,0.000095,
Quad,ARCR,0.000122,
Quad,ARDA,0.000107,
Quad,ARDC,0.000097,
Quad,ARDD,0.000106,
Quad,ARDR,0.000141,
Quad,ARRA,0.000124,
Quad,ARRC,0.000121,
Quad,ARRD,0.000139,
Quad,ARRR,0.000164,
Tim,CAAA,0.000000,
Tim,CAAC,0.000000,
Tim,CAAD,0.000000,
Quad,CAAR,0.000074,
Tim,CACA,0.000000,
Tim,CACC,0.000000,
Tim,CACD,0.000000,
Quad,CACR,0.000077,
Tim,CADA,0.000000,
Tim,CADC,0.000000,
Tim,CADD,0.000000,
Quad,CADR,0.000096,
Quad,CARA,0.000077,
Quad,CARC,0.000078,
Quad,CARD,0.000099,
Quad,CARR,0.000118,
Tim,CCAA,0.000000,
Tim,CCAC,0.000000,
Tim,CCAD,0.000000,
Quad,CCAR,0.000076,
Tim,CCCA,0.000000,
Tim,CCCC,0.000000,
Tim,CCCD,0.000000,
Quad,CCCR,0.000075,
Tim,CCDA,0.000000,
Quad,CCDC,0.000040,
Tim,CCDD,0.000000,
Quad,CCDR,0.000084,
Quad,CCRA,0.000075,
Quad,CCRC,0.000077,
Quad,CCRD,0.000093,
Quad,CCRR,0.000118,
Tim,CDAA,0.000000,
Tim,CDAC,0.000000,
Quad,CDAD,0.000073,
Quad,CDAR,0.000094,
Quad,CDCA,0.000050,
Quad,CDCC,0.000042,
Quad,CDCD,0.000052,
Quad,CDCR,0.000088,
Tim,CDDA,0.000000,
Quad,CDDC,0.000049,
Tim,CDDD,0.000000,
Quad,CDDR,0.000091,
Quad,CDRA,0.000093,
Quad,CDRC,0.000087,
Quad,CDRD,0.000099,
Quad,CDRR,0.000129,
Quad,CRAA,0.000077,
Quad,CRAC,0.000077,
Quad,CRAD,0.000098,
Quad,CRAR,0.000118,
Quad,CRCA,0.000080,
Quad,CRCC,0.000080,
Quad,CRCD,0.000091,
Quad,CRCR,0.000124,
Quad,CRDA,0.000101,
Quad,CRDC,0.000091,
Quad,CRDD,0.000101,
Quad,CRDR,0.000134,
Quad,CRRA,0.000122,
Quad,CRRC,0.000124,
Quad,CRRD,0.000139,
Quad,CRRR,0.000166,
Tim,DAAA,0.000000,
Tim,DAAC,0.000000,
Tim,DAAD,0.000000,
Quad,DAAR,0.000098,
Tim,DACA,0.000000,
Tim,DACC,0.000000,
Tim,DACD,0.000000,
Quad,DACR,0.000099,
Tim,DADA,0.000000,
Tim,DADC,0.000000,
Quad,DADD,0.000084,
Quad,DADR,0.000122,
Quad,DARA,0.000097,
Quad,DARC,0.000101,
Quad,DARD,0.000121,
Quad,DARR,0.000144,
Tim,DCAA,0.000000,
Tim,DCAC,0.000000,
Tim,DCAD,0.000000,
Quad,DCAR,0.000100,
Tim,DCCA,0.000000,
Tim,DCCC,0.000000,
Quad,DCCD,0.000054,
Quad,DCCR,0.000090,
Quad,DCDA,0.000057,
Quad,DCDC,0.000051,
Quad,DCDD,0.000061,
Quad,DCDR,0.000097,
Quad,DCRA,0.000097,
Quad,DCRC,0.000092,
Quad,DCRD,0.000104,
Quad,DCRR,0.000136,
Tim,DDAA,0.000000,
Tim,DDAC,0.000000,
Tim,DDAD,0.000000,
Quad,DDAR,0.000109,
Tim,DDCA,0.000000,
Tim,DDCC,0.000000,
Tim,DDCD,0.000000,
Quad,DDCR,0.000099,
Tim,DDDA,0.000000,
Tim,DDDC,0.000000,
Tim,DDDD,0.000000,
Quad,DDDR,0.000105,
Quad,DDRA,0.000104,
Quad,DDRC,0.000098,
Quad,DDRD,0.000110,
Quad,DDRR,0.000140,
Quad,DRAA,0.000093,
Quad,DRAC,0.000095,
Quad,DRAD,0.000117,
Quad,DRAR,0.000134,
Quad,DRCA,0.000094,
Quad,DRCC,0.000086,
Quad,DRCD,0.000095,
Quad,DRCR,0.000132,
Quad,DRDA,0.000104,
Quad,DRDC,0.000097,
Quad,DRDD,0.000107,
Quad,DRDR,0.000138,
Quad,DRRA,0.000142,
Quad,DRRC,0.000134,
Quad,DRRD,0.000148,
Quad,DRRR,0.000179,
Quad,RAAA,0.000075,
Quad,RAAC,0.000075,
Quad,RAAD,0.000095,
Quad,RAAR,0.000119,
Quad,RACA,0.000075,
Quad,RACC,0.000075,
Quad,RACD,0.000094,
Quad,RACR,0.000123,
Quad,RADA,0.000110,
Quad,RADC,0.000099,
Quad,RADD,0.000109,
Quad,RADR,0.000141,
Quad,RARA,0.000122,
Quad,RARC,0.000124,
Quad,RARD,0.000144,
Quad,RARR,0.000163,
Quad,RCAA,0.000077,
Quad,RCAC,0.000077,
Quad,RCAD,0.000097,
Quad,RCAR,0.000122,
Quad,RCCA,0.000079,
Quad,RCCC,0.000078,
Quad,RCCD,0.000089,
Quad,RCCR,0.000126,
Quad,RCDA,0.000098,
Quad,RCDC,0.000091,
Quad,RCDD,0.000101,
Quad,RCDR,0.000134,
Quad,RCRA,0.000123,
Quad,RCRC,0.000125,
Quad,RCRD,0.000138,
Quad,RCRR,0.000169,
Quad,RDAA,0.000099,
Quad,RDAC,0.000168,
Quad,RDAD,0.000133,
Quad,RDAR,0.000145,
Quad,RDCA,0.000098,
Quad,RDCC,0.000091,
Quad,RDCD,0.000101,
Quad,RDCR,0.000134,
Quad,RDDA,0.000110,
Quad,RDDC,0.000098,
Quad,RDDD,0.000108,
Quad,RDDR,0.000142,
Quad,RDRA,0.000141,
Quad,RDRC,0.000134,
Quad,RDRD,0.000146,
Quad,RDRR,0.000175,
Quad,RRAA,0.000122,
Quad,RRAC,0.000122,
Quad,RRAD,0.000142,
Quad,RRAR,0.000164,
Quad,RRCA,0.000124,
Quad,RRCC,0.000122,
Quad,RRCD,0.000133,
Quad,RRCR,0.000167,
Quad,RRDA,0.000142,
Quad,RRDC,0.000135,
Quad,RRDD,0.000145,
Quad,RRDR,0.000177,
Quad,RRRA,0.000166,
Quad,RRRC,0.000168,
Quad,RRRD,0.000182,
Quad,RRRR,0.000209,
