Sorts,Sequence,Time,Sample Sequence 1,Sample Sequence 2,Sample Sequence 3,Sample Sequence 4,
Quad,AAAA,0.000031,
Tim,AAAA,0.000025,
Quick,AAAA,0.000251,
Merge,AAAA,0.000290,
Quad,AAAC,0.000023,
Tim,AAAC,0.000019,
Quick,AAAC,0.000186,
Merge,AAAC,0.000214,
Quad,AAAD,0.000059,
Tim,AAAD,0.000039,
Quick,AAAD,0.000169,
Merge,AAAD,0.000221,
Quad,AAAR,0.000079,
Tim,AAAR,0.000115,
Quick,AAAR,0.000163,
Merge,AAAR,0.000199,
Quad,AACA,0.000016,
Tim,AACA,0.000013,
Quick,AACA,0.000127,
Merge,AACA,0.000147,
Quad,AACC,0.000015,
Tim,AACC,0.000013,
Quick,AACC,0.000127,
Merge,AACC,0.000147,
Quad,AACD,0.000048,
Tim,AACD,0.000038,
Quick,AACD,0.000143,
Merge,AACD,0.000186,
Quad,AACR,0.000078,
Tim,AACR,0.000120,
Quick,AACR,0.000162,
Merge,AACR,0.000198,
Quad,AADA,0.000062,
Tim,AADA,0.000052,
Quick,AADA,0.000161,
Merge,AADA,0.000199,
Quad,AADC,0.000052,
Tim,AADC,0.000043,
Quick,AADC,0.000147,
Merge,AADC,0.000188,
Quad,AADD,0.000066,
Tim,AADD,0.000054,
Quick,AADD,0.000159,
Merge,AADD,0.000226,
Quad,AADR,0.000098,
Tim,AADR,0.000145,
Quick,AADR,0.000181,
Merge,AADR,0.000244,
Quad,AARA,0.000077,
Tim,AARA,0.000129,
Quick,AARA,0.000161,
Merge,AARA,0.000197,
Quad,AARC,0.000079,
Tim,AARC,0.000129,
Quick,AARC,0.000165,
Merge,AARC,0.000199,
Quad,AARD,0.000096,
Tim,AARD,0.000147,
Quick,AARD,0.000179,
Merge,AARD,0.000242,
Quad,AARR,0.000123,
Tim,AARR,0.000228,
Quick,AARR,0.000197,
Merge,AARR,0.000250,
Quad,ACAA,0.000015,
Tim,ACAA,0.000013,
Quick,ACAA,0.000127,
Merge,ACAA,0.000147,
Quad,ACAC,0.000015,
Tim,ACAC,0.000013,
Quick,ACAC,0.000127,
Merge,ACAC,0.000147,
Quad,ACAD,0.000050,
Tim,ACAD,0.000032,
Quick,ACAD,0.000143,
Merge,ACAD,0.000187,
Quad,ACAR,0.000075,
Tim,ACAR,0.000105,
Quick,ACAR,0.000157,
Merge,ACAR,0.000193,
Quad,ACCA,0.000015,
Tim,ACCA,0.000013,
Quick,ACCA,0.000127,
Merge,ACCA,0.000147,
Quad,ACCC,0.000015,
Tim,ACCC,0.000013,
Quick,ACCC,0.000127,
Merge,ACCC,0.000147,
Quad,ACCD,0.000048,
Tim,ACCD,0.000043,
Quick,ACCD,0.000143,
Merge,ACCD,0.000186,
Quad,ACCR,0.000073,
Tim,ACCR,0.000110,
Quick,ACCR,0.000153,
Merge,ACCR,0.000190,
Quad,ACDA,0.000061,
Tim,ACDA,0.000056,
Quick,ACDA,0.000157,
Merge,ACDA,0.000197,
Quad,ACDC,0.000050,
Tim,ACDC,0.000046,
Quick,ACDC,0.000144,
Merge,ACDC,0.000187,
Quad,ACDD,0.000060,
Tim,ACDD,0.000048,
Quick,ACDD,0.000151,
Merge,ACDD,0.000221,
Quad,ACDR,0.000095,
Tim,ACDR,0.000141,
Quick,ACDR,0.000176,
Merge,ACDR,0.000239,
Quad,ACRA,0.000073,
Tim,ACRA,0.000117,
Quick,ACRA,0.000154,
Merge,ACRA,0.000191,
Quad,ACRC,0.000073,
Tim,ACRC,0.000117,
Quick,ACRC,0.000156,
Merge,ACRC,0.000191,
Quad,ACRD,0.000094,
Tim,ACRD,0.000137,
Quick,ACRD,0.000174,
Merge,ACRD,0.000237,
Quad,ACRR,0.000117,
Tim,ACRR,0.000208,
Quick,ACRR,0.000188,
Merge,ACRR,0.000240,
Quad,ADAA,0.000060,
Tim,ADAA,0.000053,
Quick,ADAA,0.000156,
Merge,ADAA,0.000196,
Quad,ADAC,0.000063,
Tim,ADAC,0.000058,
Quick,ADAC,0.000160,
Merge,ADAC,0.000198,
Quad,ADAD,0.000087,
Tim,ADAD,0.000088,
Quick,ADAD,0.000183,
Merge,ADAD,0.000245,
Quad,ADAR,0.000108,
Tim,ADAR,0.000154,
Quick,ADAR,0.000192,
Merge,ADAR,0.000250,
Quad,ADCA,0.000063,
Tim,ADCA,0.000064,
Quick,ADCA,0.000160,
Merge,ADCA,0.000199,
Quad,ADCC,0.000051,
Tim,ADCC,0.000063,
Quick,ADCC,0.000144,
Merge,ADCC,0.000187,
Quad,ADCD,0.000061,
Tim,ADCD,0.000068,
Quick,ADCD,0.000152,
Merge,ADCD,0.000221,
Quad,ADCR,0.000096,
Tim,ADCR,0.000156,
Quick,ADCR,0.000179,
Merge,ADCR,0.000240,
Quad,ADDA,0.000069,
Tim,ADDA,0.000060,
Quick,ADDA,0.000160,
Merge,ADDA,0.000227,
Quad,ADDC,0.000062,
Tim,ADDC,0.000055,
Quick,ADDC,0.000152,
Merge,ADDC,0.000221,
Quad,ADDD,0.000072,
Tim,ADDD,0.000057,
Quick,ADDD,0.000159,
Merge,ADDD,0.000255,
Quad,ADDR,0.000107,
Tim,ADDR,0.000151,
Quick,ADDR,0.000184,
Merge,ADDR,0.000275,
Quad,ADRA,0.000108,
Tim,ADRA,0.000158,
Quick,ADRA,0.000193,
Merge,ADRA,0.000253,
Quad,ADRC,0.000097,
Tim,ADRC,0.000151,
Quick,ADRC,0.000180,
Merge,ADRC,0.000242,
Quad,ADRD,0.000109,
Tim,ADRD,0.000160,
Quick,ADRD,0.000188,
Merge,ADRD,0.000278,
Quad,ADRR,0.000139,
Tim,ADRR,0.000246,
Quick,ADRR,0.000211,
Merge,ADRR,0.000291,
Quad,ARAA,0.000078,
Tim,ARAA,0.000120,
Quick,ARAA,0.000162,
Merge,ARAA,0.000197,
Quad,ARAC,0.000078,
Tim,ARAC,0.000120,
Quick,ARAC,0.000162,
Merge,ARAC,0.000197,
Quad,ARAD,0.000098,
Tim,ARAD,0.000143,
Quick,ARAD,0.000180,
Merge,ARAD,0.000242,
Quad,ARAR,0.000120,
Tim,ARAR,0.000221,
Quick,ARAR,0.000192,
Merge,ARAR,0.000246,
Quad,ARCA,0.000076,
Tim,ARCA,0.000116,
Quick,ARCA,0.000159,
Merge,ARCA,0.000195,
Quad,ARCC,0.000078,
Tim,ARCC,0.000116,
Quick,ARCC,0.000163,
Merge,ARCC,0.000196,
Quad,ARCD,0.000095,
Tim,ARCD,0.000148,
Quick,ARCD,0.000179,
Merge,ARCD,0.000242,
Quad,ARCR,0.000122,
Tim,ARCR,0.000230,
Quick,ARCR,0.000195,
Merge,ARCR,0.000248,
Quad,ARDA,0.000107,
Tim,ARDA,0.000153,
Quick,ARDA,0.000192,
Merge,ARDA,0.000251,
Quad,ARDC,0.000097,
Tim,ARDC,0.000143,
Quick,ARDC,0.000179,
Merge,ARDC,0.000241,
Quad,ARDD,0.000106,
Tim,ARDD,0.000145,
Quick,ARDD,0.000186,
Merge,ARDD,0.000276,
Quad,ARDR,0.000141,
Tim,ARDR,0.000246,
Quick,ARDR,0.000212,
Merge,ARDR,0.000293,
Quad,ARRA,0.000124,
Tim,ARRA,0.000239,
Quick,ARRA,0.000199,
Merge,ARRA,0.000255,
Quad,ARRC,0.000121,
Tim,ARRC,0.000230,
Quick,ARRC,0.000195,
Merge,ARRC,0.000247,
Quad,ARRD,0.000139,
Tim,ARRD,0.000248,
Quick,ARRD,0.000210,
Merge,ARRD,0.000292,
Quad,ARRR,0.000164,
Tim,ARRR,0.000332,
Quick,ARRR,0.000229,
Merge,ARRR,0.000299,
Quad,CAAA,0.000015,
Tim,CAAA,0.000013,
Quick,CAAA,0.000127,
Merge,CAAA,0.000147,
Quad,CAAC,0.000015,
Tim,CAAC,0.000013,
Quick,CAAC,0.000127,
Merge,CAAC,0.000147,
Quad,CAAD,0.000050,
Tim,CAAD,0.000032,
Quick,CAAD,0.000143,
Merge,CAAD,0.000186,
Quad,CAAR,0.000074,
Tim,CAAR,0.000106,
Quick,CAAR,0.000155,
Merge,CAAR,0.000193,
Quad,CACA,0.000015,
Tim,CACA,0.000013,
Quick,CACA,0.000127,
Merge,CACA,0.000147,
Quad,CACC,0.000015,
Tim,CACC,0.000013,
Quick,CACC,0.000127,
Merge,CACC,0.000147,
Quad,CACD,0.000049,
Tim,CACD,0.000043,
Quick,CACD,0.000144,
Merge,CACD,0.000186,
Quad,CACR,0.000077,
Tim,CACR,0.000114,
Quick,CACR,0.000158,
Merge,CACR,0.000193,
Quad,CADA,0.000062,
Tim,CADA,0.000056,
Quick,CADA,0.000161,
Merge,CADA,0.000200,
Quad,CADC,0.000052,
Tim,CADC,0.000047,
Quick,CADC,0.000147,
Merge,CADC,0.000188,
Quad,CADD,0.000062,
Tim,CADD,0.000049,
Quick,CADD,0.000154,
Merge,CADD,0.000222,
Quad,CADR,0.000096,
Tim,CADR,0.000143,
Quick,CADR,0.000178,
Merge,CADR,0.000242,
Quad,CARA,0.000077,
Tim,CARA,0.000120,
Quick,CARA,0.000158,
Merge,CARA,0.000193,
Quad,CARC,0.000078,
Tim,CARC,0.000120,
Quick,CARC,0.000161,
Merge,CARC,0.000195,
Quad,CARD,0.000099,
Tim,CARD,0.000141,
Quick,CARD,0.000180,
Merge,CARD,0.000240,
Quad,CARR,0.000118,
Tim,CARR,0.000210,
Quick,CARR,0.000188,
Merge,CARR,0.000242,
Quad,CCAA,0.000015,
Tim,CCAA,0.000013,
Quick,CCAA,0.000127,
Merge,CCAA,0.000147,
Quad,CCAC,0.000015,
Tim,CCAC,0.000013,
Quick,CCAC,0.000127,
Merge,CCAC,0.000147,
Quad,CCAD,0.000050,
Tim,CCAD,0.000042,
Quick,CCAD,0.000143,
Merge,CCAD,0.000187,
Quad,CCAR,0.000076,
Tim,CCAR,0.000106,
Quick,CCAR,0.000159,
Merge,CCAR,0.000193,
Quad,CCCA,0.000016,
Tim,CCCA,0.000013,
Quick,CCCA,0.000127,
Merge,CCCA,0.000147,
Quad,CCCC,0.000016,
Tim,CCCC,0.000013,
Quick,CCCC,0.000127,
Merge,CCCC,0.000147,
Quad,CCCD,0.000045,
Tim,CCCD,0.000038,
Quick,CCCD,0.000139,
Merge,CCCD,0.000183,
Quad,CCCR,0.000075,
Tim,CCCR,0.000119,
Quick,CCCR,0.000157,
Merge,CCCR,0.000193,
Quad,CCDA,0.000055,
Tim,CCDA,0.000045,
Quick,CCDA,0.000150,
Merge,CCDA,0.000190,
Quad,CCDC,0.000040,
Tim,CCDC,0.000042,
Quick,CCDC,0.000136,
Merge,CCDC,0.000182,
Quad,CCDD,0.000049,
Tim,CCDD,0.000044,
Quick,CCDD,0.000143,
Merge,CCDD,0.000216,
Quad,CCDR,0.000084,
Tim,CCDR,0.000135,
Quick,CCDR,0.000167,
Merge,CCDR,0.000233,
Quad,CCRA,0.000075,
Tim,CCRA,0.000124,
Quick,CCRA,0.000157,
Merge,CCRA,0.000194,
Quad,CCRC,0.000077,
Tim,CCRC,0.000124,
Quick,CCRC,0.000161,
Merge,CCRC,0.000195,
Quad,CCRD,0.000093,
Tim,CCRD,0.000135,
Quick,CCRD,0.000173,
Merge,CCRD,0.000236,
Quad,CCRR,0.000118,
Tim,CCRR,0.000216,
Quick,CCRR,0.000188,
Merge,CCRR,0.000242,
Quad,CDAA,0.000048,
Tim,CDAA,0.000044,
Quick,CDAA,0.000143,
Merge,CDAA,0.000187,
Quad,CDAC,0.000048,
Tim,CDAC,0.000044,
Quick,CDAC,0.000143,
Merge,CDAC,0.000187,
Quad,CDAD,0.000073,
Tim,CDAD,0.000078,
Quick,CDAD,0.000169,
Merge,CDAD,0.000233,
Quad,CDAR,0.000094,
Tim,CDAR,0.000143,
Quick,CDAR,0.000178,
Merge,CDAR,0.000243,
Quad,CDCA,0.000050,
Tim,CDCA,0.000054,
Quick,CDCA,0.000147,
Merge,CDCA,0.000188,
Quad,CDCC,0.000042,
Tim,CDCC,0.000059,
Quick,CDCC,0.000136,
Merge,CDCC,0.000182,
Quad,CDCD,0.000052,
Tim,CDCD,0.000064,
Quick,CDCD,0.000144,
Merge,CDCD,0.000216,
Quad,CDCR,0.000088,
Tim,CDCR,0.000155,
Quick,CDCR,0.000172,
Merge,CDCR,0.000237,
Quad,CDDA,0.000060,
Tim,CDDA,0.000053,
Quick,CDDA,0.000151,
Merge,CDDA,0.000221,
Quad,CDDC,0.000049,
Tim,CDDC,0.000051,
Quick,CDDC,0.000144,
Merge,CDDC,0.000216,
Quad,CDDD,0.000058,
Tim,CDDD,0.000053,
Quick,CDDD,0.000150,
Merge,CDDD,0.000250,
Quad,CDDR,0.000091,
Tim,CDDR,0.000135,
Quick,CDDR,0.000172,
Merge,CDDR,0.000265,
Quad,CDRA,0.000093,
Tim,CDRA,0.000156,
Quick,CDRA,0.000177,
Merge,CDRA,0.000243,
Quad,CDRC,0.000087,
Tim,CDRC,0.000151,
Quick,CDRC,0.000170,
Merge,CDRC,0.000237,
Quad,CDRD,0.000099,
Tim,CDRD,0.000160,
Quick,CDRD,0.000178,
Merge,CDRD,0.000272,
Quad,CDRR,0.000129,
Tim,CDRR,0.000238,
Quick,CDRR,0.000198,
Merge,CDRR,0.000284,
Quad,CRAA,0.000077,
Tim,CRAA,0.000133,
Quick,CRAA,0.000161,
Merge,CRAA,0.000197,
Quad,CRAC,0.000077,
Tim,CRAC,0.000133,
Quick,CRAC,0.000162,
Merge,CRAC,0.000198,
Quad,CRAD,0.000098,
Tim,CRAD,0.000160,
Quick,CRAD,0.000180,
Merge,CRAD,0.000243,
Quad,CRAR,0.000118,
Tim,CRAR,0.000219,
Quick,CRAR,0.000188,
Merge,CRAR,0.000242,
Quad,CRCA,0.000080,
Tim,CRCA,0.000134,
Quick,CRCA,0.000166,
Merge,CRCA,0.000202,
Quad,CRCC,0.000080,
Tim,CRCC,0.000133,
Quick,CRCC,0.000166,
Merge,CRCC,0.000199,
Quad,CRCD,0.000091,
Tim,CRCD,0.000154,
Quick,CRCD,0.000175,
Merge,CRCD,0.000238,
Quad,CRCR,0.000124,
Tim,CRCR,0.000240,
Quick,CRCR,0.000198,
Merge,CRCR,0.000249,
Quad,CRDA,0.000101,
Tim,CRDA,0.000155,
Quick,CRDA,0.000186,
Merge,CRDA,0.000245,
Quad,CRDC,0.000091,
Tim,CRDC,0.000149,
Quick,CRDC,0.000172,
Merge,CRDC,0.000236,
Quad,CRDD,0.000101,
Tim,CRDD,0.000151,
Quick,CRDD,0.000179,
Merge,CRDD,0.000271,
Quad,CRDR,0.000134,
Tim,CRDR,0.000242,
Quick,CRDR,0.000202,
Merge,CRDR,0.000285,
Quad,CRRA,0.000122,
Tim,CRRA,0.000237,
Quick,CRRA,0.000194,
Merge,CRRA,0.000247,
Quad,CRRC,0.000124,
Tim,CRRC,0.000237,
Quick,CRRC,0.000198,
Merge,CRRC,0.000249,
Quad,CRRD,0.000139,
Tim,CRRD,0.000247,
Quick,CRRD,0.000210,
Merge,CRRD,0.000290,
Quad,CRRR,0.000166,
Tim,CRRR,0.000330,
Quick,CRRR,0.000229,
Merge,CRRR,0.000297,
Quad,DAAA,0.000050,
Tim,DAAA,0.000028,
Quick,DAAA,0.000142,
Merge,DAAA,0.000187,
Quad,DAAC,0.000050,
Tim,DAAC,0.000028,
Quick,DAAC,0.000142,
Merge,DAAC,0.000186,
Quad,DAAD,0.000068,
Tim,DAAD,0.000049,
Quick,DAAD,0.000158,
Merge,DAAD,0.000226,
Quad,DAAR,0.000098,
Tim,DAAR,0.000135,
Quick,DAAR,0.000182,
Merge,DAAR,0.000243,
Quad,DACA,0.000050,
Tim,DACA,0.000028,
Quick,DACA,0.000142,
Merge,DACA,0.000186,
Quad,DACC,0.000050,
Tim,DACC,0.000028,
Quick,DACC,0.000142,
Merge,DACC,0.000187,
Quad,DACD,0.000070,
Tim,DACD,0.000062,
Quick,DACD,0.000164,
Merge,DACD,0.000231,
Quad,DACR,0.000099,
Tim,DACR,0.000134,
Quick,DACR,0.000182,
Merge,DACR,0.000242,
Quad,DADA,0.000087,
Tim,DADA,0.000083,
Quick,DADA,0.000182,
Merge,DADA,0.000244,
Quad,DADC,0.000075,
Tim,DADC,0.000073,
Quick,DADC,0.000168,
Merge,DADC,0.000233,
Quad,DADD,0.000084,
Tim,DADD,0.000087,
Quick,DADD,0.000175,
Merge,DADD,0.000270,
Quad,DADR,0.000122,
Tim,DADR,0.000180,
Quick,DADR,0.000203,
Merge,DADR,0.000291,
Quad,DARA,0.000097,
Tim,DARA,0.000140,
Quick,DARA,0.000180,
Merge,DARA,0.000241,
Quad,DARC,0.000101,
Tim,DARC,0.000141,
Quick,DARC,0.000186,
Merge,DARC,0.000244,
Quad,DARD,0.000121,
Tim,DARD,0.000168,
Quick,DARD,0.000202,
Merge,DARD,0.000288,
Quad,DARR,0.000144,
Tim,DARR,0.000245,
Quick,DARR,0.000219,
Merge,DARR,0.000297,
Quad,DCAA,0.000050,
Tim,DCAA,0.000034,
Quick,DCAA,0.000143,
Merge,DCAA,0.000186,
Quad,DCAC,0.000050,
Tim,DCAC,0.000034,
Quick,DCAC,0.000143,
Merge,DCAC,0.000186,
Quad,DCAD,0.000075,
Tim,DCAD,0.000063,
Quick,DCAD,0.000168,
Merge,DCAD,0.000233,
Quad,DCAR,0.000100,
Tim,DCAR,0.000139,
Quick,DCAR,0.000183,
Merge,DCAR,0.000244,
Quad,DCCA,0.000052,
Tim,DCCA,0.000040,
Quick,DCCA,0.000147,
Merge,DCCA,0.000188,
Quad,DCCC,0.000044,
Tim,DCCC,0.000036,
Quick,DCCC,0.000139,
Merge,DCCC,0.000183,
Quad,DCCD,0.000054,
Tim,DCCD,0.000055,
Quick,DCCD,0.000147,
Merge,DCCD,0.000217,
Quad,DCCR,0.000090,
Tim,DCCR,0.000138,
Quick,DCCR,0.000170,
Merge,DCCR,0.000234,
Quad,DCDA,0.000057,
Tim,DCDA,0.000062,
Quick,DCDA,0.000151,
Merge,DCDA,0.000221,
Quad,DCDC,0.000051,
Tim,DCDC,0.000059,
Quick,DCDC,0.000144,
Merge,DCDC,0.000216,
Quad,DCDD,0.000061,
Tim,DCDD,0.000072,
Quick,DCDD,0.000151,
Merge,DCDD,0.000250,
Quad,DCDR,0.000097,
Tim,DCDR,0.000162,
Quick,DCDR,0.000177,
Merge,DCDR,0.000272,
Quad,DCRA,0.000097,
Tim,DCRA,0.000143,
Quick,DCRA,0.000179,
Merge,DCRA,0.000240,
Quad,DCRC,0.000092,
Tim,DCRC,0.000137,
Quick,DCRC,0.000174,
Merge,DCRC,0.000236,
Quad,DCRD,0.000104,
Tim,DCRD,0.000148,
Quick,DCRD,0.000182,
Merge,DCRD,0.000270,
Quad,DCRR,0.000136,
Tim,DCRR,0.000241,
Quick,DCRR,0.000207,
Merge,DCRR,0.000288,
Quad,DDAA,0.000067,
Tim,DDAA,0.000045,
Quick,DDAA,0.000160,
Merge,DDAA,0.000228,
Quad,DDAC,0.000110,
Tim,DDAC,0.000075,
Quick,DDAC,0.000279,
Merge,DDAC,0.000405,
Quad,DDAD,0.000102,
Tim,DDAD,0.000082,
Quick,DDAD,0.000214,
Merge,DDAD,0.000330,
Quad,DDAR,0.000109,
Tim,DDAR,0.000150,
Quick,DDAR,0.000191,
Merge,DDAR,0.000283,
Quad,DDCA,0.000060,
Tim,DDCA,0.000041,
Quick,DDCA,0.000152,
Merge,DDCA,0.000221,
Quad,DDCC,0.000053,
Tim,DDCC,0.000037,
Quick,DDCC,0.000143,
Merge,DDCC,0.000216,
Quad,DDCD,0.000063,
Tim,DDCD,0.000051,
Quick,DDCD,0.000151,
Merge,DDCD,0.000249,
Quad,DDCR,0.000099,
Tim,DDCR,0.000137,
Quick,DDCR,0.000177,
Merge,DDCR,0.000269,
Quad,DDDA,0.000072,
Tim,DDDA,0.000042,
Quick,DDDA,0.000159,
Merge,DDDA,0.000255,
Quad,DDDC,0.000060,
Tim,DDDC,0.000039,
Quick,DDDC,0.000151,
Merge,DDDC,0.000249,
Quad,DDDD,0.000070,
Tim,DDDD,0.000041,
Quick,DDDD,0.000158,
Merge,DDDD,0.000283,
Quad,DDDR,0.000105,
Tim,DDDR,0.000143,
Quick,DDDR,0.000184,
Merge,DDDR,0.000306,
Quad,DDRA,0.000104,
Tim,DDRA,0.000143,
Quick,DDRA,0.000183,
Merge,DDRA,0.000276,
Quad,DDRC,0.000098,
Tim,DDRC,0.000138,
Quick,DDRC,0.000177,
Merge,DDRC,0.000270,
Quad,DDRD,0.000110,
Tim,DDRD,0.000148,
Quick,DDRD,0.000184,
Merge,DDRD,0.000304,
Quad,DDRR,0.000140,
Tim,DDRR,0.000233,
Quick,DDRR,0.000205,
Merge,DDRR,0.000318,
Quad,DRAA,0.000093,
Tim,DRAA,0.000145,
Quick,DRAA,0.000177,
Merge,DRAA,0.000243,
Quad,DRAC,0.000095,
Tim,DRAC,0.000150,
Quick,DRAC,0.000181,
Merge,DRAC,0.000245,
Quad,DRAD,0.000117,
Tim,DRAD,0.000182,
Quick,DRAD,0.000203,
Merge,DRAD,0.000291,
Quad,DRAR,0.000134,
Tim,DRAR,0.000240,
Quick,DRAR,0.000205,
Merge,DRAR,0.000287,
Quad,DRCA,0.000094,
Tim,DRCA,0.000155,
Quick,DRCA,0.000181,
Merge,DRCA,0.000245,
Quad,DRCC,0.000086,
Tim,DRCC,0.000162,
Quick,DRCC,0.000168,
Merge,DRCC,0.000236,
Quad,DRCD,0.000095,
Tim,DRCD,0.000166,
Quick,DRCD,0.000176,
Merge,DRCD,0.000271,
Quad,DRCR,0.000132,
Tim,DRCR,0.000255,
Quick,DRCR,0.000205,
Merge,DRCR,0.000290,
Quad,DRDA,0.000104,
Tim,DRDA,0.000161,
Quick,DRDA,0.000185,
Merge,DRDA,0.000278,
Quad,DRDC,0.000097,
Tim,DRDC,0.000161,
Quick,DRDC,0.000176,
Merge,DRDC,0.000271,
Quad,DRDD,0.000107,
Tim,DRDD,0.000176,
Quick,DRDD,0.000183,
Merge,DRDD,0.000305,
Quad,DRDR,0.000138,
Tim,DRDR,0.000248,
Quick,DRDR,0.000203,
Merge,DRDR,0.000317,
Quad,DRRA,0.000142,
Tim,DRRA,0.000255,
Quick,DRRA,0.000214,
Merge,DRRA,0.000295,
Quad,DRRC,0.000134,
Tim,DRRC,0.000250,
Quick,DRRC,0.000204,
Merge,DRRC,0.000287,
Quad,DRRD,0.000148,
Tim,DRRD,0.000259,
Quick,DRRD,0.000214,
Merge,DRRD,0.000325,
Quad,DRRR,0.000179,
Tim,DRRR,0.000360,
Quick,DRRR,0.000238,
Merge,DRRR,0.000340,
Quad,RAAA,0.000075,
Tim,RAAA,0.000113,
Quick,RAAA,0.000160,
Merge,RAAA,0.000198,
Quad,RAAC,0.000075,
Tim,RAAC,0.000113,
Quick,RAAC,0.000158,
Merge,RAAC,0.000197,
Quad,RAAD,0.000095,
Tim,RAAD,0.000136,
Quick,RAAD,0.000177,
Merge,RAAD,0.000242,
Quad,RAAR,0.000119,
Tim,RAAR,0.000220,
Quick,RAAR,0.000192,
Merge,RAAR,0.000247,
Quad,RACA,0.000075,
Tim,RACA,0.000113,
Quick,RACA,0.000159,
Merge,RACA,0.000197,
Quad,RACC,0.000075,
Tim,RACC,0.000113,
Quick,RACC,0.000159,
Merge,RACC,0.000197,
Quad,RACD,0.000094,
Tim,RACD,0.000141,
Quick,RACD,0.000178,
Merge,RACD,0.000242,
Quad,RACR,0.000123,
Tim,RACR,0.000220,
Quick,RACR,0.000197,
Merge,RACR,0.000250,
Quad,RADA,0.000110,
Tim,RADA,0.000158,
Quick,RADA,0.000197,
Merge,RADA,0.000256,
Quad,RADC,0.000099,
Tim,RADC,0.000148,
Quick,RADC,0.000183,
Merge,RADC,0.000245,
Quad,RADD,0.000109,
Tim,RADD,0.000150,
Quick,RADD,0.000191,
Merge,RADD,0.000280,
Quad,RADR,0.000141,
Tim,RADR,0.000240,
Quick,RADR,0.000213,
Merge,RADR,0.000294,
Quad,RARA,0.000122,
Tim,RARA,0.000220,
Quick,RARA,0.000195,
Merge,RARA,0.000248,
Quad,RARC,0.000124,
Tim,RARC,0.000221,
Quick,RARC,0.000199,
Merge,RARC,0.000250,
Quad,RARD,0.000144,
Tim,RARD,0.000248,
Quick,RARD,0.000218,
Merge,RARD,0.000297,
Quad,RARR,0.000163,
Tim,RARR,0.000308,
Quick,RARR,0.000224,
Merge,RARR,0.000294,
Quad,RCAA,0.000077,
Tim,RCAA,0.000136,
Quick,RCAA,0.000161,
Merge,RCAA,0.000197,
Quad,RCAC,0.000077,
Tim,RCAC,0.000137,
Quick,RCAC,0.000162,
Merge,RCAC,0.000198,
Quad,RCAD,0.000097,
Tim,RCAD,0.000169,
Quick,RCAD,0.000180,
Merge,RCAD,0.000244,
Quad,RCAR,0.000122,
Tim,RCAR,0.000236,
Quick,RCAR,0.000196,
Merge,RCAR,0.000249,
Quad,RCCA,0.000079,
Tim,RCCA,0.000157,
Quick,RCCA,0.000164,
Merge,RCCA,0.000197,
Quad,RCCC,0.000078,
Tim,RCCC,0.000184,
Quick,RCCC,0.000167,
Merge,RCCC,0.000198,
Quad,RCCD,0.000089,
Tim,RCCD,0.000183,
Quick,RCCD,0.000176,
Merge,RCCD,0.000237,
Quad,RCCR,0.000126,
Tim,RCCR,0.000276,
Quick,RCCR,0.000202,
Merge,RCCR,0.000251,
Quad,RCDA,0.000098,
Tim,RCDA,0.000167,
Quick,RCDA,0.000181,
Merge,RCDA,0.000242,
Quad,RCDC,0.000091,
Tim,RCDC,0.000162,
Quick,RCDC,0.000172,
Merge,RCDC,0.000235,
Quad,RCDD,0.000101,
Tim,RCDD,0.000164,
Quick,RCDD,0.000180,
Merge,RCDD,0.000269,
Quad,RCDR,0.000134,
Tim,RCDR,0.000260,
Quick,RCDR,0.000203,
Merge,RCDR,0.000286,
Quad,RCRA,0.000123,
Tim,RCRA,0.000260,
Quick,RCRA,0.000197,
Merge,RCRA,0.000248,
Quad,RCRC,0.000125,
Tim,RCRC,0.000260,
Quick,RCRC,0.000201,
Merge,RCRC,0.000250,
Quad,RCRD,0.000138,
Tim,RCRD,0.000266,
Quick,RCRD,0.000210,
Merge,RCRD,0.000289,
Quad,RCRR,0.000169,
Tim,RCRR,0.000354,
Quick,RCRR,0.000234,
Merge,RCRR,0.000300,
Quad,RDAA,0.000099,
Tim,RDAA,0.000158,
Quick,RDAA,0.000181,
Merge,RDAA,0.000244,
Quad,RDAC,0.000168,
Tim,RDAC,0.000270,
Quick,RDAC,0.000311,
Merge,RDAC,0.000414,
Quad,RDAD,0.000133,
Tim,RDAD,0.000201,
Quick,RDAD,0.000223,
Merge,RDAD,0.000316,
Quad,RDAR,0.000145,
Tim,RDAR,0.000262,
Quick,RDAR,0.000218,
Merge,RDAR,0.000297,
Quad,RDCA,0.000098,
Tim,RDCA,0.000158,
Quick,RDCA,0.000182,
Merge,RDCA,0.000243,
Quad,RDCC,0.000091,
Tim,RDCC,0.000152,
Quick,RDCC,0.000172,
Merge,RDCC,0.000236,
Quad,RDCD,0.000101,
Tim,RDCD,0.000167,
Quick,RDCD,0.000180,
Merge,RDCD,0.000271,
Quad,RDCR,0.000134,
Tim,RDCR,0.000250,
Quick,RDCR,0.000202,
Merge,RDCR,0.000285,
Quad,RDDA,0.000110,
Tim,RDDA,0.000185,
Quick,RDDA,0.000190,
Merge,RDDA,0.000278,
Quad,RDDC,0.000098,
Tim,RDDC,0.000180,
Quick,RDDC,0.000180,
Merge,RDDC,0.000271,
Quad,RDDD,0.000108,
Tim,RDDD,0.000207,
Quick,RDDD,0.000187,
Merge,RDDD,0.000305,
Quad,RDDR,0.000142,
Tim,RDDR,0.000283,
Quick,RDDR,0.000213,
Merge,RDDR,0.000322,
Quad,RDRA,0.000141,
Tim,RDRA,0.000265,
Quick,RDRA,0.000213,
Merge,RDRA,0.000294,
Quad,RDRC,0.000134,
Tim,RDRC,0.000261,
Quick,RDRC,0.000204,
Merge,RDRC,0.000287,
Quad,RDRD,0.000146,
Tim,RDRD,0.000271,
Quick,RDRD,0.000211,
Merge,RDRD,0.000322,
Quad,RDRR,0.000175,
Tim,RDRR,0.000358,
Quick,RDRR,0.000232,
Merge,RDRR,0.000336,
Quad,RRAA,0.000122,
Tim,RRAA,0.000219,
Quick,RRAA,0.000196,
Merge,RRAA,0.000248,
Quad,RRAC,0.000122,
Tim,RRAC,0.000218,
Quick,RRAC,0.000196,
Merge,RRAC,0.000248,
Quad,RRAD,0.000142,
Tim,RRAD,0.000250,
Quick,RRAD,0.000215,
Merge,RRAD,0.000294,
Quad,RRAR,0.000164,
Tim,RRAR,0.000316,
Quick,RRAR,0.000227,
Merge,RRAR,0.000298,
Quad,RRCA,0.000124,
Tim,RRCA,0.000249,
Quick,RRCA,0.000200,
Merge,RRCA,0.000250,
Quad,RRCC,0.000122,
Tim,RRCC,0.000288,
Quick,RRCC,0.000197,
Merge,RRCC,0.000248,
Quad,RRCD,0.000133,
Tim,RRCD,0.000268,
Quick,RRCD,0.000206,
Merge,RRCD,0.000288,
Quad,RRCR,0.000167,
Tim,RRCR,0.000355,
Quick,RRCR,0.000232,
Merge,RRCR,0.000301,
Quad,RRDA,0.000142,
Tim,RRDA,0.000270,
Quick,RRDA,0.000215,
Merge,RRDA,0.000295,
Quad,RRDC,0.000135,
Tim,RRDC,0.000264,
Quick,RRDC,0.000205,
Merge,RRDC,0.000288,
Quad,RRDD,0.000145,
Tim,RRDD,0.000296,
Quick,RRDD,0.000213,
Merge,RRDD,0.000323,
Quad,RRDR,0.000177,
Tim,RRDR,0.000366,
Quick,RRDR,0.000236,
Merge,RRDR,0.000339,
Quad,RRRA,0.000166,
Tim,RRRA,0.000326,
Quick,RRRA,0.000229,
Merge,RRRA,0.000299,
Quad,RRRC,0.000168,
Tim,RRRC,0.000337,
Quick,RRRC,0.000235,
Merge,RRRC,0.000302,
Quad,RRRD,0.000182,
Tim,RRRD,0.000365,
Quick,RRRD,0.000244,
Merge,RRRD,0.000342,
Quad,RRRR,0.000209,
Tim,RRRR,0.000432,
Quick,RRRR,0.000263,
Merge,RRRR,0.000350,
Quad,Total,0.023562,
Tim,Total,0.037076,
Quick,Total,0.045332,
Merge,Total,0.061451,
