Sorts,Sequence,Time,Sample Sequence 1,Sample Sequence 2,Sample Sequence 3,Sample Sequence 4,
Quad,AAAA,0.000031,
Tim,AAAA,0.000025,
Quick,AAAA,0.000268,
Merge,AAAA,0.000325,
Quad,AAAC,0.000031,
Tim,AAAC,0.000025,
Quick,AAAC,0.000267,
Merge,AAAC,0.000325,
Quad,AAAD,0.000106,
Tim,AAAD,0.000067,
Quick,AAAD,0.000300,
Merge,AAAD,0.000405,
Quad,AAAR,0.000140,
Tim,AAAR,0.000242,
Quick,AAAR,0.000342,
Merge,AAAR,0.000432,
Quad,AACA,0.000031,
Tim,AACA,0.000025,
Quick,AACA,0.000268,
Merge,AACA,0.000325,
Quad,AACC,0.000031,
Tim,AACC,0.000025,
Quick,AACC,0.000267,
Merge,AACC,0.000325,
Quad,AACD,0.000102,
Tim,AACD,0.000075,
Quick,AACD,0.000301,
Merge,AACD,0.000405,
Quad,AACR,0.000170,
Tim,AACR,0.000254,
Quick,AACR,0.000350,
Merge,AACR,0.000436,
Quad,AADA,0.000132,
Tim,AADA,0.000103,
Quick,AADA,0.000335,
Merge,AADA,0.000429,
Quad,AADC,0.000111,
Tim,AADC,0.000085,
Quick,AADC,0.000308,
Merge,AADC,0.000408,
Quad,AADD,0.000137,
Tim,AADD,0.000108,
Quick,AADD,0.000334,
Merge,AADD,0.000487,
Quad,AADR,0.000206,
Tim,AADR,0.000301,
Quick,AADR,0.000383,
Merge,AADR,0.000525,
Quad,AARA,0.000162,
Tim,AARA,0.000253,
Quick,AARA,0.000338,
Merge,AARA,0.000427,
Quad,AARC,0.000165,
Tim,AARC,0.000254,
Quick,AARC,0.000344,
Merge,AARC,0.000430,
Quad,AARD,0.000202,
Tim,AARD,0.000294,
Quick,AARD,0.000378,
Merge,AARD,0.000518,
Quad,AARR,0.000254,
Tim,AARR,0.000463,
Quick,AARR,0.000413,
Merge,AARR,0.000536,
Quad,ACAA,0.000031,
Tim,ACAA,0.000025,
Quick,ACAA,0.000268,
Merge,ACAA,0.000325,
Quad,ACAC,0.000031,
Tim,ACAC,0.000025,
Quick,ACAC,0.000268,
Merge,ACAC,0.000325,
Quad,ACAD,0.000107,
Tim,ACAD,0.000076,
Quick,ACAD,0.000300,
Merge,ACAD,0.000405,
Quad,ACAR,0.000138,
Tim,ACAR,0.000239,
Quick,ACAR,0.000339,
Merge,ACAR,0.000429,
Quad,ACCA,0.000031,
Tim,ACCA,0.000025,
Quick,ACCA,0.000268,
Merge,ACCA,0.000325,
Quad,ACCC,0.000031,
Tim,ACCC,0.000025,
Quick,ACCC,0.000268,
Merge,ACCC,0.000325,
Quad,ACCD,0.000102,
Tim,ACCD,0.000085,
Quick,ACCD,0.000301,
Merge,ACCD,0.000406,
Quad,ACCR,0.000167,
Tim,ACCR,0.000254,
Quick,ACCR,0.000345,
Merge,ACCR,0.000432,
Quad,ACDA,0.000133,
Tim,ACDA,0.000113,
Quick,ACDA,0.000335,
Merge,ACDA,0.000430,
Quad,ACDC,0.000107,
Tim,ACDC,0.000095,
Quick,ACDC,0.000303,
Merge,ACDC,0.000406,
Quad,ACDD,0.000124,
Tim,ACDD,0.000097,
Quick,ACDD,0.000318,
Merge,ACDD,0.000475,
Quad,ACDR,0.000197,
Tim,ACDR,0.000302,
Quick,ACDR,0.000371,
Merge,ACDR,0.000515,
Quad,ACRA,0.000167,
Tim,ACRA,0.000288,
Quick,ACRA,0.000345,
Merge,ACRA,0.000435,
Quad,ACRC,0.000171,
Tim,ACRC,0.000287,
Quick,ACRC,0.000352,
Merge,ACRC,0.000439,
Quad,ACRD,0.000196,
Tim,ACRD,0.000318,
Quick,ACRD,0.000377,
Merge,ACRD,0.000522,
Quad,ACRR,0.000259,
Tim,ACRR,0.000487,
Quick,ACRR,0.000419,
Merge,ACRR,0.000541,
Quad,ADAA,0.000127,
Tim,ADAA,0.000107,
Quick,ADAA,0.000327,
Merge,ADAA,0.000425,
Quad,ADAC,0.000132,
Tim,ADAC,0.000117,
Quick,ADAC,0.000334,
Merge,ADAC,0.000429,
Quad,ADAD,0.000196,
Tim,ADAD,0.000177,
Quick,ADAD,0.000382,
Merge,ADAD,0.000522,
Quad,ADAR,0.000245,
Tim,ADAR,0.000335,
Quick,ADAR,0.000412,
Merge,ADAR,0.000546,
Quad,ADCA,0.000132,
Tim,ADCA,0.000128,
Quick,ADCA,0.000335,
Merge,ADCA,0.000429,
Quad,ADCC,0.000107,
Tim,ADCC,0.000128,
Quick,ADCC,0.000303,
Merge,ADCC,0.000406,
Quad,ADCD,0.000140,
Tim,ADCD,0.000138,
Quick,ADCD,0.000319,
Merge,ADCD,0.000474,
Quad,ADCR,0.000215,
Tim,ADCR,0.000318,
Quick,ADCR,0.000372,
Merge,ADCR,0.000513,
Quad,ADDA,0.000147,
Tim,ADDA,0.000121,
Quick,ADDA,0.000336,
Merge,ADDA,0.000487,
Quad,ADDC,0.000134,
Tim,ADDC,0.000112,
Quick,ADDC,0.000319,
Merge,ADDC,0.000474,
Quad,ADDD,0.000151,
Tim,ADDD,0.000117,
Quick,ADDD,0.000334,
Merge,ADDD,0.000543,
Quad,ADDR,0.000224,
Tim,ADDR,0.000322,
Quick,ADDR,0.000386,
Merge,ADDR,0.000586,
Quad,ADRA,0.000237,
Tim,ADRA,0.000317,
Quick,ADRA,0.000398,
Merge,ADRA,0.000532,
Quad,ADRC,0.000215,
Tim,ADRC,0.000301,
Quick,ADRC,0.000374,
Merge,ADRC,0.000513,
Quad,ADRD,0.000237,
Tim,ADRD,0.000320,
Quick,ADRD,0.000390,
Merge,ADRD,0.000583,
Quad,ADRR,0.000297,
Tim,ADRR,0.000510,
Quick,ADRR,0.000432,
Merge,ADRR,0.000612,
Quad,ARAA,0.000163,
Tim,ARAA,0.000281,
Quick,ARAA,0.000342,
Merge,ARAA,0.000434,
Quad,ARAC,0.000162,
Tim,ARAC,0.000263,
Quick,ARAC,0.000339,
Merge,ARAC,0.000427,
Quad,ARAD,0.000215,
Tim,ARAD,0.000312,
Quick,ARAD,0.000374,
Merge,ARAD,0.000515,
Quad,ARAR,0.000268,
Tim,ARAR,0.000481,
Quick,ARAR,0.000409,
Merge,ARAR,0.000533,
Quad,ARCA,0.000167,
Tim,ARCA,0.000264,
Quick,ARCA,0.000347,
Merge,ARCA,0.000430,
Quad,ARCC,0.000168,
Tim,ARCC,0.000264,
Quick,ARCC,0.000349,
Merge,ARCC,0.000431,
Quad,ARCD,0.000212,
Tim,ARCD,0.000318,
Quick,ARCD,0.000377,
Merge,ARCD,0.000516,
Quad,ARCR,0.000272,
Tim,ARCR,0.000473,
Quick,ARCR,0.000415,
Merge,ARCR,0.000533,
Quad,ARDA,0.000244,
Tim,ARDA,0.000329,
Quick,ARDA,0.000412,
Merge,ARDA,0.000545,
Quad,ARDC,0.000224,
Tim,ARDC,0.000313,
Quick,ARDC,0.000387,
Merge,ARDC,0.000525,
Quad,ARDD,0.000240,
Tim,ARDD,0.000315,
Quick,ARDD,0.000401,
Merge,ARDD,0.000594,
Quad,ARDR,0.000310,
Tim,ARDR,0.000518,
Quick,ARDR,0.000451,
Merge,ARDR,0.000629,
Quad,ARRA,0.000273,
Tim,ARRA,0.000485,
Quick,ARRA,0.000417,
Merge,ARRA,0.000540,
Quad,ARRC,0.000268,
Tim,ARRC,0.000463,
Quick,ARRC,0.000412,
Merge,ARRC,0.000532,
Quad,ARRD,0.000306,
Tim,ARRD,0.000507,
Quick,ARRD,0.000446,
Merge,ARRD,0.000620,
Quad,ARRR,0.000354,
Tim,ARRR,0.000655,
Quick,ARRR,0.000475,
Merge,ARRR,0.000630,
Quad,CAAA,0.000031,
Tim,CAAA,0.000025,
Quick,CAAA,0.000268,
Merge,CAAA,0.000325,
Quad,CAAC,0.000031,
Tim,CAAC,0.000025,
Quick,CAAC,0.000268,
Merge,CAAC,0.000325,
Quad,CAAD,0.000106,
Tim,CAAD,0.000067,
Quick,CAAD,0.000300,
Merge,CAAD,0.000406,
Quad,CAAR,0.000132,
Tim,CAAR,0.000224,
Quick,CAAR,0.000330,
Merge,CAAR,0.000423,
Quad,CACA,0.000031,
Tim,CACA,0.000026,
Quick,CACA,0.000268,
Merge,CACA,0.000325,
Quad,CACC,0.000031,
Tim,CACC,0.000025,
Quick,CACC,0.000268,
Merge,CACC,0.000325,
Quad,CACD,0.000102,
Tim,CACD,0.000085,
Quick,CACD,0.000302,
Merge,CACD,0.000405,
Quad,CACR,0.000165,
Tim,CACR,0.000246,
Quick,CACR,0.000342,
Merge,CACR,0.000431,
Quad,CADA,0.000132,
Tim,CADA,0.000112,
Quick,CADA,0.000336,
Merge,CADA,0.000430,
Quad,CADC,0.000112,
Tim,CADC,0.000093,
Quick,CADC,0.000309,
Merge,CADC,0.000409,
Quad,CADD,0.000128,
Tim,CADD,0.000097,
Quick,CADD,0.000324,
Merge,CADD,0.000478,
Quad,CADR,0.000201,
Tim,CADR,0.000303,
Quick,CADR,0.000378,
Merge,CADR,0.000519,
Quad,CARA,0.000164,
Tim,CARA,0.000255,
Quick,CARA,0.000340,
Merge,CARA,0.000430,
Quad,CARC,0.000168,
Tim,CARC,0.000256,
Quick,CARC,0.000348,
Merge,CARC,0.000433,
Quad,CARD,0.000204,
Tim,CARD,0.000301,
Quick,CARD,0.000382,
Merge,CARD,0.000521,
Quad,CARR,0.000261,
Tim,CARR,0.000467,
Quick,CARR,0.000424,
Merge,CARR,0.000539,
Quad,CCAA,0.000031,
Tim,CCAA,0.000025,
Quick,CCAA,0.000268,
Merge,CCAA,0.000325,
Quad,CCAC,0.000031,
Tim,CCAC,0.000025,
Quick,CCAC,0.000268,
Merge,CCAC,0.000325,
Quad,CCAD,0.000083,
Tim,CCAD,0.000067,
Quick,CCAD,0.000301,
Merge,CCAD,0.000405,
Quad,CCAR,0.000140,
Tim,CCAR,0.000240,
Quick,CCAR,0.000343,
Merge,CCAR,0.000431,
Quad,CCCA,0.000031,
Tim,CCCA,0.000025,
Quick,CCCA,0.000268,
Merge,CCCA,0.000325,
Quad,CCCC,0.000031,
Tim,CCCC,0.000025,
Quick,CCCC,0.000267,
Merge,CCCC,0.000324,
Quad,CCCD,0.000093,
Tim,CCCD,0.000075,
Quick,CCCD,0.000291,
Merge,CCCD,0.000397,
Quad,CCCR,0.000158,
Tim,CCCR,0.000251,
Quick,CCCR,0.000331,
Merge,CCCR,0.000423,
Quad,CCDA,0.000097,
Tim,CCDA,0.000090,
Quick,CCDA,0.000303,
Merge,CCDA,0.000406,
Quad,CCDC,0.000084,
Tim,CCDC,0.000082,
Quick,CCDC,0.000287,
Merge,CCDC,0.000394,
Quad,CCDD,0.000100,
Tim,CCDD,0.000086,
Quick,CCDD,0.000302,
Merge,CCDD,0.000463,
Quad,CCDR,0.000173,
Tim,CCDR,0.000285,
Quick,CCDR,0.000355,
Merge,CCDR,0.000503,
Quad,CCRA,0.000158,
Tim,CCRA,0.000265,
Quick,CCRA,0.000332,
Merge,CCRA,0.000423,
Quad,CCRC,0.000160,
Tim,CCRC,0.000265,
Quick,CCRC,0.000336,
Merge,CCRC,0.000425,
Quad,CCRD,0.000188,
Tim,CCRD,0.000280,
Quick,CCRD,0.000359,
Merge,CCRD,0.000503,
Quad,CCRR,0.000252,
Tim,CCRR,0.000480,
Quick,CCRR,0.000411,
Merge,CCRR,0.000533,
Quad,CDAA,0.000102,
Tim,CDAA,0.000089,
Quick,CDAA,0.000301,
Merge,CDAA,0.000406,
Quad,CDAC,0.000103,
Tim,CDAC,0.000117,
Quick,CDAC,0.000303,
Merge,CDAC,0.000406,
Quad,CDAD,0.000161,
Tim,CDAD,0.000153,
Quick,CDAD,0.000345,
Merge,CDAD,0.000496,
Quad,CDAR,0.000211,
Tim,CDAR,0.000310,
Quick,CDAR,0.000374,
Merge,CDAR,0.000517,
Quad,CDCA,0.000102,
Tim,CDCA,0.000117,
Quick,CDCA,0.000302,
Merge,CDCA,0.000406,
Quad,CDCC,0.000089,
Tim,CDCC,0.000117,
Quick,CDCC,0.000286,
Merge,CDCC,0.000394,
Quad,CDCD,0.000123,
Tim,CDCD,0.000127,
Quick,CDCD,0.000303,
Merge,CDCD,0.000463,
Quad,CDCR,0.000200,
Tim,CDCR,0.000318,
Quick,CDCR,0.000361,
Merge,CDCR,0.000506,
Quad,CDDA,0.000140,
Tim,CDDA,0.000110,
Quick,CDDA,0.000319,
Merge,CDDA,0.000475,
Quad,CDDC,0.000117,
Tim,CDDC,0.000101,
Quick,CDDC,0.000303,
Merge,CDDC,0.000463,
Quad,CDDD,0.000133,
Tim,CDDD,0.000106,
Quick,CDDD,0.000318,
Merge,CDDD,0.000531,
Quad,CDDR,0.000207,
Tim,CDDR,0.000309,
Quick,CDDR,0.000370,
Merge,CDDR,0.000570,
Quad,CDRA,0.000209,
Tim,CDRA,0.000325,
Quick,CDRA,0.000372,
Merge,CDRA,0.000518,
Quad,CDRC,0.000196,
Tim,CDRC,0.000314,
Quick,CDRC,0.000356,
Merge,CDRC,0.000506,
Quad,CDRD,0.000217,
Tim,CDRD,0.000328,
Quick,CDRD,0.000373,
Merge,CDRD,0.000578,
Quad,CDRR,0.000287,
Tim,CDRR,0.000524,
Quick,CDRR,0.000427,
Merge,CDRR,0.000610,
Quad,CRAA,0.000166,
Tim,CRAA,0.000273,
Quick,CRAA,0.000344,
Merge,CRAA,0.000433,
Quad,CRAC,0.000166,
Tim,CRAC,0.000273,
Quick,CRAC,0.000345,
Merge,CRAC,0.000433,
Quad,CRAD,0.000218,
Tim,CRAD,0.000315,
Quick,CRAD,0.000378,
Merge,CRAD,0.000519,
Quad,CRAR,0.000271,
Tim,CRAR,0.000489,
Quick,CRAR,0.000416,
Merge,CRAR,0.000538,
Quad,CRCA,0.000169,
Tim,CRCA,0.000272,
Quick,CRCA,0.000351,
Merge,CRCA,0.000434,
Quad,CRCC,0.000171,
Tim,CRCC,0.000259,
Quick,CRCC,0.000352,
Merge,CRCC,0.000432,
Quad,CRCD,0.000207,
Tim,CRCD,0.000307,
Quick,CRCD,0.000370,
Merge,CRCD,0.000508,
Quad,CRCR,0.000270,
Tim,CRCR,0.000472,
Quick,CRCR,0.000410,
Merge,CRCR,0.000531,
Quad,CRDA,0.000225,
Tim,CRDA,0.000307,
Quick,CRDA,0.000388,
Merge,CRDA,0.000521,
Quad,CRDC,0.000212,
Tim,CRDC,0.000298,
Quick,CRDC,0.000370,
Merge,CRDC,0.000508,
Quad,CRDD,0.000228,
Tim,CRDD,0.000302,
Quick,CRDD,0.000385,
Merge,CRDD,0.000577,
Quad,CRDR,0.000298,
Tim,CRDR,0.000505,
Quick,CRDR,0.000436,
Merge,CRDR,0.000613,
Quad,CRRA,0.000265,
Tim,CRRA,0.000478,
Quick,CRRA,0.000403,
Merge,CRRA,0.000525,
Quad,CRRC,0.000272,
Tim,CRRC,0.000479,
Quick,CRRC,0.000415,
Merge,CRRC,0.000531,
Quad,CRRD,0.000295,
Tim,CRRD,0.000511,
Quick,CRRD,0.000430,
Merge,CRRD,0.000605,
Quad,CRRR,0.000351,
Tim,CRRR,0.000674,
Quick,CRRR,0.000467,
Merge,CRRR,0.000625,
Quad,DAAA,0.000106,
Tim,DAAA,0.000059,
Quick,DAAA,0.000301,
Merge,DAAA,0.000406,
Quad,DAAC,0.000082,
Tim,DAAC,0.000060,
Quick,DAAC,0.000301,
Merge,DAAC,0.000406,
Quad,DAAD,0.000133,
Tim,DAAD,0.000100,
Quick,DAAD,0.000333,
Merge,DAAD,0.000486,
Quad,DAAR,0.000193,
Tim,DAAR,0.000277,
Quick,DAAR,0.000378,
Merge,DAAR,0.000520,
Quad,DACA,0.000130,
Tim,DACA,0.000095,
Quick,DACA,0.000477,
Merge,DACA,0.000642,
Quad,DACC,0.000085,
Tim,DACC,0.000062,
Quick,DACC,0.000311,
Merge,DACC,0.000419,
Quad,DACD,0.000161,
Tim,DACD,0.000127,
Quick,DACD,0.000344,
Merge,DACD,0.000495,
Quad,DACR,0.000222,
Tim,DACR,0.000284,
Quick,DACR,0.000382,
Merge,DACR,0.000522,
Quad,DADA,0.000196,
Tim,DADA,0.000168,
Quick,DADA,0.000382,
Merge,DADA,0.000523,
Quad,DADC,0.000171,
Tim,DADC,0.000147,
Quick,DADC,0.000351,
Merge,DADC,0.000499,
Quad,DADD,0.000187,
Tim,DADD,0.000174,
Quick,DADD,0.000366,
Merge,DADD,0.000567,
Quad,DADR,0.000263,
Tim,DADR,0.000355,
Quick,DADR,0.000421,
Merge,DADR,0.000609,
Quad,DARA,0.000221,
Tim,DARA,0.000307,
Quick,DARA,0.000381,
Merge,DARA,0.000522,
Quad,DARC,0.000226,
Tim,DARC,0.000307,
Quick,DARC,0.000390,
Merge,DARC,0.000525,
Quad,DARD,0.000263,
Tim,DARD,0.000355,
Quick,DARD,0.000423,
Merge,DARD,0.000613,
Quad,DARR,0.000315,
Tim,DARR,0.000504,
Quick,DARR,0.000458,
Merge,DARR,0.000627,
Quad,DCAA,0.000106,
Tim,DCAA,0.000070,
Quick,DCAA,0.000302,
Merge,DCAA,0.000406,
Quad,DCAC,0.000112,
Tim,DCAC,0.000080,
Quick,DCAC,0.000309,
Merge,DCAC,0.000409,
Quad,DCAD,0.000171,
Tim,DCAD,0.000138,
Quick,DCAD,0.000351,
Merge,DCAD,0.000499,
Quad,DCAR,0.000221,
Tim,DCAR,0.000281,
Quick,DCAR,0.000380,
Merge,DCAR,0.000520,
Quad,DCCA,0.000112,
Tim,DCCA,0.000080,
Quick,DCCA,0.000309,
Merge,DCCA,0.000409,
Quad,DCCC,0.000099,
Tim,DCCC,0.000071,
Quick,DCCC,0.000293,
Merge,DCCC,0.000397,
Quad,DCCD,0.000132,
Tim,DCCD,0.000110,
Quick,DCCD,0.000309,
Merge,DCCD,0.000466,
Quad,DCCR,0.000204,
Tim,DCCR,0.000289,
Quick,DCCR,0.000359,
Merge,DCCR,0.000503,
Quad,DCDA,0.000150,
Tim,DCDA,0.000127,
Quick,DCDA,0.000326,
Merge,DCDA,0.000479,
Quad,DCDC,0.000122,
Tim,DCDC,0.000118,
Quick,DCDC,0.000303,
Merge,DCDC,0.000463,
Quad,DCDD,0.000138,
Tim,DCDD,0.000144,
Quick,DCDD,0.000318,
Merge,DCDD,0.000531,
Quad,DCDR,0.000212,
Tim,DCDR,0.000326,
Quick,DCDR,0.000371,
Merge,DCDR,0.000572,
Quad,DCRA,0.000221,
Tim,DCRA,0.000314,
Quick,DCRA,0.000380,
Merge,DCRA,0.000519,
Quad,DCRC,0.000208,
Tim,DCRC,0.000303,
Quick,DCRC,0.000366,
Merge,DCRC,0.000508,
Quad,DCRD,0.000230,
Tim,DCRD,0.000319,
Quick,DCRD,0.000381,
Merge,DCRD,0.000578,
Quad,DCRR,0.000293,
Tim,DCRR,0.000495,
Quick,DCRR,0.000430,
Merge,DCRR,0.000609,
Quad,DDAA,0.000137,
Tim,DDAA,0.000089,
Quick,DDAA,0.000334,
Merge,DDAA,0.000485,
Quad,DDAC,0.000124,
Tim,DDAC,0.000081,
Quick,DDAC,0.000318,
Merge,DDAC,0.000475,
Quad,DDAD,0.000183,
Tim,DDAD,0.000130,
Quick,DDAD,0.000360,
Merge,DDAD,0.000564,
Quad,DDAR,0.000231,
Tim,DDAR,0.000297,
Quick,DDAR,0.000390,
Merge,DDAR,0.000586,
Quad,DDCA,0.000124,
Tim,DDCA,0.000081,
Quick,DDCA,0.000318,
Merge,DDCA,0.000474,
Quad,DDCC,0.000110,
Tim,DDCC,0.000073,
Quick,DDCC,0.000302,
Merge,DDCC,0.000462,
Quad,DDCD,0.000144,
Tim,DDCD,0.000101,
Quick,DDCD,0.000318,
Merge,DDCD,0.000531,
Quad,DDCR,0.000213,
Tim,DDCR,0.000274,
Quick,DDCR,0.000365,
Merge,DDCR,0.000566,
Quad,DDDA,0.000161,
Tim,DDDA,0.000086,
Quick,DDDA,0.000334,
Merge,DDDA,0.000543,
Quad,DDDC,0.000208,
Tim,DDDC,0.000116,
Quick,DDDC,0.000478,
Merge,DDDC,0.000797,
Quad,DDDD,0.000155,
Tim,DDDD,0.000081,
Quick,DDDD,0.000334,
Merge,DDDD,0.000601,
Quad,DDDR,0.000228,
Tim,DDDR,0.000281,
Quick,DDDR,0.000386,
Merge,DDDR,0.000642,
Quad,DDRA,0.000227,
Tim,DDRA,0.000285,
Quick,DDRA,0.000382,
Merge,DDRA,0.000579,
Quad,DDRC,0.000221,
Tim,DDRC,0.000302,
Quick,DDRC,0.000377,
Merge,DDRC,0.000576,
Quad,DDRD,0.000242,
Tim,DDRD,0.000314,
Quick,DDRD,0.000391,
Merge,DDRD,0.000645,
Quad,DDRR,0.000308,
Tim,DDRR,0.000511,
Quick,DDRR,0.000442,
Merge,DDRR,0.000678,
Quad,DRAA,0.000194,
Tim,DRAA,0.000294,
Quick,DRAA,0.000374,
Merge,DRAA,0.000519,
Quad,DRAC,0.000194,
Tim,DRAC,0.000294,
Quick,DRAC,0.000374,
Merge,DRAC,0.000519,
Quad,DRAD,0.000259,
Tim,DRAD,0.000358,
Quick,DRAD,0.000422,
Merge,DRAD,0.000612,
Quad,DRAR,0.000306,
Tim,DRAR,0.000509,
Quick,DRAR,0.000445,
Merge,DRAR,0.000620,
Quad,DRCA,0.000202,
Tim,DRCA,0.000308,
Quick,DRCA,0.000379,
Merge,DRCA,0.000520,
Quad,DRCC,0.000186,
Tim,DRCC,0.000320,
Quick,DRCC,0.000359,
Merge,DRCC,0.000506,
Quad,DRCD,0.000220,
Tim,DRCD,0.000333,
Quick,DRCD,0.000375,
Merge,DRCD,0.000576,
Quad,DRCR,0.000292,
Tim,DRCR,0.000517,
Quick,DRCR,0.000432,
Merge,DRCR,0.000610,
Quad,DRDA,0.000243,
Tim,DRDA,0.000327,
Quick,DRDA,0.000398,
Merge,DRDA,0.000594,
Quad,DRDC,0.000226,
Tim,DRDC,0.000317,
Quick,DRDC,0.000376,
Merge,DRDC,0.000575,
Quad,DRDD,0.000242,
Tim,DRDD,0.000346,
Quick,DRDD,0.000390,
Merge,DRDD,0.000643,
Quad,DRDR,0.000310,
Tim,DRDR,0.000522,
Quick,DRDR,0.000439,
Merge,DRDR,0.000677,
Quad,DRRA,0.000308,
Tim,DRRA,0.000527,
Quick,DRRA,0.000446,
Merge,DRRA,0.000622,
Quad,DRRC,0.000294,
Tim,DRRC,0.000519,
Quick,DRRC,0.000430,
Merge,DRRC,0.000608,
Quad,DRRD,0.000315,
Tim,DRRD,0.000528,
Quick,DRRD,0.000444,
Merge,DRRD,0.000679,
Quad,DRRR,0.000380,
Tim,DRRR,0.000716,
Quick,DRRR,0.000496,
Merge,DRRR,0.000711,
Quad,RAAA,0.000136,
Tim,RAAA,0.000221,
Quick,RAAA,0.000337,
Merge,RAAA,0.000423,
Quad,RAAC,0.000135,
Tim,RAAC,0.000221,
Quick,RAAC,0.000337,
Merge,RAAC,0.000423,
Quad,RAAD,0.000189,
Tim,RAAD,0.000265,
Quick,RAAD,0.000371,
Merge,RAAD,0.000511,
Quad,RAAR,0.000238,
Tim,RAAR,0.000423,
Quick,RAAR,0.000403,
Merge,RAAR,0.000525,
Quad,RACA,0.000135,
Tim,RACA,0.000221,
Quick,RACA,0.000337,
Merge,RACA,0.000424,
Quad,RACC,0.000136,
Tim,RACC,0.000230,
Quick,RACC,0.000336,
Merge,RACC,0.000428,
Quad,RACD,0.000209,
Tim,RACD,0.000293,
Quick,RACD,0.000371,
Merge,RACD,0.000516,
Quad,RACR,0.000263,
Tim,RACR,0.000447,
Quick,RACR,0.000401,
Merge,RACR,0.000531,
Quad,RADA,0.000240,
Tim,RADA,0.000320,
Quick,RADA,0.000404,
Merge,RADA,0.000539,
Quad,RADC,0.000219,
Tim,RADC,0.000300,
Quick,RADC,0.000378,
Merge,RADC,0.000520,
Quad,RADD,0.000235,
Tim,RADD,0.000305,
Quick,RADD,0.000393,
Merge,RADD,0.000589,
Quad,RADR,0.000304,
Tim,RADR,0.000492,
Quick,RADR,0.000440,
Merge,RADR,0.000617,
Quad,RARA,0.000267,
Tim,RARA,0.000451,
Quick,RARA,0.000407,
Merge,RARA,0.000530,
Quad,RARC,0.000274,
Tim,RARC,0.000451,
Quick,RARC,0.000417,
Merge,RARC,0.000534,
Quad,RARD,0.000306,
Tim,RARD,0.000497,
Quick,RARD,0.000445,
Merge,RARD,0.000619,
Quad,RARR,0.000358,
Tim,RARR,0.000651,
Quick,RARR,0.000480,
Merge,RARR,0.000633,
Quad,RCAA,0.000164,
Tim,RCAA,0.000257,
Quick,RCAA,0.000341,
Merge,RCAA,0.000427,
Quad,RCAC,0.000162,
Tim,RCAC,0.000297,
Quick,RCAC,0.000340,
Merge,RCAC,0.000431,
Quad,RCAD,0.000216,
Tim,RCAD,0.000361,
Quick,RCAD,0.000375,
Merge,RCAD,0.000518,
Quad,RCAR,0.000263,
Tim,RCAR,0.000493,
Quick,RCAR,0.000402,
Merge,RCAR,0.000530,
Quad,RCCA,0.000167,
Tim,RCCA,0.000357,
Quick,RCCA,0.000347,
Merge,RCCA,0.000435,
Quad,RCCC,0.000168,
Tim,RCCC,0.000430,
Quick,RCCC,0.000351,
Merge,RCCC,0.000438,
Quad,RCCD,0.000202,
Tim,RCCD,0.000407,
Quick,RCCD,0.000365,
Merge,RCCD,0.000510,
Quad,RCCR,0.000277,
Tim,RCCR,0.000551,
Quick,RCCR,0.000425,
Merge,RCCR,0.000541,
Quad,RCDA,0.000228,
Tim,RCDA,0.000332,
Quick,RCDA,0.000393,
Merge,RCDA,0.000524,
Quad,RCDC,0.000210,
Tim,RCDC,0.000322,
Quick,RCDC,0.000369,
Merge,RCDC,0.000509,
Quad,RCDD,0.000226,
Tim,RCDD,0.000326,
Quick,RCDD,0.000384,
Merge,RCDD,0.000578,
Quad,RCDR,0.000292,
Tim,RCDR,0.000514,
Quick,RCDR,0.000427,
Merge,RCDR,0.000607,
Quad,RCRA,0.000272,
Tim,RCRA,0.000533,
Quick,RCRA,0.000415,
Merge,RCRA,0.000537,
Quad,RCRC,0.000276,
Tim,RCRC,0.000508,
Quick,RCRC,0.000422,
Merge,RCRC,0.000537,
Quad,RCRD,0.000299,
Tim,RCRD,0.000520,
Quick,RCRD,0.000438,
Merge,RCRD,0.000612,
Quad,RCRR,0.000364,
Tim,RCRR,0.000710,
Quick,RCRR,0.000490,
Merge,RCRR,0.000641,
Quad,RDAA,0.000201,
Tim,RDAA,0.000333,
Quick,RDAA,0.000378,
Merge,RDAA,0.000516,
Quad,RDAC,0.000206,
Tim,RDAC,0.000333,
Quick,RDAC,0.000386,
Merge,RDAC,0.000520,
Quad,RDAD,0.000257,
Tim,RDAD,0.000389,
Quick,RDAD,0.000415,
Merge,RDAD,0.000607,
Quad,RDAR,0.000307,
Tim,RDAR,0.000552,
Quick,RDAR,0.000446,
Merge,RDAR,0.000624,
Quad,RDCA,0.000198,
Tim,RDCA,0.000339,
Quick,RDCA,0.000372,
Merge,RDCA,0.000515,
Quad,RDCC,0.000183,
Tim,RDCC,0.000329,
Quick,RDCC,0.000354,
Merge,RDCC,0.000501,
Quad,RDCD,0.000217,
Tim,RDCD,0.000357,
Quick,RDCD,0.000370,
Merge,RDCD,0.000572,
Quad,RDCR,0.000286,
Tim,RDCR,0.000545,
Quick,RDCR,0.000421,
Merge,RDCR,0.000604,
Quad,RDDA,0.000228,
Tim,RDDA,0.000400,
Quick,RDDA,0.000393,
Merge,RDDA,0.000586,
Quad,RDDC,0.000215,
Tim,RDDC,0.000391,
Quick,RDDC,0.000377,
Merge,RDDC,0.000574,
Quad,RDDD,0.000231,
Tim,RDDD,0.000455,
Quick,RDDD,0.000391,
Merge,RDDD,0.000642,
Quad,RDDR,0.000298,
Tim,RDDR,0.000594,
Quick,RDDR,0.000437,
Merge,RDDR,0.000672,
Quad,RDRA,0.000307,
Tim,RDRA,0.000557,
Quick,RDRA,0.000447,
Merge,RDRA,0.000621,
Quad,RDRC,0.000291,
Tim,RDRC,0.000549,
Quick,RDRC,0.000429,
Merge,RDRC,0.000607,
Quad,RDRD,0.000317,
Tim,RDRD,0.000565,
Quick,RDRD,0.000449,
Merge,RDRD,0.000682,
Quad,RDRR,0.000380,
Tim,RDRR,0.000764,
Quick,RDRR,0.000498,
Merge,RDRR,0.000714,
Quad,RRAA,0.000245,
Tim,RRAA,0.000428,
Quick,RRAA,0.000402,
Merge,RRAA,0.000526,
Quad,RRAC,0.000245,
Tim,RRAC,0.000428,
Quick,RRAC,0.000402,
Merge,RRAC,0.000526,
Quad,RRAD,0.000299,
Tim,RRAD,0.000473,
Quick,RRAD,0.000436,
Merge,RRAD,0.000614,
Quad,RRAR,0.000352,
Tim,RRAR,0.000652,
Quick,RRAR,0.000474,
Merge,RRAR,0.000633,
Quad,RRCA,0.000254,
Tim,RRCA,0.000481,
Quick,RRCA,0.000415,
Merge,RRCA,0.000535,
Quad,RRCC,0.000254,
Tim,RRCC,0.000518,
Quick,RRCC,0.000416,
Merge,RRCC,0.000535,
Quad,RRCD,0.000290,
Tim,RRCD,0.000531,
Quick,RRCD,0.000433,
Merge,RRCD,0.000610,
Quad,RRCR,0.000360,
Tim,RRCR,0.000717,
Quick,RRCR,0.000487,
Merge,RRCR,0.000641,
Quad,RRDA,0.000312,
Tim,RRDA,0.000570,
Quick,RRDA,0.000456,
Merge,RRDA,0.000625,
Quad,RRDC,0.000299,
Tim,RRDC,0.000560,
Quick,RRDC,0.000438,
Merge,RRDC,0.000612,
Quad,RRDD,0.000315,
Tim,RRDD,0.000634,
Quick,RRDD,0.000452,
Merge,RRDD,0.000681,
Quad,RRDR,0.000383,
Tim,RRDR,0.000759,
Quick,RRDR,0.000501,
Merge,RRDR,0.000711,
Quad,RRRA,0.000359,
Tim,RRRA,0.000681,
Quick,RRRA,0.000482,
Merge,RRRA,0.000636,
Quad,RRRC,0.000363,
Tim,RRRC,0.000681,
Quick,RRRC,0.000489,
Merge,RRRC,0.000639,
Quad,RRRD,0.000391,
Tim,RRRD,0.000765,
Quick,RRRD,0.000511,
Merge,RRRD,0.000718,
Quad,RRRR,0.000548,
Tim,RRRR,0.001093,
Quick,RRRR,0.000670,
Merge,RRRR,0.000899,
Quad,Total,0.050658,
Tim,Total,0.076625,
Quick,Total,0.094812,
Merge,Total,0.130967,
