Sorts,Sequence,Time,Sample Sequence 1,Sample Sequence 2,Sample Sequence 3,Sample Sequence 4,
Quad,AAAA,0.000062,
Tim,AAAA,0.000051,
Quick,AAAA,0.000564,
Merge,AAAA,0.000716,
Quad,AAAC,0.000062,
Tim,AAAC,0.000051,
Quick,AAAC,0.000564,
Merge,AAAC,0.000716,
Quad,AAAD,0.000208,
Tim,AAAD,0.000134,
Quick,AAAD,0.000630,
Merge,AAAD,0.000877,
Quad,AAAR,0.000330,
Tim,AAAR,0.000489,
Quick,AAAR,0.000711,
Merge,AAAR,0.000926,
Quad,AACA,0.000062,
Tim,AACA,0.000051,
Quick,AACA,0.000564,
Merge,AACA,0.000716,
Quad,AACC,0.000062,
Tim,AACC,0.000051,
Quick,AACC,0.000565,
Merge,AACC,0.000718,
Quad,AACD,0.000201,
Tim,AACD,0.000153,
Quick,AACD,0.000633,
Merge,AACD,0.000878,
Quad,AACR,0.000341,
Tim,AACR,0.000513,
Quick,AACR,0.000731,
Merge,AACR,0.000938,
Quad,AADA,0.000260,
Tim,AADA,0.000206,
Quick,AADA,0.000698,
Merge,AADA,0.000923,
Quad,AADC,0.000219,
Tim,AADC,0.000173,
Quick,AADC,0.000648,
Merge,AADC,0.000885,
Quad,AADD,0.000280,
Tim,AADD,0.000217,
Quick,AADD,0.000698,
Merge,AADD,0.001041,
Quad,AADR,0.000418,
Tim,AADR,0.000614,
Quick,AADR,0.000799,
Merge,AADR,0.001109,
Quad,AARA,0.000322,
Tim,AARA,0.000532,
Quick,AARA,0.000698,
Merge,AARA,0.000921,
Quad,AARC,0.000326,
Tim,AARC,0.000531,
Quick,AARC,0.000707,
Merge,AARC,0.000925,
Quad,AARD,0.000416,
Tim,AARD,0.000614,
Quick,AARD,0.000789,
Merge,AARD,0.001102,
Quad,AARR,0.000533,
Tim,AARR,0.000957,
Quick,AARR,0.000864,
Merge,AARR,0.001144,
Quad,ACAA,0.000062,
Tim,ACAA,0.000051,
Quick,ACAA,0.000563,
Merge,ACAA,0.000717,
Quad,ACAC,0.000062,
Tim,ACAC,0.000051,
Quick,ACAC,0.000564,
Merge,ACAC,0.000716,
Quad,ACAD,0.000209,
Tim,ACAD,0.000153,
Quick,ACAD,0.000630,
Merge,ACAD,0.000877,
Quad,ACAR,0.000329,
Tim,ACAR,0.000506,
Quick,ACAR,0.000712,
Merge,ACAR,0.000931,
Quad,ACCA,0.000062,
Tim,ACCA,0.000051,
Quick,ACCA,0.000564,
Merge,ACCA,0.000716,
Quad,ACCC,0.000062,
Tim,ACCC,0.000051,
Quick,ACCC,0.000564,
Merge,ACCC,0.000716,
Quad,ACCD,0.000200,
Tim,ACCD,0.000171,
Quick,ACCD,0.000632,
Merge,ACCD,0.000877,
Quad,ACCR,0.000338,
Tim,ACCR,0.000534,
Quick,ACCR,0.000726,
Merge,ACCR,0.000935,
Quad,ACDA,0.000260,
Tim,ACDA,0.000224,
Quick,ACDA,0.000697,
Merge,ACDA,0.000924,
Quad,ACDC,0.000210,
Tim,ACDC,0.000192,
Quick,ACDC,0.000635,
Merge,ACDC,0.000881,
Quad,ACDD,0.000254,
Tim,ACDD,0.000195,
Quick,ACDD,0.000666,
Merge,ACDD,0.001016,
Quad,ACDR,0.000402,
Tim,ACDR,0.000604,
Quick,ACDR,0.000764,
Merge,ACDR,0.001085,
Quad,ACRA,0.000334,
Tim,ACRA,0.000585,
Quick,ACRA,0.000719,
Merge,ACRA,0.000936,
Quad,ACRC,0.000341,
Tim,ACRC,0.000585,
Quick,ACRC,0.000735,
Merge,ACRC,0.000942,
Quad,ACRD,0.000413,
Tim,ACRD,0.000642,
Quick,ACRD,0.000784,
Merge,ACRD,0.001101,
Quad,ACRR,0.000532,
Tim,ACRR,0.001002,
Quick,ACRR,0.000868,
Merge,ACRR,0.001148,
Quad,ADAA,0.000251,
Tim,ADAA,0.000214,
Quick,ADAA,0.000682,
Merge,ADAA,0.000916,
Quad,ADAC,0.000260,
Tim,ADAC,0.000255,
Quick,ADAC,0.000696,
Merge,ADAC,0.000923,
Quad,ADAD,0.000366,
Tim,ADAD,0.000355,
Quick,ADAD,0.000792,
Merge,ADAD,0.001109,
Quad,ADAR,0.000466,
Tim,ADAR,0.000659,
Quick,ADAR,0.000850,
Merge,ADAR,0.001144,
Quad,ADCA,0.000261,
Tim,ADCA,0.000256,
Quick,ADCA,0.000697,
Merge,ADCA,0.000924,
Quad,ADCC,0.000211,
Tim,ADCC,0.000256,
Quick,ADCC,0.000634,
Merge,ADCC,0.000879,
Quad,ADCD,0.000259,
Tim,ADCD,0.000277,
Quick,ADCD,0.000672,
Merge,ADCD,0.001022,
Quad,ADCR,0.000416,
Tim,ADCR,0.000684,
Quick,ADCR,0.000787,
Merge,ADCR,0.001100,
Quad,ADDA,0.000292,
Tim,ADDA,0.000242,
Quick,ADDA,0.000701,
Merge,ADDA,0.001041,
Quad,ADDC,0.000265,
Tim,ADDC,0.000224,
Quick,ADDC,0.000668,
Merge,ADDC,0.001017,
Quad,ADDD,0.000311,
Tim,ADDD,0.000234,
Quick,ADDD,0.000699,
Merge,ADDD,0.001154,
Quad,ADDR,0.000461,
Tim,ADDR,0.000655,
Quick,ADDR,0.000804,
Merge,ADDR,0.001231,
Quad,ADRA,0.000451,
Tim,ADRA,0.000658,
Quick,ADRA,0.000827,
Merge,ADRA,0.001127,
Quad,ADRC,0.000413,
Tim,ADRC,0.000650,
Quick,ADRC,0.000783,
Merge,ADRC,0.001097,
Quad,ADRD,0.000468,
Tim,ADRD,0.000684,
Quick,ADRD,0.000814,
Merge,ADRD,0.001237,
Quad,ADRR,0.000604,
Tim,ADRR,0.001091,
Quick,ADRR,0.000914,
Merge,ADRR,0.001297,
Quad,ARAA,0.000334,
Tim,ARAA,0.000541,
Quick,ARAA,0.000716,
Merge,ARAA,0.000928,
Quad,ARAC,0.000334,
Tim,ARAC,0.000541,
Quick,ARAC,0.000716,
Merge,ARAC,0.000927,
Quad,ARAD,0.000415,
Tim,ARAD,0.000628,
Quick,ARAD,0.000783,
Merge,ARAD,0.001096,
Quad,ARAR,0.000530,
Tim,ARAR,0.000986,
Quick,ARAR,0.000859,
Merge,ARAR,0.001139,
Quad,ARCA,0.000344,
Tim,ARCA,0.000558,
Quick,ARCA,0.000733,
Merge,ARCA,0.000937,
Quad,ARCC,0.000344,
Tim,ARCC,0.000557,
Quick,ARCC,0.000735,
Merge,ARCC,0.000937,
Quad,ARCD,0.000408,
Tim,ARCD,0.000662,
Quick,ARCD,0.000789,
Merge,ARCD,0.001101,
Quad,ARCR,0.000525,
Tim,ARCR,0.001020,
Quick,ARCR,0.000874,
Merge,ARCR,0.001147,
Quad,ARDA,0.000456,
Tim,ARDA,0.000683,
Quick,ARDA,0.000839,
Merge,ARDA,0.001138,
Quad,ARDC,0.000490,
Tim,ARDC,0.000738,
Quick,ARDC,0.000926,
Merge,ARDC,0.001292,
Quad,ARDD,0.000457,
Tim,ARDD,0.000624,
Quick,ARDD,0.000809,
Merge,ARDD,0.001231,
Quad,ARDR,0.000597,
Tim,ARDR,0.001046,
Quick,ARDR,0.000906,
Merge,ARDR,0.001291,
Quad,ARRA,0.000512,
Tim,ARRA,0.000940,
Quick,ARRA,0.000830,
Merge,ARRA,0.001114,
Quad,ARRC,0.000516,
Tim,ARRC,0.000942,
Quick,ARRC,0.000840,
Merge,ARRC,0.001119,
Quad,ARRD,0.000602,
Tim,ARRD,0.001033,
Quick,ARRD,0.000906,
Merge,ARRD,0.001290,
Quad,ARRR,0.000707,
Tim,ARRR,0.001376,
Quick,ARRR,0.000974,
Merge,ARRR,0.001323,
Quad,CAAA,0.000062,
Tim,CAAA,0.000051,
Quick,CAAA,0.000564,
Merge,CAAA,0.000716,
Quad,CAAC,0.000062,
Tim,CAAC,0.000051,
Quick,CAAC,0.000565,
Merge,CAAC,0.000717,
Quad,CAAD,0.000209,
Tim,CAAD,0.000135,
Quick,CAAD,0.000630,
Merge,CAAD,0.000878,
Quad,CAAR,0.000322,
Tim,CAAR,0.000477,
Quick,CAAR,0.000698,
Merge,CAAR,0.000920,
Quad,CACA,0.000062,
Tim,CACA,0.000051,
Quick,CACA,0.000563,
Merge,CACA,0.000715,
Quad,CACC,0.000062,
Tim,CACC,0.000051,
Quick,CACC,0.000564,
Merge,CACC,0.000717,
Quad,CACD,0.000201,
Tim,CACD,0.000153,
Quick,CACD,0.000632,
Merge,CACD,0.000878,
Quad,CACR,0.000335,
Tim,CACR,0.000517,
Quick,CACR,0.000720,
Merge,CACR,0.000934,
Quad,CADA,0.000258,
Tim,CADA,0.000205,
Quick,CADA,0.000695,
Merge,CADA,0.000923,
Quad,CADC,0.000218,
Tim,CADC,0.000173,
Quick,CADC,0.000646,
Merge,CADC,0.000885,
Quad,CADD,0.000263,
Tim,CADD,0.000196,
Quick,CADD,0.000678,
Merge,CADD,0.001023,
Quad,CADR,0.000414,
Tim,CADR,0.000609,
Quick,CADR,0.000783,
Merge,CADR,0.001092,
Quad,CARA,0.000328,
Tim,CARA,0.000523,
Quick,CARA,0.000709,
Merge,CARA,0.000926,
Quad,CARC,0.000340,
Tim,CARC,0.000523,
Quick,CARC,0.000731,
Merge,CARC,0.000933,
Quad,CARD,0.000413,
Tim,CARD,0.000597,
Quick,CARD,0.000782,
Merge,CARD,0.001095,
Quad,CARR,0.000527,
Tim,CARR,0.000952,
Quick,CARR,0.000852,
Merge,CARR,0.001132,
Quad,CCAA,0.000062,
Tim,CCAA,0.000051,
Quick,CCAA,0.000564,
Merge,CCAA,0.000716,
Quad,CCAC,0.000062,
Tim,CCAC,0.000051,
Quick,CCAC,0.000563,
Merge,CCAC,0.000716,
Quad,CCAD,0.000209,
Tim,CCAD,0.000134,
Quick,CCAD,0.000630,
Merge,CCAD,0.000878,
Quad,CCAR,0.000332,
Tim,CCAR,0.000492,
Quick,CCAR,0.000715,
Merge,CCAR,0.000930,
Quad,CCCA,0.000062,
Tim,CCCA,0.000051,
Quick,CCCA,0.000564,
Merge,CCCA,0.000715,
Quad,CCCC,0.000062,
Tim,CCCC,0.000051,
Quick,CCCC,0.000564,
Merge,CCCC,0.000715,
Quad,CCCD,0.000184,
Tim,CCCD,0.000149,
Quick,CCCD,0.000613,
Merge,CCCD,0.000859,
Quad,CCCR,0.000335,
Tim,CCCR,0.000550,
Quick,CCCR,0.000723,
Merge,CCCR,0.000937,
Quad,CCDA,0.000189,
Tim,CCDA,0.000181,
Quick,CCDA,0.000633,
Merge,CCDA,0.000877,
Quad,CCDC,0.000164,
Tim,CCDC,0.000165,
Quick,CCDC,0.000601,
Merge,CCDC,0.000854,
Quad,CCDD,0.000210,
Tim,CCDD,0.000173,
Quick,CCDD,0.000634,
Merge,CCDD,0.000991,
Quad,CCDR,0.000359,
Tim,CCDR,0.000593,
Quick,CCDR,0.000736,
Merge,CCDR,0.001066,
Quad,CCRA,0.000320,
Tim,CCRA,0.000537,
Quick,CCRA,0.000693,
Merge,CCRA,0.000916,
Quad,CCRC,0.000327,
Tim,CCRC,0.000537,
Quick,CCRC,0.000709,
Merge,CCRC,0.000924,
Quad,CCRD,0.000393,
Tim,CCRD,0.000577,
Quick,CCRD,0.000755,
Merge,CCRD,0.001075,
Quad,CCRR,0.000505,
Tim,CCRR,0.000940,
Quick,CCRR,0.000817,
Merge,CCRR,0.001113,
Quad,CDAA,0.000201,
Tim,CDAA,0.000182,
Quick,CDAA,0.000633,
Merge,CDAA,0.000879,
Quad,CDAC,0.000200,
Tim,CDAC,0.000235,
Quick,CDAC,0.000634,
Merge,CDAC,0.000878,
Quad,CDAD,0.000295,
Tim,CDAD,0.000308,
Quick,CDAD,0.000720,
Merge,CDAD,0.001057,
Quad,CDAR,0.000403,
Tim,CDAR,0.000644,
Quick,CDAR,0.000783,
Merge,CDAR,0.001096,
Quad,CDCA,0.000202,
Tim,CDCA,0.000239,
Quick,CDCA,0.000640,
Merge,CDCA,0.000884,
Quad,CDCC,0.000174,
Tim,CDCC,0.000235,
Quick,CDCC,0.000603,
Merge,CDCC,0.000855,
Quad,CDCD,0.000220,
Tim,CDCD,0.000254,
Quick,CDCD,0.000636,
Merge,CDCD,0.000991,
Quad,CDCR,0.000381,
Tim,CDCR,0.000660,
Quick,CDCR,0.000754,
Merge,CDCR,0.001075,
Quad,CDDA,0.000236,
Tim,CDDA,0.000220,
Quick,CDDA,0.000669,
Merge,CDDA,0.001017,
Quad,CDDC,0.000209,
Tim,CDDC,0.000203,
Quick,CDDC,0.000636,
Merge,CDDC,0.000992,
Quad,CDDD,0.000255,
Tim,CDDD,0.000212,
Quick,CDDD,0.000668,
Merge,CDDD,0.001129,
Quad,CDDR,0.000407,
Tim,CDDR,0.000636,
Quick,CDDR,0.000774,
Merge,CDDR,0.001205,
Quad,CDRA,0.000401,
Tim,CDRA,0.000618,
Quick,CDRA,0.000775,
Merge,CDRA,0.001088,
Quad,CDRC,0.000370,
Tim,CDRC,0.000603,
Quick,CDRC,0.000740,
Merge,CDRC,0.001063,
Quad,CDRD,0.000425,
Tim,CDRD,0.000636,
Quick,CDRD,0.000771,
Merge,CDRD,0.001204,
Quad,CDRR,0.000566,
Tim,CDRR,0.001064,
Quick,CDRR,0.000877,
Merge,CDRR,0.001268,
Quad,CRAA,0.000324,
Tim,CRAA,0.000557,
Quick,CRAA,0.000702,
Merge,CRAA,0.000922,
Quad,CRAC,0.000324,
Tim,CRAC,0.000557,
Quick,CRAC,0.000702,
Merge,CRAC,0.000921,
Quad,CRAD,0.000415,
Tim,CRAD,0.000671,
Quick,CRAD,0.000785,
Merge,CRAD,0.001101,
Quad,CRAR,0.000526,
Tim,CRAR,0.001033,
Quick,CRAR,0.000855,
Merge,CRAR,0.001144,
Quad,CRCA,0.000342,
Tim,CRCA,0.000586,
Quick,CRCA,0.000732,
Merge,CRCA,0.000940,
Quad,CRCC,0.000336,
Tim,CRCC,0.000592,
Quick,CRCC,0.000725,
Merge,CRCC,0.000932,
Quad,CRCD,0.000384,
Tim,CRCD,0.000650,
Quick,CRCD,0.000759,
Merge,CRCD,0.001076,
Quad,CRCR,0.000543,
Tim,CRCR,0.001045,
Quick,CRCR,0.000884,
Merge,CRCR,0.001151,
Quad,CRDA,0.000422,
Tim,CRDA,0.000644,
Quick,CRDA,0.000800,
Merge,CRDA,0.001105,
Quad,CRDC,0.000390,
Tim,CRDC,0.000626,
Quick,CRDC,0.000759,
Merge,CRDC,0.001077,
Quad,CRDD,0.000437,
Tim,CRDD,0.000634,
Quick,CRDD,0.000789,
Merge,CRDD,0.001215,
Quad,CRDR,0.000580,
Tim,CRDR,0.001028,
Quick,CRDR,0.000887,
Merge,CRDR,0.001276,
Quad,CRRA,0.000508,
Tim,CRRA,0.000974,
Quick,CRRA,0.000823,
Merge,CRRA,0.001114,
Quad,CRRC,0.000517,
Tim,CRRC,0.000974,
Quick,CRRC,0.000841,
Merge,CRRC,0.001121,
Quad,CRRD,0.000593,
Tim,CRRD,0.001062,
Quick,CRRD,0.000907,
Merge,CRRD,0.001283,
Quad,CRRR,0.000718,
Tim,CRRR,0.001454,
Quick,CRRR,0.000995,
Merge,CRRR,0.001335,
Quad,DAAA,0.000211,
Tim,DAAA,0.000119,
Quick,DAAA,0.000631,
Merge,DAAA,0.000878,
Quad,DAAC,0.000211,
Tim,DAAC,0.000119,
Quick,DAAC,0.000632,
Merge,DAAC,0.000879,
Quad,DAAD,0.000291,
Tim,DAAD,0.000202,
Quick,DAAD,0.000696,
Merge,DAAD,0.001039,
Quad,DAAR,0.000411,
Tim,DAAR,0.000559,
Quick,DAAR,0.000775,
Merge,DAAR,0.001094,
Quad,DACA,0.000210,
Tim,DACA,0.000118,
Quick,DACA,0.000631,
Merge,DACA,0.000878,
Quad,DACC,0.000211,
Tim,DACC,0.000118,
Quick,DACC,0.000630,
Merge,DACC,0.000878,
Quad,DACD,0.000298,
Tim,DACD,0.000253,
Quick,DACD,0.000716,
Merge,DACD,0.001055,
Quad,DACR,0.000409,
Tim,DACR,0.000573,
Quick,DACR,0.000773,
Merge,DACR,0.001090,
Quad,DADA,0.000366,
Tim,DADA,0.000333,
Quick,DADA,0.000791,
Merge,DADA,0.001110,
Quad,DADC,0.000315,
Tim,DADC,0.000295,
Quick,DADC,0.000731,
Merge,DADC,0.001061,
Quad,DADD,0.000360,
Tim,DADD,0.000349,
Quick,DADD,0.000763,
Merge,DADD,0.001199,
Quad,DADR,0.000508,
Tim,DADR,0.000728,
Quick,DADR,0.000867,
Merge,DADR,0.001273,
Quad,DARA,0.000412,
Tim,DARA,0.000619,
Quick,DARA,0.000778,
Merge,DARA,0.001095,
Quad,DARC,0.000419,
Tim,DARC,0.000619,
Quick,DARC,0.000794,
Merge,DARC,0.001102,
Quad,DARD,0.000509,
Tim,DARD,0.000716,
Quick,DARD,0.000865,
Merge,DARD,0.001276,
Quad,DARR,0.000615,
Tim,DARR,0.001039,
Quick,DARR,0.000935,
Merge,DARR,0.001308,
Quad,DCAA,0.000210,
Tim,DCAA,0.000141,
Quick,DCAA,0.000633,
Merge,DCAA,0.000878,
Quad,DCAC,0.000210,
Tim,DCAC,0.000141,
Quick,DCAC,0.000633,
Merge,DCAC,0.000878,
Quad,DCAD,0.000315,
Tim,DCAD,0.000276,
Quick,DCAD,0.000732,
Merge,DCAD,0.001063,
Quad,DCAR,0.000413,
Tim,DCAR,0.000575,
Quick,DCAR,0.000782,
Merge,DCAR,0.001092,
Quad,DCCA,0.000219,
Tim,DCCA,0.000162,
Quick,DCCA,0.000648,
Merge,DCCA,0.000888,
Quad,DCCC,0.000185,
Tim,DCCC,0.000142,
Quick,DCCC,0.000616,
Merge,DCCC,0.000861,
Quad,DCCD,0.000231,
Tim,DCCD,0.000219,
Quick,DCCD,0.000649,
Merge,DCCD,0.001000,
Quad,DCCR,0.000395,
Tim,DCCR,0.000619,
Quick,DCCR,0.000765,
Merge,DCCR,0.001081,
Quad,DCDA,0.000246,
Tim,DCDA,0.000254,
Quick,DCDA,0.000670,
Merge,DCDA,0.001017,
Quad,DCDC,0.000219,
Tim,DCDC,0.000237,
Quick,DCDC,0.000636,
Merge,DCDC,0.000991,
Quad,DCDD,0.000266,
Tim,DCDD,0.000289,
Quick,DCDD,0.000668,
Merge,DCDD,0.001129,
Quad,DCDR,0.000418,
Tim,DCDR,0.000677,
Quick,DCDR,0.000777,
Merge,DCDR,0.001209,
Quad,DCRA,0.000412,
Tim,DCRA,0.000636,
Quick,DCRA,0.000782,
Merge,DCRA,0.001093,
Quad,DCRC,0.000390,
Tim,DCRC,0.000613,
Quick,DCRC,0.000759,
Merge,DCRC,0.001074,
Quad,DCRD,0.000452,
Tim,DCRD,0.000644,
Quick,DCRD,0.000799,
Merge,DCRD,0.001218,
Quad,DCRR,0.000581,
Tim,DCRR,0.001027,
Quick,DCRR,0.000888,
Merge,DCRR,0.001270,
Quad,DDAA,0.000280,
Tim,DDAA,0.000179,
Quick,DDAA,0.000698,
Merge,DDAA,0.001038,
Quad,DDAC,0.000255,
Tim,DDAC,0.000163,
Quick,DDAC,0.000667,
Merge,DDAC,0.001016,
Quad,DDAD,0.000348,
Tim,DDAD,0.000260,
Quick,DDAD,0.000749,
Merge,DDAD,0.001193,
Quad,DDAR,0.000453,
Tim,DDAR,0.000596,
Quick,DDAR,0.000806,
Merge,DDAR,0.001229,
Quad,DDCA,0.000254,
Tim,DDCA,0.000163,
Quick,DDCA,0.000667,
Merge,DDCA,0.001016,
Quad,DDCC,0.000229,
Tim,DDCC,0.000146,
Quick,DDCC,0.000634,
Merge,DDCC,0.000991,
Quad,DDCD,0.000274,
Tim,DDCD,0.000202,
Quick,DDCD,0.000668,
Merge,DDCD,0.001128,
Quad,DDCR,0.000431,
Tim,DDCR,0.000601,
Quick,DDCR,0.000783,
Merge,DDCR,0.001210,
Quad,DDDA,0.000289,
Tim,DDDA,0.000172,
Quick,DDDA,0.000700,
Merge,DDDA,0.001153,
Quad,DDDC,0.000265,
Tim,DDDC,0.000155,
Quick,DDDC,0.000671,
Merge,DDDC,0.001135,
Quad,DDDD,0.000310,
Tim,DDDD,0.000163,
Quick,DDDD,0.000700,
Merge,DDDD,0.001266,
Quad,DDDR,0.000458,
Tim,DDDR,0.000577,
Quick,DDDR,0.000805,
Merge,DDDR,0.001339,
Quad,DDRA,0.000452,
Tim,DDRA,0.000604,
Quick,DDRA,0.000804,
Merge,DDRA,0.001230,
Quad,DDRC,0.000429,
Tim,DDRC,0.000592,
Quick,DDRC,0.000780,
Merge,DDRC,0.001210,
Quad,DDRD,0.000482,
Tim,DDRD,0.000623,
Quick,DDRD,0.000810,
Merge,DDRD,0.001349,
Quad,DDRR,0.000619,
Tim,DDRR,0.001036,
Quick,DDRR,0.000910,
Merge,DDRR,0.001410,
Quad,DRAA,0.000412,
Tim,DRAA,0.000597,
Quick,DRAA,0.000778,
Merge,DRAA,0.001092,
Quad,DRAC,0.000419,
Tim,DRAC,0.000617,
Quick,DRAC,0.000792,
Merge,DRAC,0.001099,
Quad,DRAD,0.000507,
Tim,DRAD,0.000734,
Quick,DRAD,0.000862,
Merge,DRAD,0.001271,
Quad,DRAR,0.000592,
Tim,DRAR,0.001048,
Quick,DRAR,0.000897,
Merge,DRAR,0.001287,
Quad,DRCA,0.000411,
Tim,DRCA,0.000622,
Quick,DRCA,0.000777,
Merge,DRCA,0.001092,
Quad,DRCC,0.000380,
Tim,DRCC,0.000663,
Quick,DRCC,0.000742,
Merge,DRCC,0.001066,
Quad,DRCD,0.000426,
Tim,DRCD,0.000684,
Quick,DRCD,0.000776,
Merge,DRCD,0.001206,
Quad,DRCR,0.000579,
Tim,DRCR,0.001065,
Quick,DRCR,0.000887,
Merge,DRCR,0.001274,
Quad,DRDA,0.000468,
Tim,DRDA,0.000647,
Quick,DRDA,0.000815,
Merge,DRDA,0.001238,
Quad,DRDC,0.000440,
Tim,DRDC,0.000648,
Quick,DRDC,0.000780,
Merge,DRDC,0.001212,
Quad,DRDD,0.000486,
Tim,DRDD,0.000710,
Quick,DRDD,0.000811,
Merge,DRDD,0.001349,
Quad,DRDR,0.000629,
Tim,DRDR,0.001079,
Quick,DRDR,0.000911,
Merge,DRDR,0.001409,
Quad,DRRA,0.000599,
Tim,DRRA,0.001037,
Quick,DRRA,0.000910,
Merge,DRRA,0.001289,
Quad,DRRC,0.000586,
Tim,DRRC,0.001051,
Quick,DRRC,0.000901,
Merge,DRRC,0.001283,
Quad,DRRD,0.000642,
Tim,DRRD,0.001090,
Quick,DRRD,0.000930,
Merge,DRRD,0.001423,
Quad,DRRR,0.000768,
Tim,DRRR,0.001467,
Quick,DRRR,0.001015,
Merge,DRRR,0.001472,
Quad,RAAA,0.000320,
Tim,RAAA,0.000464,
Quick,RAAA,0.000697,
Merge,RAAA,0.000917,
Quad,RAAC,0.000319,
Tim,RAAC,0.000464,
Quick,RAAC,0.000697,
Merge,RAAC,0.000917,
Quad,RAAD,0.000400,
Tim,RAAD,0.000549,
Quick,RAAD,0.000765,
Merge,RAAD,0.001084,
Quad,RAAR,0.000514,
Tim,RAAR,0.000902,
Quick,RAAR,0.000836,
Merge,RAAR,0.001128,
Quad,RACA,0.000327,
Tim,RACA,0.000490,
Quick,RACA,0.000707,
Merge,RACA,0.000926,
Quad,RACC,0.000328,
Tim,RACC,0.000491,
Quick,RACC,0.000708,
Merge,RACC,0.000930,
Quad,RACD,0.000395,
Tim,RACD,0.000568,
Quick,RACD,0.000767,
Merge,RACD,0.001084,
Quad,RACR,0.000512,
Tim,RACR,0.000900,
Quick,RACR,0.000832,
Merge,RACR,0.001119,
Quad,RADA,0.000453,
Tim,RADA,0.000621,
Quick,RADA,0.000832,
Merge,RADA,0.001130,
Quad,RADC,0.000415,
Tim,RADC,0.000621,
Quick,RADC,0.000790,
Merge,RADC,0.001098,
Quad,RADD,0.000461,
Tim,RADD,0.000627,
Quick,RADD,0.000819,
Merge,RADD,0.001236,
Quad,RADR,0.000601,
Tim,RADR,0.001045,
Quick,RADR,0.000915,
Merge,RADR,0.001300,
Quad,RARA,0.000518,
Tim,RARA,0.000954,
Quick,RARA,0.000845,
Merge,RARA,0.001131,
Quad,RARC,0.000529,
Tim,RARC,0.000955,
Quick,RARC,0.000868,
Merge,RARC,0.001141,
Quad,RARD,0.000604,
Tim,RARD,0.001027,
Quick,RARD,0.000920,
Merge,RARD,0.001303,
Quad,RARR,0.000718,
Tim,RARR,0.001363,
Quick,RARR,0.000994,
Merge,RARR,0.001331,
Quad,RCAA,0.000328,
Tim,RCAA,0.000491,
Quick,RCAA,0.000708,
Merge,RCAA,0.000917,
Quad,RCAC,0.000326,
Tim,RCAC,0.000572,
Quick,RCAC,0.000705,
Merge,RCAC,0.000920,
Quad,RCAD,0.000408,
Tim,RCAD,0.000658,
Quick,RCAD,0.000772,
Merge,RCAD,0.001087,
Quad,RCAR,0.000512,
Tim,RCAR,0.000991,
Quick,RCAR,0.000834,
Merge,RCAR,0.001120,
Quad,RCCA,0.000335,
Tim,RCCA,0.000693,
Quick,RCCA,0.000719,
Merge,RCCA,0.000927,
Quad,RCCC,0.000341,
Tim,RCCC,0.000603,
Quick,RCCC,0.000745,
Merge,RCCC,0.000942,
Quad,RCCD,0.000388,
Tim,RCCD,0.000662,
Quick,RCCD,0.000779,
Merge,RCCD,0.001086,
Quad,RCCR,0.000539,
Tim,RCCR,0.001051,
Quick,RCCR,0.000878,
Merge,RCCR,0.001147,
Quad,RCDA,0.000429,
Tim,RCDA,0.000751,
Quick,RCDA,0.000809,
Merge,RCDA,0.001108,
Quad,RCDC,0.000389,
Tim,RCDC,0.000733,
Quick,RCDC,0.000755,
Merge,RCDC,0.001074,
Quad,RCDD,0.000435,
Tim,RCDD,0.000743,
Quick,RCDD,0.000787,
Merge,RCDD,0.001214,
Quad,RCDR,0.000578,
Tim,RCDR,0.001010,
Quick,RCDR,0.000885,
Merge,RCDR,0.001274,
Quad,RCRA,0.000524,
Tim,RCRA,0.000990,
Quick,RCRA,0.000850,
Merge,RCRA,0.001126,
Quad,RCRC,0.000537,
Tim,RCRC,0.001146,
Quick,RCRC,0.000877,
Merge,RCRC,0.001143,
Quad,RCRD,0.000593,
Tim,RCRD,0.001167,
Quick,RCRD,0.000909,
Merge,RCRD,0.001287,
Quad,RCRR,0.000725,
Tim,RCRR,0.001555,
Quick,RCRR,0.001007,
Merge,RCRR,0.001344,
Quad,RDAA,0.000413,
Tim,RDAA,0.000712,
Quick,RDAA,0.000777,
Merge,RDAA,0.001091,
Quad,RDAC,0.000415,
Tim,RDAC,0.000711,
Quick,RDAC,0.000783,
Merge,RDAC,0.001093,
Quad,RDAD,0.000511,
Tim,RDAD,0.000811,
Quick,RDAD,0.000868,
Merge,RDAD,0.001272,
Quad,RDAR,0.000602,
Tim,RDAR,0.001169,
Quick,RDAR,0.000922,
Merge,RDAR,0.001305,
Quad,RDCA,0.000408,
Tim,RDCA,0.000742,
Quick,RDCA,0.000781,
Merge,RDCA,0.001096,
Quad,RDCC,0.000384,
Tim,RDCC,0.000691,
Quick,RDCC,0.000744,
Merge,RDCC,0.001070,
Quad,RDCD,0.000431,
Tim,RDCD,0.000747,
Quick,RDCD,0.000777,
Merge,RDCD,0.001209,
Quad,RDCR,0.000578,
Tim,RDCR,0.001148,
Quick,RDCR,0.000889,
Merge,RDCR,0.001284,
Quad,RDDA,0.000442,
Tim,RDDA,0.000879,
Quick,RDDA,0.000810,
Merge,RDDA,0.001234,
Quad,RDDC,0.000417,
Tim,RDDC,0.000861,
Quick,RDDC,0.000776,
Merge,RDDC,0.001211,
Quad,RDDD,0.000463,
Tim,RDDD,0.001009,
Quick,RDDD,0.000806,
Merge,RDDD,0.001348,
Quad,RDDR,0.000608,
Tim,RDDR,0.001269,
Quick,RDDR,0.000912,
Merge,RDDR,0.001414,
Quad,RDRA,0.000608,
Tim,RDRA,0.001161,
Quick,RDRA,0.000925,
Merge,RDRA,0.001302,
Quad,RDRC,0.000570,
Tim,RDRC,0.001152,
Quick,RDRC,0.000880,
Merge,RDRC,0.001270,
Quad,RDRD,0.000625,
Tim,RDRD,0.001182,
Quick,RDRD,0.000909,
Merge,RDRD,0.001409,
Quad,RDRR,0.000760,
Tim,RDRR,0.001578,
Quick,RDRR,0.001010,
Merge,RDRR,0.001470,
Quad,RRAA,0.000519,
Tim,RRAA,0.000945,
Quick,RRAA,0.000848,
Merge,RRAA,0.001125,
Quad,RRAC,0.000519,
Tim,RRAC,0.000945,
Quick,RRAC,0.000849,
Merge,RRAC,0.001126,
Quad,RRAD,0.000600,
Tim,RRAD,0.001078,
Quick,RRAD,0.000912,
Merge,RRAD,0.001297,
Quad,RRAR,0.000703,
Tim,RRAR,0.001371,
Quick,RRAR,0.000972,
Merge,RRAR,0.001329,
Quad,RRCA,0.000522,
Tim,RRCA,0.001090,
Quick,RRCA,0.000850,
Merge,RRCA,0.001128,
Quad,RRCC,0.000518,
Tim,RRCC,0.001276,
Quick,RRCC,0.000846,
Merge,RRCC,0.001127,
Quad,RRCD,0.000567,
Tim,RRCD,0.001190,
Quick,RRCD,0.000883,
Merge,RRCD,0.001272,
Quad,RRCR,0.000723,
Tim,RRCR,0.001473,
Quick,RRCR,0.001005,
Merge,RRCR,0.001338,
Quad,RRDA,0.000613,
Tim,RRDA,0.001173,
Quick,RRDA,0.000935,
Merge,RRDA,0.001302,
Quad,RRDC,0.000578,
Tim,RRDC,0.001184,
Quick,RRDC,0.000885,
Merge,RRDC,0.001277,
Quad,RRDD,0.000624,
Tim,RRDD,0.001354,
Quick,RRDD,0.000914,
Merge,RRDD,0.001417,
Quad,RRDR,0.000765,
Tim,RRDR,0.001606,
Quick,RRDR,0.001013,
Merge,RRDR,0.001484,
Quad,RRRA,0.000717,
Tim,RRRA,0.001421,
Quick,RRRA,0.000991,
Merge,RRRA,0.001339,
Quad,RRRC,0.000715,
Tim,RRRC,0.001490,
Quick,RRRC,0.000998,
Merge,RRRC,0.001338,
Quad,RRRD,0.000780,
Tim,RRRD,0.001590,
Quick,RRRD,0.001039,
Merge,RRRD,0.001480,
Quad,RRRR,0.000915,
Tim,RRRR,0.001851,
Quick,RRRR,0.001139,
Merge,RRRR,0.001538,
Quad,Total,0.100155,
Tim,Total,0.157846,
Quick,Total,0.196070,
Merge,Total,0.276863,
