Sorts,Sequence,Time,
Bubble,AAAA,0.000000,
Bubble,AAAC,0.000000,
Tim,AAAD,0.000000,
Quad,AAAR,0.000001,
Bubble,AACA,0.000000,
Bubble,AACC,0.000001,
Tim,AACD,0.000000,
Tim,AACR,0.000000,
Tim,AADA,0.000000,
Tim,AADC,0.000000,
Quad,AADD,0.000002,
Quad,AADR,0.000002,
Quad,AARA,0.000002,
Quad,AARC,0.000002,
Quad,AARD,0.000002,
Quad,AARR,0.000002,
Bubble,ACAA,0.000000,
Bubble,ACAC,0.000000,
Tim,ACAD,0.000000,
Quad,ACAR,0.000001,
Bubble,ACCA,0.000000,
Bubble,ACCC,0.000000,
Quad,ACCD,0.000002,
Quad,ACCR,0.000002,
Quad,ACDA,0.000002,
Quad,ACDC,0.000002,
Quad,ACDD,0.000002,
Quad,ACDR,0.000002,
Quad,ACRA,0.000002,
Quad,ACRC,0.000002,
Quad,ACRD,0.000002,
Quad,ACRR,0.000002,
Quad,ADAA,0.000002,
Quad,ADAC,0.000002,
Quad,ADAD,0.000002,
Quad,ADAR,0.000003,
Quad,ADCA,0.000002,
Quad,ADCC,0.000002,
Quad,ADCD,0.000002,
Quad,ADCR,0.000002,
Quad,ADDA,0.000002,
Quad,ADDC,0.000002,
Quad,ADDD,0.000002,
Quad,ADDR,0.000002,
Quad,ADRA,0.000003,
Quad,ADRC,0.000002,
Quad,ADRD,0.000002,
Quad,ADRR,0.000003,
Quad,ARAA,0.000001,
Quad,ARAC,0.000001,
Quad,ARAD,0.000002,
Quad,ARAR,0.000002,
Quad,ARCA,0.000002,
Quad,ARCC,0.000002,
Quad,ARCD,0.000002,
Quad,ARCR,0.000002,
Quad,ARDA,0.000003,
Quad,ARDC,0.000002,
Quad,ARDD,0.000002,
Quad,ARDR,0.000003,
Quad,ARRA,0.000002,
Quad,ARRC,0.000002,
Quad,ARRD,0.000003,
Quad,ARRR,0.000003,
Bubble,CAAA,0.000000,
Bubble,CAAC,0.000000,
Tim,CAAD,0.000000,
Quad,CAAR,0.000001,
Bubble,CACA,0.000000,
Bubble,CACC,0.000000,
Quad,CACD,0.000002,
Quad,CACR,0.000002,
Quad,CADA,0.000002,
Quad,CADC,0.000002,
Quad,CADD,0.000002,
Quad,CADR,0.000002,
Quad,CARA,0.000002,
Quad,CARC,0.000002,
Quad,CARD,0.000002,
Quad,CARR,0.000002,
Bubble,CCAA,0.000000,
Bubble,CCAC,0.000000,
Tim,CCAD,0.000000,
Quad,CCAR,0.000001,
Bubble,CCCA,0.000000,
Bubble,CCCC,0.000000,
Tim,CCCD,0.000000,
Quad,CCCR,0.000002,
Tim,CCDA,0.000000,
Quad,CCDC,0.000001,
Quad,CCDD,0.000002,
Quad,CCDR,0.000002,
Quad,CCRA,0.000002,
Quad,CCRC,0.000002,
Quad,CCRD,0.000002,
Quad,CCRR,0.000002,
Quad,CDAA,0.000002,
Quad,CDAC,0.000002,
Quad,CDAD,0.000002,
Quad,CDAR,0.000002,
Quad,CDCA,0.000002,
Quad,CDCC,0.000002,
Quad,CDCD,0.000002,
Quad,CDCR,0.000002,
Quad,CDDA,0.000002,
Quad,CDDC,0.000002,
Quad,CDDD,0.000002,
Quad,CDDR,0.000002,
Quad,CDRA,0.000002,
Quad,CDRC,0.000002,
Quad,CDRD,0.000002,
Quad,CDRR,0.000002,
Quad,CRAA,0.000001,
Quad,CRAC,0.000001,
Quad,CRAD,0.000002,
Quad,CRAR,0.000002,
Quad,CRCA,0.000001,
Quad,CRCC,0.000001,
Quad,CRCD,0.000002,
Quad,CRCR,0.000002,
Quad,CRDA,0.000002,
Quad,CRDC,0.000002,
Quad,CRDD,0.000002,
Quad,CRDR,0.000002,
Quad,CRRA,0.000002,
Quad,CRRC,0.000002,
Quad,CRRD,0.000003,
Quad,CRRR,0.000003,
Quad,DAAA,0.000001,
Quad,DAAC,0.000001,
Quad,DAAD,0.000002,
Quad,DAAR,0.000002,
Quad,DACA,0.000001,
Quad,DACC,0.000001,
Quad,DACD,0.000002,
Tim,DACR,0.000000,
Quad,DADA,0.000002,
Quad,DADC,0.000002,
Quad,DADD,0.000002,
Quad,DADR,0.000003,
Quad,DARA,0.000002,
Quad,DARC,0.000002,
Quad,DARD,0.000003,
Quad,DARR,0.000003,
Tim,DCAA,0.000000,
Quad,DCAC,0.000002,
Quad,DCAD,0.000002,
Quad,DCAR,0.000002,
Tim,DCCA,0.000000,
Quad,DCCC,0.000002,
Quad,DCCD,0.000002,
Quad,DCCR,0.000002,
Quad,DCDA,0.000002,
Quad,DCDC,0.000002,
Quad,DCDD,0.000002,
Quad,DCDR,0.000002,
Quad,DCRA,0.000002,
Quad,DCRC,0.000002,
Quad,DCRD,0.000002,
Quad,DCRR,0.000003,
Quad,DDAA,0.000002,
Quad,DDAC,0.000002,
Quad,DDAD,0.000002,
Quad,DDAR,0.000002,
Quad,DDCA,0.000002,
Quad,DDCC,0.000002,
Quad,DDCD,0.000002,
Quad,DDCR,0.000002,
Tim,DDDA,0.000000,
Tim,DDDC,0.000000,
Tim,DDDD,0.000000,
Quad,DDDR,0.000002,
Quad,DDRA,0.000002,
Quad,DDRC,0.000002,
Quad,DDRD,0.000002,
Quad,DDRR,0.000003,
Quad,DRAA,0.000002,
Quad,DRAC,0.000002,
Quad,DRAD,0.000003,
Quad,DRAR,0.000003,
Quad,DRCA,0.000002,
Quad,DRCC,0.000002,
Quad,DRCD,0.000002,
Quad,DRCR,0.000002,
Quad,DRDA,0.000003,
Quad,DRDC,0.000002,
Quad,DRDD,0.000002,
Quad,DRDR,0.000003,
Quad,DRRA,0.000003,
Quad,DRRC,0.000003,
Quad,DRRD,0.000003,
Quad,DRRR,0.000003,
Quad,RAAA,0.000001,
Quad,RAAC,0.000001,
Quad,RAAD,0.000002,
Quad,RAAR,0.000002,
Quad,RACA,0.000001,
Quad,RACC,0.000001,
Quad,RACD,0.000002,
Quad,RACR,0.000002,
Quad,RADA,0.000002,
Quad,RADC,0.000002,
Quad,RADD,0.000002,
Quad,RADR,0.000003,
Quad,RARA,0.000002,
Quad,RARC,0.000002,
Quad,RARD,0.000003,
Quad,RARR,0.000003,
Quad,RCAA,0.000001,
Quad,RCAC,0.000001,
Quad,RCAD,0.000002,
Quad,RCAR,0.000002,
Quad,RCCA,0.000002,
Quad,RCCC,0.000002,
Quad,RCCD,0.000002,
Quad,RCCR,0.000003,
Quad,RCDA,0.000002,
Quad,RCDC,0.000002,
Quad,RCDD,0.000002,
Quad,RCDR,0.000003,
Quad,RCRA,0.000002,
Quad,RCRC,0.000003,
Quad,RCRD,0.000003,
Quad,RCRR,0.000003,
Quad,RDAA,0.000002,
Quad,RDAC,0.000002,
Quad,RDAD,0.000003,
Quad,RDAR,0.000003,
Quad,RDCA,0.000002,
Quad,RDCC,0.000002,
Quad,RDCD,0.000002,
Quad,RDCR,0.000002,
Quad,RDDA,0.000002,
Quad,RDDC,0.000002,
Quad,RDDD,0.000002,
Quad,RDDR,0.000002,
Quad,RDRA,0.000003,
Quad,RDRC,0.000002,
Quad,RDRD,0.000002,
Quad,RDRR,0.000003,
Quad,RRAA,0.000002,
Quad,RRAC,0.000002,
Quad,RRAD,0.000003,
Quad,RRAR,0.000003,
Quad,RRCA,0.000002,
Quad,RRCC,0.000002,
Quad,RRCD,0.000003,
Quad,RRCR,0.000003,
Quad,RRDA,0.000003,
Quad,RRDC,0.000003,
Quad,RRDD,0.000003,
Quad,RRDR,0.000003,
Quad,RRRA,0.000003,
Quad,RRRC,0.000003,
Quad,RRRD,0.000003,
Quad,RRRR,0.000003,
