Sorts,Sequence,Time,Sample Sequence 1,Sample Sequence 2,Sample Sequence 3,Sample Sequence 4,
Quad,AAAA,0.000001,
Tim,AAAA,0.000001,
Quick,AAAA,0.000003,
Selection,AAAA,0.000027,
Bubble,AAAA,0.000000,
Merge,AAAA,0.000003,
Shell,AAAA,0.000003,
Quad,AAAC,0.000001,
Tim,AAAC,0.000001,
Quick,AAAC,0.000003,
Selection,AAAC,0.000027,
Bubble,AAAC,0.000000,
Merge,AAAC,0.000003,
Shell,AAAC,0.000003,
Quad,AAAD,0.000001,
Tim,AAAD,0.000001,
Quick,AAAD,0.000003,
Selection,AAAD,0.000028,
Bubble,AAAD,0.000022,
Merge,AAAD,0.000004,
Shell,AAAD,0.000004,
Quad,AAAR,0.000001,
Tim,AAAR,0.000002,
Quick,AAAR,0.000003,
Selection,AAAR,0.000027,
Bubble,AAAR,0.000010,
Merge,AAAR,0.000003,
Shell,AAAR,0.000003,
Quad,AACA,0.000001,
Tim,AACA,0.000001,
Quick,AACA,0.000003,
Selection,AACA,0.000027,
Bubble,AACA,0.000000,
Merge,AACA,0.000003,
Shell,AACA,0.000003,
Quad,AACC,0.000001,
Tim,AACC,0.000001,
Quick,AACC,0.000003,
Selection,AACC,0.000027,
Bubble,AACC,0.000001,
Merge,AACC,0.000003,
Shell,AACC,0.000003,
Quad,AACD,0.000002,
Tim,AACD,0.000001,
Quick,AACD,0.000003,
Selection,AACD,0.000029,
Bubble,AACD,0.000031,
Merge,AACD,0.000004,
Shell,AACD,0.000004,
Quad,AACR,0.000002,
Tim,AACR,0.000002,
Quick,AACR,0.000003,
Selection,AACR,0.000027,
Bubble,AACR,0.000014,
Merge,AACR,0.000003,
Shell,AACR,0.000004,
Quad,AADA,0.000002,
Tim,AADA,0.000002,
Quick,AADA,0.000004,
Selection,AADA,0.000029,
Bubble,AADA,0.000022,
Merge,AADA,0.000004,
Shell,AADA,0.000004,
Quad,AADC,0.000002,
Tim,AADC,0.000002,
Quick,AADC,0.000004,
Selection,AADC,0.000030,
Bubble,AADC,0.000027,
Merge,AADC,0.000004,
Shell,AADC,0.000004,
Quad,AADD,0.000002,
Tim,AADD,0.000002,
Quick,AADD,0.000004,
Selection,AADD,0.000031,
Bubble,AADD,0.000037,
Merge,AADD,0.000005,
Shell,AADD,0.000005,
Quad,AADR,0.000002,
Tim,AADR,0.000003,
Quick,AADR,0.000004,
Selection,AADR,0.000030,
Bubble,AADR,0.000031,
Merge,AADR,0.000005,
Shell,AADR,0.000004,
Quad,AARA,0.000002,
Tim,AARA,0.000002,
Quick,AARA,0.000003,
Selection,AARA,0.000027,
Bubble,AARA,0.000004,
Merge,AARA,0.000003,
Shell,AARA,0.000004,
Quad,AARC,0.000002,
Tim,AARC,0.000002,
Quick,AARC,0.000003,
Selection,AARC,0.000027,
Bubble,AARC,0.000003,
Merge,AARC,0.000003,
Shell,AARC,0.000003,
Quad,AARD,0.000002,
Tim,AARD,0.000002,
Quick,AARD,0.000004,
Selection,AARD,0.000028,
Bubble,AARD,0.000029,
Merge,AARD,0.000004,
Shell,AARD,0.000004,
Quad,AARR,0.000002,
Tim,AARR,0.000003,
Quick,AARR,0.000003,
Selection,AARR,0.000028,
Bubble,AARR,0.000012,
Merge,AARR,0.000004,
Shell,AARR,0.000004,
Quad,ACAA,0.000001,
Tim,ACAA,0.000001,
Quick,ACAA,0.000003,
Selection,ACAA,0.000027,
Bubble,ACAA,0.000000,
Merge,ACAA,0.000003,
Shell,ACAA,0.000003,
Quad,ACAC,0.000001,
Tim,ACAC,0.000001,
Quick,ACAC,0.000003,
Selection,ACAC,0.000027,
Bubble,ACAC,0.000000,
Merge,ACAC,0.000003,
Shell,ACAC,0.000003,
Quad,ACAD,0.000001,
Tim,ACAD,0.000001,
Quick,ACAD,0.000003,
Selection,ACAD,0.000028,
Bubble,ACAD,0.000022,
Merge,ACAD,0.000004,
Shell,ACAD,0.000004,
Quad,ACAR,0.000001,
Tim,ACAR,0.000001,
Quick,ACAR,0.000003,
Selection,ACAR,0.000027,
Bubble,ACAR,0.000004,
Merge,ACAR,0.000003,
Shell,ACAR,0.000003,
Quad,ACCA,0.000001,
Tim,ACCA,0.000001,
Quick,ACCA,0.000003,
Selection,ACCA,0.000027,
Bubble,ACCA,0.000000,
Merge,ACCA,0.000003,
Shell,ACCA,0.000003,
Quad,ACCC,0.000001,
Tim,ACCC,0.000001,
Quick,ACCC,0.000003,
Selection,ACCC,0.000027,
Bubble,ACCC,0.000000,
Merge,ACCC,0.000003,
Shell,ACCC,0.000003,
Quad,ACCD,0.000002,
Tim,ACCD,0.000002,
Quick,ACCD,0.000003,
Selection,ACCD,0.000029,
Bubble,ACCD,0.000035,
Merge,ACCD,0.000004,
Shell,ACCD,0.000004,
Quad,ACCR,0.000002,
Tim,ACCR,0.000002,
Quick,ACCR,0.000003,
Selection,ACCR,0.000027,
Bubble,ACCR,0.000023,
Merge,ACCR,0.000003,
Shell,ACCR,0.000004,
Quad,ACDA,0.000002,
Tim,ACDA,0.000002,
Quick,ACDA,0.000003,
Selection,ACDA,0.000030,
Bubble,ACDA,0.000033,
Merge,ACDA,0.000004,
Shell,ACDA,0.000004,
Quad,ACDC,0.000002,
Tim,ACDC,0.000002,
Quick,ACDC,0.000003,
Selection,ACDC,0.000031,
Bubble,ACDC,0.000038,
Merge,ACDC,0.000004,
Shell,ACDC,0.000004,
Quad,ACDD,0.000002,
Tim,ACDD,0.000002,
Quick,ACDD,0.000004,
Selection,ACDD,0.000032,
Bubble,ACDD,0.000041,
Merge,ACDD,0.000005,
Shell,ACDD,0.000004,
Quad,ACDR,0.000002,
Tim,ACDR,0.000003,
Quick,ACDR,0.000004,
Selection,ACDR,0.000031,
Bubble,ACDR,0.000039,
Merge,ACDR,0.000004,
Shell,ACDR,0.000004,
Quad,ACRA,0.000002,
Tim,ACRA,0.000003,
Quick,ACRA,0.000003,
Selection,ACRA,0.000027,
Bubble,ACRA,0.000012,
Merge,ACRA,0.000003,
Shell,ACRA,0.000004,
Quad,ACRC,0.000002,
Tim,ACRC,0.000002,
Quick,ACRC,0.000003,
Selection,ACRC,0.000027,
Bubble,ACRC,0.000012,
Merge,ACRC,0.000003,
Shell,ACRC,0.000004,
Quad,ACRD,0.000002,
Tim,ACRD,0.000003,
Quick,ACRD,0.000004,
Selection,ACRD,0.000029,
Bubble,ACRD,0.000037,
Merge,ACRD,0.000005,
Shell,ACRD,0.000005,
Quad,ACRR,0.000002,
Tim,ACRR,0.000003,
Quick,ACRR,0.000004,
Selection,ACRR,0.000028,
Bubble,ACRR,0.000019,
Merge,ACRR,0.000004,
Shell,ACRR,0.000004,
Quad,ADAA,0.000002,
Tim,ADAA,0.000002,
Quick,ADAA,0.000004,
Selection,ADAA,0.000030,
Bubble,ADAA,0.000016,
Merge,ADAA,0.000004,
Shell,ADAA,0.000004,
Quad,ADAC,0.000002,
Tim,ADAC,0.000002,
Quick,ADAC,0.000004,
Selection,ADAC,0.000030,
Bubble,ADAC,0.000016,
Merge,ADAC,0.000004,
Shell,ADAC,0.000004,
Quad,ADAD,0.000002,
Tim,ADAD,0.000003,
Quick,ADAD,0.000004,
Selection,ADAD,0.000032,
Bubble,ADAD,0.000039,
Merge,ADAD,0.000005,
Shell,ADAD,0.000006,
Quad,ADAR,0.000003,
Tim,ADAR,0.000003,
Quick,ADAR,0.000004,
Selection,ADAR,0.000030,
Bubble,ADAR,0.000020,
Merge,ADAR,0.000005,
Shell,ADAR,0.000005,
Quad,ADCA,0.000002,
Tim,ADCA,0.000002,
Quick,ADCA,0.000004,
Selection,ADCA,0.000032,
Bubble,ADCA,0.000027,
Merge,ADCA,0.000004,
Shell,ADCA,0.000004,
Quad,ADCC,0.000002,
Tim,ADCC,0.000002,
Quick,ADCC,0.000003,
Selection,ADCC,0.000032,
Bubble,ADCC,0.000033,
Merge,ADCC,0.000004,
Shell,ADCC,0.000004,
Quad,ADCD,0.000002,
Tim,ADCD,0.000003,
Quick,ADCD,0.000004,
Selection,ADCD,0.000033,
Bubble,ADCD,0.000044,
Merge,ADCD,0.000005,
Shell,ADCD,0.000004,
Quad,ADCR,0.000002,
Tim,ADCR,0.000003,
Quick,ADCR,0.000004,
Selection,ADCR,0.000032,
Bubble,ADCR,0.000038,
Merge,ADCR,0.000004,
Shell,ADCR,0.000005,
Quad,ADDA,0.000002,
Tim,ADDA,0.000002,
Quick,ADDA,0.000004,
Selection,ADDA,0.000035,
Bubble,ADDA,0.000039,
Merge,ADDA,0.000005,
Shell,ADDA,0.000005,
Quad,ADDC,0.000002,
Tim,ADDC,0.000002,
Quick,ADDC,0.000004,
Selection,ADDC,0.000035,
Bubble,ADDC,0.000042,
Merge,ADDC,0.000005,
Shell,ADDC,0.000005,
Quad,ADDD,0.000002,
Tim,ADDD,0.000002,
Quick,ADDD,0.000004,
Selection,ADDD,0.000037,
Bubble,ADDD,0.000045,
Merge,ADDD,0.000006,
Shell,ADDD,0.000005,
Quad,ADDR,0.000002,
Tim,ADDR,0.000003,
Quick,ADDR,0.000004,
Selection,ADDR,0.000036,
Bubble,ADDR,0.000043,
Merge,ADDR,0.000006,
Shell,ADDR,0.000005,
Quad,ADRA,0.000003,
Tim,ADRA,0.000003,
Quick,ADRA,0.000004,
Selection,ADRA,0.000032,
Bubble,ADRA,0.000028,
Merge,ADRA,0.000005,
Shell,ADRA,0.000005,
Quad,ADRC,0.000002,
Tim,ADRC,0.000003,
Quick,ADRC,0.000003,
Selection,ADRC,0.000032,
Bubble,ADRC,0.000033,
Merge,ADRC,0.000004,
Shell,ADRC,0.000005,
Quad,ADRD,0.000002,
Tim,ADRD,0.000003,
Quick,ADRD,0.000004,
Selection,ADRD,0.000033,
Bubble,ADRD,0.000044,
Merge,ADRD,0.000006,
Shell,ADRD,0.000005,
Quad,ADRR,0.000003,
Tim,ADRR,0.000004,
Quick,ADRR,0.000004,
Selection,ADRR,0.000033,
Bubble,ADRR,0.000038,
Merge,ADRR,0.000005,
Shell,ADRR,0.000005,
Quad,ARAA,0.000001,
Tim,ARAA,0.000003,
Quick,ARAA,0.000003,
Selection,ARAA,0.000027,
Bubble,ARAA,0.000004,
Merge,ARAA,0.000003,
Shell,ARAA,0.000004,
Quad,ARAC,0.000001,
Tim,ARAC,0.000003,
Quick,ARAC,0.000003,
Selection,ARAC,0.000027,
Bubble,ARAC,0.000004,
Merge,ARAC,0.000003,
Shell,ARAC,0.000004,
Quad,ARAD,0.000002,
Tim,ARAD,0.000003,
Quick,ARAD,0.000004,
Selection,ARAD,0.000028,
Bubble,ARAD,0.000023,
Merge,ARAD,0.000004,
Shell,ARAD,0.000004,
Quad,ARAR,0.000002,
Tim,ARAR,0.000004,
Quick,ARAR,0.000004,
Selection,ARAR,0.000027,
Bubble,ARAR,0.000008,
Merge,ARAR,0.000004,
Shell,ARAR,0.000004,
Quad,ARCA,0.000002,
Tim,ARCA,0.000003,
Quick,ARCA,0.000003,
Selection,ARCA,0.000027,
Bubble,ARCA,0.000004,
Merge,ARCA,0.000003,
Shell,ARCA,0.000004,
Quad,ARCC,0.000002,
Tim,ARCC,0.000003,
Quick,ARCC,0.000003,
Selection,ARCC,0.000028,
Bubble,ARCC,0.000005,
Merge,ARCC,0.000004,
Shell,ARCC,0.000004,
Quad,ARCD,0.000002,
Tim,ARCD,0.000004,
Quick,ARCD,0.000004,
Selection,ARCD,0.000029,
Bubble,ARCD,0.000036,
Merge,ARCD,0.000005,
Shell,ARCD,0.000005,
Quad,ARCR,0.000002,
Tim,ARCR,0.000004,
Quick,ARCR,0.000004,
Selection,ARCR,0.000028,
Bubble,ARCR,0.000020,
Merge,ARCR,0.000004,
Shell,ARCR,0.000004,
Quad,ARDA,0.000003,
Tim,ARDA,0.000004,
Quick,ARDA,0.000004,
Selection,ARDA,0.000030,
Bubble,ARDA,0.000033,
Merge,ARDA,0.000005,
Shell,ARDA,0.000005,
Quad,ARDC,0.000002,
Tim,ARDC,0.000004,
Quick,ARDC,0.000004,
Selection,ARDC,0.000030,
Bubble,ARDC,0.000039,
Merge,ARDC,0.000005,
Shell,ARDC,0.000005,
Quad,ARDD,0.000002,
Tim,ARDD,0.000004,
Quick,ARDD,0.000004,
Selection,ARDD,0.000031,
Bubble,ARDD,0.000042,
Merge,ARDD,0.000006,
Shell,ARDD,0.000005,
Quad,ARDR,0.000003,
Tim,ARDR,0.000005,
Quick,ARDR,0.000004,
Selection,ARDR,0.000031,
Bubble,ARDR,0.000040,
Merge,ARDR,0.000006,
Shell,ARDR,0.000005,
Quad,ARRA,0.000002,
Tim,ARRA,0.000004,
Quick,ARRA,0.000004,
Selection,ARRA,0.000028,
Bubble,ARRA,0.000009,
Merge,ARRA,0.000004,
Shell,ARRA,0.000004,
Quad,ARRC,0.000002,
Tim,ARRC,0.000004,
Quick,ARRC,0.000003,
Selection,ARRC,0.000028,
Bubble,ARRC,0.000009,
Merge,ARRC,0.000004,
Shell,ARRC,0.000004,
Quad,ARRD,0.000003,
Tim,ARRD,0.000004,
Quick,ARRD,0.000004,
Selection,ARRD,0.000029,
Bubble,ARRD,0.000036,
Merge,ARRD,0.000005,
Shell,ARRD,0.000005,
Quad,ARRR,0.000003,
Tim,ARRR,0.000005,
Quick,ARRR,0.000004,
Selection,ARRR,0.000028,
Bubble,ARRR,0.000017,
Merge,ARRR,0.000005,
Shell,ARRR,0.000004,
Quad,CAAA,0.000001,
Tim,CAAA,0.000001,
Quick,CAAA,0.000003,
Selection,CAAA,0.000027,
Bubble,CAAA,0.000000,
Merge,CAAA,0.000003,
Shell,CAAA,0.000003,
Quad,CAAC,0.000001,
Tim,CAAC,0.000001,
Quick,CAAC,0.000003,
Selection,CAAC,0.000027,
Bubble,CAAC,0.000000,
Merge,CAAC,0.000003,
Shell,CAAC,0.000003,
Quad,CAAD,0.000001,
Tim,CAAD,0.000001,
Quick,CAAD,0.000003,
Selection,CAAD,0.000028,
Bubble,CAAD,0.000022,
Merge,CAAD,0.000004,
Shell,CAAD,0.000004,
Quad,CAAR,0.000001,
Tim,CAAR,0.000002,
Quick,CAAR,0.000003,
Selection,CAAR,0.000027,
Bubble,CAAR,0.000005,
Merge,CAAR,0.000003,
Shell,CAAR,0.000003,
Quad,CACA,0.000001,
Tim,CACA,0.000001,
Quick,CACA,0.000003,
Selection,CACA,0.000027,
Bubble,CACA,0.000000,
Merge,CACA,0.000003,
Shell,CACA,0.000003,
Quad,CACC,0.000001,
Tim,CACC,0.000001,
Quick,CACC,0.000003,
Selection,CACC,0.000027,
Bubble,CACC,0.000000,
Merge,CACC,0.000003,
Shell,CACC,0.000003,
Quad,CACD,0.000002,
Tim,CACD,0.000002,
Quick,CACD,0.000003,
Selection,CACD,0.000029,
Bubble,CACD,0.000033,
Merge,CACD,0.000004,
Shell,CACD,0.000004,
Quad,CACR,0.000002,
Tim,CACR,0.000002,
Quick,CACR,0.000003,
Selection,CACR,0.000027,
Bubble,CACR,0.000017,
Merge,CACR,0.000003,
Shell,CACR,0.000004,
Quad,CADA,0.000002,
Tim,CADA,0.000002,
Quick,CADA,0.000004,
Selection,CADA,0.000030,
Bubble,CADA,0.000025,
Merge,CADA,0.000004,
Shell,CADA,0.000004,
Quad,CADC,0.000002,
Tim,CADC,0.000002,
Quick,CADC,0.000004,
Selection,CADC,0.000031,
Bubble,CADC,0.000036,
Merge,CADC,0.000004,
Shell,CADC,0.000004,
Quad,CADD,0.000002,
Tim,CADD,0.000002,
Quick,CADD,0.000004,
Selection,CADD,0.000031,
Bubble,CADD,0.000039,
Merge,CADD,0.000005,
Shell,CADD,0.000004,
Quad,CADR,0.000002,
Tim,CADR,0.000003,
Quick,CADR,0.000004,
Selection,CADR,0.000031,
Bubble,CADR,0.000037,
Merge,CADR,0.000004,
Shell,CADR,0.000004,
Quad,CARA,0.000002,
Tim,CARA,0.000002,
Quick,CARA,0.000003,
Selection,CARA,0.000027,
Bubble,CARA,0.000006,
Merge,CARA,0.000003,
Shell,CARA,0.000004,
Quad,CARC,0.000002,
Tim,CARC,0.000002,
Quick,CARC,0.000003,
Selection,CARC,0.000027,
Bubble,CARC,0.000006,
Merge,CARC,0.000003,
Shell,CARC,0.000004,
Quad,CARD,0.000002,
Tim,CARD,0.000003,
Quick,CARD,0.000004,
Selection,CARD,0.000029,
Bubble,CARD,0.000031,
Merge,CARD,0.000005,
Shell,CARD,0.000004,
Quad,CARR,0.000002,
Tim,CARR,0.000003,
Quick,CARR,0.000003,
Selection,CARR,0.000027,
Bubble,CARR,0.000012,
Merge,CARR,0.000004,
Shell,CARR,0.000004,
Quad,CCAA,0.000001,
Tim,CCAA,0.000001,
Quick,CCAA,0.000003,
Selection,CCAA,0.000027,
Bubble,CCAA,0.000000,
Merge,CCAA,0.000003,
Shell,CCAA,0.000003,
Quad,CCAC,0.000001,
Tim,CCAC,0.000000,
Quick,CCAC,0.000003,
Selection,CCAC,0.000027,
Bubble,CCAC,0.000000,
Merge,CCAC,0.000003,
Shell,CCAC,0.000003,
Quad,CCAD,0.000002,
Tim,CCAD,0.000001,
Quick,CCAD,0.000003,
Selection,CCAD,0.000028,
Bubble,CCAD,0.000030,
Merge,CCAD,0.000004,
Shell,CCAD,0.000004,
Quad,CCAR,0.000001,
Tim,CCAR,0.000002,
Quick,CCAR,0.000003,
Selection,CCAR,0.000027,
Bubble,CCAR,0.000008,
Merge,CCAR,0.000003,
Shell,CCAR,0.000004,
Quad,CCCA,0.000001,
Tim,CCCA,0.000001,
Quick,CCCA,0.000003,
Selection,CCCA,0.000027,
Bubble,CCCA,0.000000,
Merge,CCCA,0.000003,
Shell,CCCA,0.000003,
Quad,CCCC,0.000001,
Tim,CCCC,0.000001,
Quick,CCCC,0.000003,
Selection,CCCC,0.000027,
Bubble,CCCC,0.000000,
Merge,CCCC,0.000003,
Shell,CCCC,0.000003,
Quad,CCCD,0.000002,
Tim,CCCD,0.000001,
Quick,CCCD,0.000003,
Selection,CCCD,0.000028,
Bubble,CCCD,0.000036,
Merge,CCCD,0.000004,
Shell,CCCD,0.000004,
Quad,CCCR,0.000002,
Tim,CCCR,0.000002,
Quick,CCCR,0.000003,
Selection,CCCR,0.000027,
Bubble,CCCR,0.000020,
Merge,CCCR,0.000003,
Shell,CCCR,0.000003,
Quad,CCDA,0.000002,
Tim,CCDA,0.000002,
Quick,CCDA,0.000003,
Selection,CCDA,0.000029,
Bubble,CCDA,0.000035,
Merge,CCDA,0.000004,
Shell,CCDA,0.000004,
Quad,CCDC,0.000001,
Tim,CCDC,0.000002,
Quick,CCDC,0.000003,
Selection,CCDC,0.000030,
Bubble,CCDC,0.000039,
Merge,CCDC,0.000004,
Shell,CCDC,0.000004,
Quad,CCDD,0.000002,
Tim,CCDD,0.000002,
Quick,CCDD,0.000003,
Selection,CCDD,0.000031,
Bubble,CCDD,0.000043,
Merge,CCDD,0.000005,
Shell,CCDD,0.000004,
Quad,CCDR,0.000002,
Tim,CCDR,0.000003,
Quick,CCDR,0.000004,
Selection,CCDR,0.000031,
Bubble,CCDR,0.000041,
Merge,CCDR,0.000005,
Shell,CCDR,0.000004,
Quad,CCRA,0.000002,
Tim,CCRA,0.000002,
Quick,CCRA,0.000003,
Selection,CCRA,0.000027,
Bubble,CCRA,0.000011,
Merge,CCRA,0.000003,
Shell,CCRA,0.000004,
Quad,CCRC,0.000002,
Tim,CCRC,0.000002,
Quick,CCRC,0.000003,
Selection,CCRC,0.000027,
Bubble,CCRC,0.000011,
Merge,CCRC,0.000003,
Shell,CCRC,0.000003,
Quad,CCRD,0.000002,
Tim,CCRD,0.000003,
Quick,CCRD,0.000004,
Selection,CCRD,0.000028,
Bubble,CCRD,0.000037,
Merge,CCRD,0.000004,
Shell,CCRD,0.000004,
Quad,CCRR,0.000002,
Tim,CCRR,0.000003,
Quick,CCRR,0.000003,
Selection,CCRR,0.000027,
Bubble,CCRR,0.000014,
Merge,CCRR,0.000004,
Shell,CCRR,0.000004,
Quad,CDAA,0.000002,
Tim,CDAA,0.000002,
Quick,CDAA,0.000003,
Selection,CDAA,0.000030,
Bubble,CDAA,0.000019,
Merge,CDAA,0.000004,
Shell,CDAA,0.000004,
Quad,CDAC,0.000002,
Tim,CDAC,0.000002,
Quick,CDAC,0.000003,
Selection,CDAC,0.000030,
Bubble,CDAC,0.000019,
Merge,CDAC,0.000004,
Shell,CDAC,0.000004,
Quad,CDAD,0.000002,
Tim,CDAD,0.000003,
Quick,CDAD,0.000004,
Selection,CDAD,0.000032,
Bubble,CDAD,0.000042,
Merge,CDAD,0.000005,
Shell,CDAD,0.000005,
Quad,CDAR,0.000002,
Tim,CDAR,0.000003,
Quick,CDAR,0.000004,
Selection,CDAR,0.000030,
Bubble,CDAR,0.000020,
Merge,CDAR,0.000004,
Shell,CDAR,0.000004,
Quad,CDCA,0.000002,
Tim,CDCA,0.000002,
Quick,CDCA,0.000003,
Selection,CDCA,0.000031,
Bubble,CDCA,0.000030,
Merge,CDCA,0.000004,
Shell,CDCA,0.000004,
Quad,CDCC,0.000002,
Tim,CDCC,0.000002,
Quick,CDCC,0.000003,
Selection,CDCC,0.000033,
Bubble,CDCC,0.000034,
Merge,CDCC,0.000004,
Shell,CDCC,0.000004,
Quad,CDCD,0.000002,
Tim,CDCD,0.000003,
Quick,CDCD,0.000004,
Selection,CDCD,0.000034,
Bubble,CDCD,0.000045,
Merge,CDCD,0.000005,
Shell,CDCD,0.000004,
Quad,CDCR,0.000002,
Tim,CDCR,0.000004,
Quick,CDCR,0.000003,
Selection,CDCR,0.000033,
Bubble,CDCR,0.000041,
Merge,CDCR,0.000005,
Shell,CDCR,0.000005,
Quad,CDDA,0.000002,
Tim,CDDA,0.000002,
Quick,CDDA,0.000004,
Selection,CDDA,0.000035,
Bubble,CDDA,0.000040,
Merge,CDDA,0.000005,
Shell,CDDA,0.000005,
Quad,CDDC,0.000002,
Tim,CDDC,0.000002,
Quick,CDDC,0.000004,
Selection,CDDC,0.000035,
Bubble,CDDC,0.000042,
Merge,CDDC,0.000005,
Shell,CDDC,0.000004,
Quad,CDDD,0.000002,
Tim,CDDD,0.000002,
Quick,CDDD,0.000004,
Selection,CDDD,0.000036,
Bubble,CDDD,0.000046,
Merge,CDDD,0.000006,
Shell,CDDD,0.000005,
Quad,CDDR,0.000002,
Tim,CDDR,0.000003,
Quick,CDDR,0.000004,
Selection,CDDR,0.000036,
Bubble,CDDR,0.000043,
Merge,CDDR,0.000005,
Shell,CDDR,0.000005,
Quad,CDRA,0.000002,
Tim,CDRA,0.000003,
Quick,CDRA,0.000004,
Selection,CDRA,0.000032,
Bubble,CDRA,0.000031,
Merge,CDRA,0.000005,
Shell,CDRA,0.000004,
Quad,CDRC,0.000002,
Tim,CDRC,0.000003,
Quick,CDRC,0.000004,
Selection,CDRC,0.000033,
Bubble,CDRC,0.000035,
Merge,CDRC,0.000005,
Shell,CDRC,0.000005,
Quad,CDRD,0.000002,
Tim,CDRD,0.000004,
Quick,CDRD,0.000004,
Selection,CDRD,0.000034,
Bubble,CDRD,0.000045,
Merge,CDRD,0.000006,
Shell,CDRD,0.000005,
Quad,CDRR,0.000002,
Tim,CDRR,0.000005,
Quick,CDRR,0.000004,
Selection,CDRR,0.000033,
Bubble,CDRR,0.000039,
Merge,CDRR,0.000005,
Shell,CDRR,0.000005,
Quad,CRAA,0.000001,
Tim,CRAA,0.000002,
Quick,CRAA,0.000003,
Selection,CRAA,0.000027,
Bubble,CRAA,0.000005,
Merge,CRAA,0.000003,
Shell,CRAA,0.000004,
Quad,CRAC,0.000001,
Tim,CRAC,0.000002,
Quick,CRAC,0.000003,
Selection,CRAC,0.000027,
Bubble,CRAC,0.000005,
Merge,CRAC,0.000003,
Shell,CRAC,0.000004,
Quad,CRAD,0.000002,
Tim,CRAD,0.000003,
Quick,CRAD,0.000003,
Selection,CRAD,0.000028,
Bubble,CRAD,0.000023,
Merge,CRAD,0.000004,
Shell,CRAD,0.000004,
Quad,CRAR,0.000002,
Tim,CRAR,0.000003,
Quick,CRAR,0.000003,
Selection,CRAR,0.000027,
Bubble,CRAR,0.000008,
Merge,CRAR,0.000004,
Shell,CRAR,0.000004,
Quad,CRCA,0.000001,
Tim,CRCA,0.000002,
Quick,CRCA,0.000003,
Selection,CRCA,0.000027,
Bubble,CRCA,0.000005,
Merge,CRCA,0.000003,
Shell,CRCA,0.000004,
Quad,CRCC,0.000001,
Tim,CRCC,0.000002,
Quick,CRCC,0.000003,
Selection,CRCC,0.000027,
Bubble,CRCC,0.000005,
Merge,CRCC,0.000003,
Shell,CRCC,0.000004,
Quad,CRCD,0.000002,
Tim,CRCD,0.000003,
Quick,CRCD,0.000004,
Selection,CRCD,0.000029,
Bubble,CRCD,0.000037,
Merge,CRCD,0.000004,
Shell,CRCD,0.000004,
Quad,CRCR,0.000002,
Tim,CRCR,0.000003,
Quick,CRCR,0.000003,
Selection,CRCR,0.000027,
Bubble,CRCR,0.000020,
Merge,CRCR,0.000004,
Shell,CRCR,0.000004,
Quad,CRDA,0.000002,
Tim,CRDA,0.000003,
Quick,CRDA,0.000004,
Selection,CRDA,0.000029,
Bubble,CRDA,0.000037,
Merge,CRDA,0.000004,
Shell,CRDA,0.000005,
Quad,CRDC,0.000002,
Tim,CRDC,0.000003,
Quick,CRDC,0.000004,
Selection,CRDC,0.000030,
Bubble,CRDC,0.000040,
Merge,CRDC,0.000004,
Shell,CRDC,0.000004,
Quad,CRDD,0.000002,
Tim,CRDD,0.000004,
Quick,CRDD,0.000004,
Selection,CRDD,0.000031,
Bubble,CRDD,0.000043,
Merge,CRDD,0.000006,
Shell,CRDD,0.000005,
Quad,CRDR,0.000002,
Tim,CRDR,0.000004,
Quick,CRDR,0.000004,
Selection,CRDR,0.000030,
Bubble,CRDR,0.000042,
Merge,CRDR,0.000005,
Shell,CRDR,0.000005,
Quad,CRRA,0.000002,
Tim,CRRA,0.000003,
Quick,CRRA,0.000003,
Selection,CRRA,0.000028,
Bubble,CRRA,0.000008,
Merge,CRRA,0.000004,
Shell,CRRA,0.000004,
Quad,CRRC,0.000002,
Tim,CRRC,0.000003,
Quick,CRRC,0.000004,
Selection,CRRC,0.000028,
Bubble,CRRC,0.000008,
Merge,CRRC,0.000004,
Shell,CRRC,0.000004,
Quad,CRRD,0.000003,
Tim,CRRD,0.000004,
Quick,CRRD,0.000004,
Selection,CRRD,0.000029,
Bubble,CRRD,0.000038,
Merge,CRRD,0.000005,
Shell,CRRD,0.000005,
Quad,CRRR,0.000003,
Tim,CRRR,0.000004,
Quick,CRRR,0.000004,
Selection,CRRR,0.000028,
Bubble,CRRR,0.000015,
Merge,CRRR,0.000005,
Shell,CRRR,0.000004,
Quad,DAAA,0.000001,
Tim,DAAA,0.000001,
Quick,DAAA,0.000003,
Selection,DAAA,0.000029,
Bubble,DAAA,0.000006,
Merge,DAAA,0.000004,
Shell,DAAA,0.000004,
Quad,DAAC,0.000001,
Tim,DAAC,0.000001,
Quick,DAAC,0.000003,
Selection,DAAC,0.000029,
Bubble,DAAC,0.000006,
Merge,DAAC,0.000004,
Shell,DAAC,0.000004,
Quad,DAAD,0.000002,
Tim,DAAD,0.000002,
Quick,DAAD,0.000004,
Selection,DAAD,0.000030,
Bubble,DAAD,0.000025,
Merge,DAAD,0.000005,
Shell,DAAD,0.000005,
Quad,DAAR,0.000002,
Tim,DAAR,0.000002,
Quick,DAAR,0.000004,
Selection,DAAR,0.000029,
Bubble,DAAR,0.000010,
Merge,DAAR,0.000005,
Shell,DAAR,0.000004,
Quad,DACA,0.000001,
Tim,DACA,0.000001,
Quick,DACA,0.000003,
Selection,DACA,0.000029,
Bubble,DACA,0.000006,
Merge,DACA,0.000004,
Shell,DACA,0.000004,
Quad,DACC,0.000001,
Tim,DACC,0.000001,
Quick,DACC,0.000003,
Selection,DACC,0.000029,
Bubble,DACC,0.000006,
Merge,DACC,0.000004,
Shell,DACC,0.000004,
Quad,DACD,0.000002,
Tim,DACD,0.000002,
Quick,DACD,0.000004,
Selection,DACD,0.000031,
Bubble,DACD,0.000036,
Merge,DACD,0.000005,
Shell,DACD,0.000005,
Quad,DACR,0.000002,
Tim,DACR,0.000002,
Quick,DACR,0.000004,
Selection,DACR,0.000029,
Bubble,DACR,0.000017,
Merge,DACR,0.000004,
Shell,DACR,0.000004,
Quad,DADA,0.000002,
Tim,DADA,0.000003,
Quick,DADA,0.000004,
Selection,DADA,0.000032,
Bubble,DADA,0.000031,
Merge,DADA,0.000005,
Shell,DADA,0.000006,
Quad,DADC,0.000002,
Tim,DADC,0.000003,
Quick,DADC,0.000004,
Selection,DADC,0.000032,
Bubble,DADC,0.000038,
Merge,DADC,0.000005,
Shell,DADC,0.000005,
Quad,DADD,0.000002,
Tim,DADD,0.000003,
Quick,DADD,0.000004,
Selection,DADD,0.000033,
Bubble,DADD,0.000043,
Merge,DADD,0.000006,
Shell,DADD,0.000005,
Quad,DADR,0.000003,
Tim,DADR,0.000004,
Quick,DADR,0.000004,
Selection,DADR,0.000032,
Bubble,DADR,0.000040,
Merge,DADR,0.000006,
Shell,DADR,0.000005,
Quad,DARA,0.000002,
Tim,DARA,0.000002,
Quick,DARA,0.000003,
Selection,DARA,0.000029,
Bubble,DARA,0.000007,
Merge,DARA,0.000004,
Shell,DARA,0.000004,
Quad,DARC,0.000002,
Tim,DARC,0.000004,
Quick,DARC,0.000004,
Selection,DARC,0.000029,
Bubble,DARC,0.000018,
Merge,DARC,0.000005,
Shell,DARC,0.000005,
Quad,DARD,0.000003,
Tim,DARD,0.000005,
Quick,DARD,0.000004,
Selection,DARD,0.000032,
Bubble,DARD,0.000039,
Merge,DARD,0.000006,
Shell,DARD,0.000006,
Quad,DARR,0.000003,
Tim,DARR,0.000005,
Quick,DARR,0.000004,
Selection,DARR,0.000030,
Bubble,DARR,0.000019,
Merge,DARR,0.000006,
Shell,DARR,0.000005,
Quad,DCAA,0.000002,
Tim,DCAA,0.000002,
Quick,DCAA,0.000003,
Selection,DCAA,0.000031,
Bubble,DCAA,0.000012,
Merge,DCAA,0.000004,
Shell,DCAA,0.000004,
Quad,DCAC,0.000002,
Tim,DCAC,0.000002,
Quick,DCAC,0.000003,
Selection,DCAC,0.000031,
Bubble,DCAC,0.000012,
Merge,DCAC,0.000004,
Shell,DCAC,0.000004,
Quad,DCAD,0.000002,
Tim,DCAD,0.000002,
Quick,DCAD,0.000004,
Selection,DCAD,0.000033,
Bubble,DCAD,0.000038,
Merge,DCAD,0.000005,
Shell,DCAD,0.000005,
Quad,DCAR,0.000002,
Tim,DCAR,0.000004,
Quick,DCAR,0.000004,
Selection,DCAR,0.000031,
Bubble,DCAR,0.000021,
Merge,DCAR,0.000005,
Shell,DCAR,0.000004,
Quad,DCCA,0.000002,
Tim,DCCA,0.000002,
Quick,DCCA,0.000003,
Selection,DCCA,0.000032,
Bubble,DCCA,0.000017,
Merge,DCCA,0.000004,
Shell,DCCA,0.000004,
Quad,DCCC,0.000002,
Tim,DCCC,0.000002,
Quick,DCCC,0.000003,
Selection,DCCC,0.000033,
Bubble,DCCC,0.000020,
Merge,DCCC,0.000004,
Shell,DCCC,0.000004,
Quad,DCCD,0.000002,
Tim,DCCD,0.000002,
Quick,DCCD,0.000003,
Selection,DCCD,0.000035,
Bubble,DCCD,0.000042,
Merge,DCCD,0.000005,
Shell,DCCD,0.000004,
Quad,DCCR,0.000002,
Tim,DCCR,0.000004,
Quick,DCCR,0.000004,
Selection,DCCR,0.000034,
Bubble,DCCR,0.000039,
Merge,DCCR,0.000005,
Shell,DCCR,0.000004,
Quad,DCDA,0.000002,
Tim,DCDA,0.000003,
Quick,DCDA,0.000004,
Selection,DCDA,0.000035,
Bubble,DCDA,0.000038,
Merge,DCDA,0.000005,
Shell,DCDA,0.000005,
Quad,DCDC,0.000002,
Tim,DCDC,0.000003,
Quick,DCDC,0.000003,
Selection,DCDC,0.000037,
Bubble,DCDC,0.000043,
Merge,DCDC,0.000005,
Shell,DCDC,0.000004,
Quad,DCDD,0.000002,
Tim,DCDD,0.000003,
Quick,DCDD,0.000004,
Selection,DCDD,0.000038,
Bubble,DCDD,0.000046,
Merge,DCDD,0.000006,
Shell,DCDD,0.000005,
Quad,DCDR,0.000002,
Tim,DCDR,0.000005,
Quick,DCDR,0.000004,
Selection,DCDR,0.000037,
Bubble,DCDR,0.000045,
Merge,DCDR,0.000006,
Shell,DCDR,0.000005,
Quad,DCRA,0.000002,
Tim,DCRA,0.000004,
Quick,DCRA,0.000004,
Selection,DCRA,0.000033,
Bubble,DCRA,0.000026,
Merge,DCRA,0.000005,
Shell,DCRA,0.000005,
Quad,DCRC,0.000002,
Tim,DCRC,0.000005,
Quick,DCRC,0.000004,
Selection,DCRC,0.000034,
Bubble,DCRC,0.000039,
Merge,DCRC,0.000005,
Shell,DCRC,0.000005,
Quad,DCRD,0.000002,
Tim,DCRD,0.000005,
Quick,DCRD,0.000004,
Selection,DCRD,0.000035,
Bubble,DCRD,0.000044,
Merge,DCRD,0.000006,
Shell,DCRD,0.000005,
Quad,DCRR,0.000003,
Tim,DCRR,0.000007,
Quick,DCRR,0.000004,
Selection,DCRR,0.000034,
Bubble,DCRR,0.000044,
Merge,DCRR,0.000006,
Shell,DCRR,0.000005,
Quad,DDAA,0.000002,
Tim,DDAA,0.000002,
Quick,DDAA,0.000004,
Selection,DDAA,0.000034,
Bubble,DDAA,0.000021,
Merge,DDAA,0.000005,
Shell,DDAA,0.000004,
Quad,DDAC,0.000002,
Tim,DDAC,0.000002,
Quick,DDAC,0.000004,
Selection,DDAC,0.000035,
Bubble,DDAC,0.000024,
Merge,DDAC,0.000005,
Shell,DDAC,0.000004,
Quad,DDAD,0.000002,
Tim,DDAD,0.000002,
Quick,DDAD,0.000004,
Selection,DDAD,0.000037,
Bubble,DDAD,0.000042,
Merge,DDAD,0.000006,
Shell,DDAD,0.000005,
Quad,DDAR,0.000002,
Tim,DDAR,0.000003,
Quick,DDAR,0.000004,
Selection,DDAR,0.000035,
Bubble,DDAR,0.000025,
Merge,DDAR,0.000005,
Shell,DDAR,0.000005,
Quad,DDCA,0.000002,
Tim,DDCA,0.000002,
Quick,DDCA,0.000004,
Selection,DDCA,0.000037,
Bubble,DDCA,0.000031,
Merge,DDCA,0.000005,
Shell,DDCA,0.000005,
Quad,DDCC,0.000002,
Tim,DDCC,0.000002,
Quick,DDCC,0.000003,
Selection,DDCC,0.000038,
Bubble,DDCC,0.000034,
Merge,DDCC,0.000005,
Shell,DDCC,0.000004,
Quad,DDCD,0.000002,
Tim,DDCD,0.000002,
Quick,DDCD,0.000004,
Selection,DDCD,0.000040,
Bubble,DDCD,0.000045,
Merge,DDCD,0.000006,
Shell,DDCD,0.000005,
Quad,DDCR,0.000002,
Tim,DDCR,0.000004,
Quick,DDCR,0.000004,
Selection,DDCR,0.000039,
Bubble,DDCR,0.000045,
Merge,DDCR,0.000006,
Shell,DDCR,0.000005,
Quad,DDDA,0.000002,
Tim,DDDA,0.000002,
Quick,DDDA,0.000004,
Selection,DDDA,0.000041,
Bubble,DDDA,0.000040,
Merge,DDDA,0.000006,
Shell,DDDA,0.000005,
Quad,DDDC,0.000002,
Tim,DDDC,0.000002,
Quick,DDDC,0.000004,
Selection,DDDC,0.000041,
Bubble,DDDC,0.000043,
Merge,DDDC,0.000006,
Shell,DDDC,0.000004,
Quad,DDDD,0.000002,
Tim,DDDD,0.000002,
Quick,DDDD,0.000004,
Selection,DDDD,0.000042,
Bubble,DDDD,0.000046,
Merge,DDDD,0.000007,
Shell,DDDD,0.000005,
Quad,DDDR,0.000002,
Tim,DDDR,0.000002,
Quick,DDDR,0.000004,
Selection,DDDR,0.000042,
Bubble,DDDR,0.000043,
Merge,DDDR,0.000006,
Shell,DDDR,0.000005,
Quad,DDRA,0.000002,
Tim,DDRA,0.000004,
Quick,DDRA,0.000004,
Selection,DDRA,0.000038,
Bubble,DDRA,0.000035,
Merge,DDRA,0.000006,
Shell,DDRA,0.000005,
Quad,DDRC,0.000002,
Tim,DDRC,0.000004,
Quick,DDRC,0.000004,
Selection,DDRC,0.000039,
Bubble,DDRC,0.000040,
Merge,DDRC,0.000006,
Shell,DDRC,0.000005,
Quad,DDRD,0.000002,
Tim,DDRD,0.000004,
Quick,DDRD,0.000004,
Selection,DDRD,0.000040,
Bubble,DDRD,0.000046,
Merge,DDRD,0.000007,
Shell,DDRD,0.000005,
Quad,DDRR,0.000003,
Tim,DDRR,0.000005,
Quick,DDRR,0.000004,
Selection,DDRR,0.000039,
Bubble,DDRR,0.000040,
Merge,DDRR,0.000006,
Shell,DDRR,0.000005,
Quad,DRAA,0.000002,
Tim,DRAA,0.000005,
Quick,DRAA,0.000004,
Selection,DRAA,0.000031,
Bubble,DRAA,0.000014,
Merge,DRAA,0.000005,
Shell,DRAA,0.000004,
Quad,DRAC,0.000002,
Tim,DRAC,0.000005,
Quick,DRAC,0.000003,
Selection,DRAC,0.000031,
Bubble,DRAC,0.000014,
Merge,DRAC,0.000005,
Shell,DRAC,0.000004,
Quad,DRAD,0.000003,
Tim,DRAD,0.000005,
Quick,DRAD,0.000004,
Selection,DRAD,0.000032,
Bubble,DRAD,0.000035,
Merge,DRAD,0.000006,
Shell,DRAD,0.000005,
Quad,DRAR,0.000003,
Tim,DRAR,0.000006,
Quick,DRAR,0.000004,
Selection,DRAR,0.000031,
Bubble,DRAR,0.000015,
Merge,DRAR,0.000005,
Shell,DRAR,0.000005,
Quad,DRCA,0.000002,
Tim,DRCA,0.000005,
Quick,DRCA,0.000004,
Selection,DRCA,0.000032,
Bubble,DRCA,0.000023,
Merge,DRCA,0.000005,
Shell,DRCA,0.000004,
Quad,DRCC,0.000002,
Tim,DRCC,0.000005,
Quick,DRCC,0.000003,
Selection,DRCC,0.000033,
Bubble,DRCC,0.000030,
Merge,DRCC,0.000004,
Shell,DRCC,0.000004,
Quad,DRCD,0.000002,
Tim,DRCD,0.000006,
Quick,DRCD,0.000004,
Selection,DRCD,0.000035,
Bubble,DRCD,0.000045,
Merge,DRCD,0.000006,
Shell,DRCD,0.000005,
Quad,DRCR,0.000002,
Tim,DRCR,0.000008,
Quick,DRCR,0.000004,
Selection,DRCR,0.000034,
Bubble,DRCR,0.000045,
Merge,DRCR,0.000006,
Shell,DRCR,0.000005,
Quad,DRDA,0.000003,
Tim,DRDA,0.000006,
Quick,DRDA,0.000004,
Selection,DRDA,0.000036,
Bubble,DRDA,0.000041,
Merge,DRDA,0.000006,
Shell,DRDA,0.000005,
Quad,DRDC,0.000002,
Tim,DRDC,0.000006,
Quick,DRDC,0.000004,
Selection,DRDC,0.000036,
Bubble,DRDC,0.000043,
Merge,DRDC,0.000006,
Shell,DRDC,0.000005,
Quad,DRDD,0.000002,
Tim,DRDD,0.000006,
Quick,DRDD,0.000004,
Selection,DRDD,0.000037,
Bubble,DRDD,0.000046,
Merge,DRDD,0.000007,
Shell,DRDD,0.000005,
Quad,DRDR,0.000003,
Tim,DRDR,0.000007,
Quick,DRDR,0.000004,
Selection,DRDR,0.000037,
Bubble,DRDR,0.000044,
Merge,DRDR,0.000006,
Shell,DRDR,0.000006,
Quad,DRRA,0.000003,
Tim,DRRA,0.000007,
Quick,DRRA,0.000004,
Selection,DRRA,0.000033,
Bubble,DRRA,0.000030,
Merge,DRRA,0.000006,
Shell,DRRA,0.000005,
Quad,DRRC,0.000003,
Tim,DRRC,0.000008,
Quick,DRRC,0.000004,
Selection,DRRC,0.000033,
Bubble,DRRC,0.000041,
Merge,DRRC,0.000006,
Shell,DRRC,0.000005,
Quad,DRRD,0.000003,
Tim,DRRD,0.000008,
Quick,DRRD,0.000004,
Selection,DRRD,0.000035,
Bubble,DRRD,0.000047,
Merge,DRRD,0.000007,
Shell,DRRD,0.000006,
Quad,DRRR,0.000003,
Tim,DRRR,0.000009,
Quick,DRRR,0.000004,
Selection,DRRR,0.000034,
Bubble,DRRR,0.000040,
Merge,DRRR,0.000007,
Shell,DRRR,0.000006,
Quad,RAAA,0.000001,
Tim,RAAA,0.000002,
Quick,RAAA,0.000003,
Selection,RAAA,0.000027,
Bubble,RAAA,0.000002,
Merge,RAAA,0.000003,
Shell,RAAA,0.000003,
Quad,RAAC,0.000001,
Tim,RAAC,0.000002,
Quick,RAAC,0.000003,
Selection,RAAC,0.000027,
Bubble,RAAC,0.000002,
Merge,RAAC,0.000003,
Shell,RAAC,0.000003,
Quad,RAAD,0.000002,
Tim,RAAD,0.000003,
Quick,RAAD,0.000003,
Selection,RAAD,0.000028,
Bubble,RAAD,0.000022,
Merge,RAAD,0.000005,
Shell,RAAD,0.000004,
Quad,RAAR,0.000002,
Tim,RAAR,0.000003,
Quick,RAAR,0.000003,
Selection,RAAR,0.000027,
Bubble,RAAR,0.000004,
Merge,RAAR,0.000004,
Shell,RAAR,0.000004,
Quad,RACA,0.000001,
Tim,RACA,0.000002,
Quick,RACA,0.000003,
Selection,RACA,0.000027,
Bubble,RACA,0.000002,
Merge,RACA,0.000004,
Shell,RACA,0.000003,
Quad,RACC,0.000001,
Tim,RACC,0.000002,
Quick,RACC,0.000003,
Selection,RACC,0.000027,
Bubble,RACC,0.000002,
Merge,RACC,0.000003,
Shell,RACC,0.000003,
Quad,RACD,0.000002,
Tim,RACD,0.000003,
Quick,RACD,0.000004,
Selection,RACD,0.000030,
Bubble,RACD,0.000034,
Merge,RACD,0.000005,
Shell,RACD,0.000004,
Quad,RACR,0.000002,
Tim,RACR,0.000005,
Quick,RACR,0.000003,
Selection,RACR,0.000028,
Bubble,RACR,0.000025,
Merge,RACR,0.000005,
Shell,RACR,0.000004,
Quad,RADA,0.000002,
Tim,RADA,0.000004,
Quick,RADA,0.000004,
Selection,RADA,0.000031,
Bubble,RADA,0.000028,
Merge,RADA,0.000005,
Shell,RADA,0.000005,
Quad,RADC,0.000002,
Tim,RADC,0.000004,
Quick,RADC,0.000004,
Selection,RADC,0.000031,
Bubble,RADC,0.000038,
Merge,RADC,0.000005,
Shell,RADC,0.000005,
Quad,RADD,0.000002,
Tim,RADD,0.000004,
Quick,RADD,0.000004,
Selection,RADD,0.000032,
Bubble,RADD,0.000041,
Merge,RADD,0.000006,
Shell,RADD,0.000005,
Quad,RADR,0.000003,
Tim,RADR,0.000005,
Quick,RADR,0.000004,
Selection,RADR,0.000031,
Bubble,RADR,0.000038,
Merge,RADR,0.000005,
Shell,RADR,0.000005,
Quad,RARA,0.000002,
Tim,RARA,0.000005,
Quick,RARA,0.000004,
Selection,RARA,0.000028,
Bubble,RARA,0.000011,
Merge,RARA,0.000005,
Shell,RARA,0.000004,
Quad,RARC,0.000002,
Tim,RARC,0.000005,
Quick,RARC,0.000004,
Selection,RARC,0.000027,
Bubble,RARC,0.000014,
Merge,RARC,0.000005,
Shell,RARC,0.000004,
Quad,RARD,0.000003,
Tim,RARD,0.000005,
Quick,RARD,0.000004,
Selection,RARD,0.000029,
Bubble,RARD,0.000036,
Merge,RARD,0.000006,
Shell,RARD,0.000005,
Quad,RARR,0.000003,
Tim,RARR,0.000006,
Quick,RARR,0.000004,
Selection,RARR,0.000028,
Bubble,RARR,0.000015,
Merge,RARR,0.000005,
Shell,RARR,0.000005,
Quad,RCAA,0.000001,
Tim,RCAA,0.000003,
Quick,RCAA,0.000003,
Selection,RCAA,0.000027,
Bubble,RCAA,0.000004,
Merge,RCAA,0.000004,
Shell,RCAA,0.000004,
Quad,RCAC,0.000001,
Tim,RCAC,0.000003,
Quick,RCAC,0.000003,
Selection,RCAC,0.000027,
Bubble,RCAC,0.000003,
Merge,RCAC,0.000004,
Shell,RCAC,0.000004,
Quad,RCAD,0.000002,
Tim,RCAD,0.000003,
Quick,RCAD,0.000004,
Selection,RCAD,0.000029,
Bubble,RCAD,0.000032,
Merge,RCAD,0.000005,
Shell,RCAD,0.000004,
Quad,RCAR,0.000002,
Tim,RCAR,0.000005,
Quick,RCAR,0.000004,
Selection,RCAR,0.000027,
Bubble,RCAR,0.000014,
Merge,RCAR,0.000005,
Shell,RCAR,0.000004,
Quad,RCCA,0.000002,
Tim,RCCA,0.000003,
Quick,RCCA,0.000003,
Selection,RCCA,0.000027,
Bubble,RCCA,0.000005,
Merge,RCCA,0.000004,
Shell,RCCA,0.000004,
Quad,RCCC,0.000002,
Tim,RCCC,0.000003,
Quick,RCCC,0.000003,
Selection,RCCC,0.000027,
Bubble,RCCC,0.000006,
Merge,RCCC,0.000004,
Shell,RCCC,0.000003,
Quad,RCCD,0.000002,
Tim,RCCD,0.000004,
Quick,RCCD,0.000004,
Selection,RCCD,0.000028,
Bubble,RCCD,0.000038,
Merge,RCCD,0.000005,
Shell,RCCD,0.000004,
Quad,RCCR,0.000003,
Tim,RCCR,0.000005,
Quick,RCCR,0.000004,
Selection,RCCR,0.000027,
Bubble,RCCR,0.000034,
Merge,RCCR,0.000005,
Shell,RCCR,0.000004,
Quad,RCDA,0.000002,
Tim,RCDA,0.000004,
Quick,RCDA,0.000004,
Selection,RCDA,0.000030,
Bubble,RCDA,0.000034,
Merge,RCDA,0.000005,
Shell,RCDA,0.000005,
Quad,RCDC,0.000002,
Tim,RCDC,0.000004,
Quick,RCDC,0.000004,
Selection,RCDC,0.000030,
Bubble,RCDC,0.000041,
Merge,RCDC,0.000005,
Shell,RCDC,0.000005,
Quad,RCDD,0.000002,
Tim,RCDD,0.000004,
Quick,RCDD,0.000004,
Selection,RCDD,0.000032,
Bubble,RCDD,0.000044,
Merge,RCDD,0.000006,
Shell,RCDD,0.000005,
Quad,RCDR,0.000003,
Tim,RCDR,0.000006,
Quick,RCDR,0.000004,
Selection,RCDR,0.000031,
Bubble,RCDR,0.000043,
Merge,RCDR,0.000006,
Shell,RCDR,0.000005,
Quad,RCRA,0.000002,
Tim,RCRA,0.000005,
Quick,RCRA,0.000004,
Selection,RCRA,0.000028,
Bubble,RCRA,0.000020,
Merge,RCRA,0.000005,
Shell,RCRA,0.000004,
Quad,RCRC,0.000003,
Tim,RCRC,0.000006,
Quick,RCRC,0.000004,
Selection,RCRC,0.000028,
Bubble,RCRC,0.000036,
Merge,RCRC,0.000005,
Shell,RCRC,0.000004,
Quad,RCRD,0.000003,
Tim,RCRD,0.000006,
Quick,RCRD,0.000004,
Selection,RCRD,0.000029,
Bubble,RCRD,0.000042,
Merge,RCRD,0.000006,
Shell,RCRD,0.000005,
Quad,RCRR,0.000003,
Tim,RCRR,0.000008,
Quick,RCRR,0.000004,
Selection,RCRR,0.000028,
Bubble,RCRR,0.000042,
Merge,RCRR,0.000006,
Shell,RCRR,0.000005,
Quad,RDAA,0.000002,
Tim,RDAA,0.000003,
Quick,RDAA,0.000004,
Selection,RDAA,0.000029,
Bubble,RDAA,0.000018,
Merge,RDAA,0.000005,
Shell,RDAA,0.000004,
Quad,RDAC,0.000002,
Tim,RDAC,0.000003,
Quick,RDAC,0.000004,
Selection,RDAC,0.000029,
Bubble,RDAC,0.000018,
Merge,RDAC,0.000005,
Shell,RDAC,0.000004,
Quad,RDAD,0.000003,
Tim,RDAD,0.000004,
Quick,RDAD,0.000004,
Selection,RDAD,0.000031,
Bubble,RDAD,0.000042,
Merge,RDAD,0.000006,
Shell,RDAD,0.000005,
Quad,RDAR,0.000003,
Tim,RDAR,0.000004,
Quick,RDAR,0.000004,
Selection,RDAR,0.000029,
Bubble,RDAR,0.000019,
Merge,RDAR,0.000005,
Shell,RDAR,0.000005,
Quad,RDCA,0.000002,
Tim,RDCA,0.000004,
Quick,RDCA,0.000004,
Selection,RDCA,0.000030,
Bubble,RDCA,0.000030,
Merge,RDCA,0.000005,
Shell,RDCA,0.000005,
Quad,RDCC,0.000002,
Tim,RDCC,0.000004,
Quick,RDCC,0.000004,
Selection,RDCC,0.000032,
Bubble,RDCC,0.000035,
Merge,RDCC,0.000005,
Shell,RDCC,0.000004,
Quad,RDCD,0.000002,
Tim,RDCD,0.000004,
Quick,RDCD,0.000004,
Selection,RDCD,0.000033,
Bubble,RDCD,0.000046,
Merge,RDCD,0.000006,
Shell,RDCD,0.000005,
Quad,RDCR,0.000002,
Tim,RDCR,0.000006,
Quick,RDCR,0.000004,
Selection,RDCR,0.000032,
Bubble,RDCR,0.000045,
Merge,RDCR,0.000006,
Shell,RDCR,0.000005,
Quad,RDDA,0.000002,
Tim,RDDA,0.000004,
Quick,RDDA,0.000004,
Selection,RDDA,0.000034,
Bubble,RDDA,0.000041,
Merge,RDDA,0.000006,
Shell,RDDA,0.000005,
Quad,RDDC,0.000002,
Tim,RDDC,0.000004,
Quick,RDDC,0.000004,
Selection,RDDC,0.000034,
Bubble,RDDC,0.000043,
Merge,RDDC,0.000006,
Shell,RDDC,0.000005,
Quad,RDDD,0.000002,
Tim,RDDD,0.000004,
Quick,RDDD,0.000004,
Selection,RDDD,0.000035,
Bubble,RDDD,0.000046,
Merge,RDDD,0.000007,
Shell,RDDD,0.000005,
Quad,RDDR,0.000002,
Tim,RDDR,0.000004,
Quick,RDDR,0.000004,
Selection,RDDR,0.000035,
Bubble,RDDR,0.000044,
Merge,RDDR,0.000006,
Shell,RDDR,0.000005,
Quad,RDRA,0.000003,
Tim,RDRA,0.000006,
Quick,RDRA,0.000004,
Selection,RDRA,0.000031,
Bubble,RDRA,0.000035,
Merge,RDRA,0.000006,
Shell,RDRA,0.000005,
Quad,RDRC,0.000002,
Tim,RDRC,0.000006,
Quick,RDRC,0.000004,
Selection,RDRC,0.000032,
Bubble,RDRC,0.000040,
Merge,RDRC,0.000006,
Shell,RDRC,0.000005,
Quad,RDRD,0.000002,
Tim,RDRD,0.000006,
Quick,RDRD,0.000004,
Selection,RDRD,0.000033,
Bubble,RDRD,0.000047,
Merge,RDRD,0.000007,
Shell,RDRD,0.000005,
Quad,RDRR,0.000003,
Tim,RDRR,0.000007,
Quick,RDRR,0.000004,
Selection,RDRR,0.000032,
Bubble,RDRR,0.000040,
Merge,RDRR,0.000007,
Shell,RDRR,0.000005,
Quad,RRAA,0.000002,
Tim,RRAA,0.000006,
Quick,RRAA,0.000004,
Selection,RRAA,0.000028,
Bubble,RRAA,0.000010,
Merge,RRAA,0.000005,
Shell,RRAA,0.000004,
Quad,RRAC,0.000002,
Tim,RRAC,0.000006,
Quick,RRAC,0.000003,
Selection,RRAC,0.000028,
Bubble,RRAC,0.000010,
Merge,RRAC,0.000004,
Shell,RRAC,0.000004,
Quad,RRAD,0.000003,
Tim,RRAD,0.000007,
Quick,RRAD,0.000004,
Selection,RRAD,0.000029,
Bubble,RRAD,0.000026,
Merge,RRAD,0.000006,
Shell,RRAD,0.000005,
Quad,RRAR,0.000003,
Tim,RRAR,0.000007,
Quick,RRAR,0.000004,
Selection,RRAR,0.000028,
Bubble,RRAR,0.000012,
Merge,RRAR,0.000005,
Shell,RRAR,0.000004,
Quad,RRCA,0.000002,
Tim,RRCA,0.000006,
Quick,RRCA,0.000004,
Selection,RRCA,0.000029,
Bubble,RRCA,0.000019,
Merge,RRCA,0.000004,
Shell,RRCA,0.000004,
Quad,RRCC,0.000002,
Tim,RRCC,0.000007,
Quick,RRCC,0.000004,
Selection,RRCC,0.000029,
Bubble,RRCC,0.000028,
Merge,RRCC,0.000004,
Shell,RRCC,0.000004,
Quad,RRCD,0.000003,
Tim,RRCD,0.000007,
Quick,RRCD,0.000004,
Selection,RRCD,0.000030,
Bubble,RRCD,0.000044,
Merge,RRCD,0.000006,
Shell,RRCD,0.000005,
Quad,RRCR,0.000003,
Tim,RRCR,0.000009,
Quick,RRCR,0.000004,
Selection,RRCR,0.000029,
Bubble,RRCR,0.000044,
Merge,RRCR,0.000006,
Shell,RRCR,0.000004,
Quad,RRDA,0.000003,
Tim,RRDA,0.000007,
Quick,RRDA,0.000004,
Selection,RRDA,0.000031,
Bubble,RRDA,0.000040,
Merge,RRDA,0.000006,
Shell,RRDA,0.000005,
Quad,RRDC,0.000003,
Tim,RRDC,0.000007,
Quick,RRDC,0.000004,
Selection,RRDC,0.000031,
Bubble,RRDC,0.000043,
Merge,RRDC,0.000006,
Shell,RRDC,0.000005,
Quad,RRDD,0.000003,
Tim,RRDD,0.000008,
Quick,RRDD,0.000004,
Selection,RRDD,0.000032,
Bubble,RRDD,0.000046,
Merge,RRDD,0.000007,
Shell,RRDD,0.000005,
Quad,RRDR,0.000003,
Tim,RRDR,0.000008,
Quick,RRDR,0.000004,
Selection,RRDR,0.000031,
Bubble,RRDR,0.000043,
Merge,RRDR,0.000006,
Shell,RRDR,0.000005,
Quad,RRRA,0.000003,
Tim,RRRA,0.000009,
Quick,RRRA,0.000004,
Selection,RRRA,0.000029,
Bubble,RRRA,0.000026,
Merge,RRRA,0.000006,
Shell,RRRA,0.000005,
Quad,RRRC,0.000003,
Tim,RRRC,0.000009,
Quick,RRRC,0.000004,
Selection,RRRC,0.000029,
Bubble,RRRC,0.000040,
Merge,RRRC,0.000006,
Shell,RRRC,0.000005,
Quad,RRRD,0.000003,
Tim,RRRD,0.000006,
Quick,RRRD,0.000004,
Selection,RRRD,0.000030,
Bubble,RRRD,0.000039,
Merge,RRRD,0.000006,
Shell,RRRD,0.000005,
Quad,RRRR,0.000003,
Tim,RRRR,0.000006,
Quick,RRRR,0.000004,
Selection,RRRR,0.000028,
Bubble,RRRR,0.000016,
Merge,RRRR,0.000006,
Shell,RRRR,0.000005,
Quad,Total,0.000510,
Tim,Total,0.000870,
Quick,Total,0.000914,
Selection,Total,0.007858,
Bubble,Total,0.006797,
Merge,Total,0.001180,
Shell,Total,0.001105,
