Sorts,Sequence,Time,Sample Sequence 1,Sample Sequence 2,Sample Sequence 3,Sample Sequence 4,
Quad,AAAA,0.000008,
Tim,AAAA,0.000006,
Quick,AAAA,0.000060,
Bubble,AAAA,0.000006,
Merge,AAAA,0.000065,
Quad,AAAC,0.000008,
Tim,AAAC,0.000007,
Quick,AAAC,0.000060,
Bubble,AAAC,0.000006,
Merge,AAAC,0.000065,
Quad,AAAD,0.000025,
Tim,AAAD,0.000016,
Quick,AAAD,0.000068,
Bubble,AAAD,0.005379,
Merge,AAAD,0.000085,
Quad,AAAR,0.000029,
Tim,AAAR,0.000048,
Quick,AAAR,0.000073,
Bubble,AAAR,0.001161,
Merge,AAAR,0.000086,
Quad,AACA,0.000008,
Tim,AACA,0.000006,
Quick,AACA,0.000060,
Bubble,AACA,0.000006,
Merge,AACA,0.000065,
Quad,AACC,0.000008,
Tim,AACC,0.000006,
Quick,AACC,0.000060,
Bubble,AACC,0.000006,
Merge,AACC,0.000065,
Quad,AACD,0.000025,
Tim,AACD,0.000018,
Quick,AACD,0.000068,
Bubble,AACD,0.007247,
Merge,AACD,0.000085,
Quad,AACR,0.000040,
Tim,AACR,0.000057,
Quick,AACR,0.000082,
Bubble,AACR,0.005439,
Merge,AACR,0.000091,
Quad,AADA,0.000032,
Tim,AADA,0.000026,
Quick,AADA,0.000077,
Bubble,AADA,0.005352,
Merge,AADA,0.000090,
Quad,AADC,0.000027,
Tim,AADC,0.000022,
Quick,AADC,0.000070,
Bubble,AADC,0.006895,
Merge,AADC,0.000085,
Quad,AADD,0.000033,
Tim,AADD,0.000027,
Quick,AADD,0.000076,
Bubble,AADD,0.009144,
Merge,AADD,0.000105,
Quad,AADR,0.000048,
Tim,AADR,0.000072,
Quick,AADR,0.000089,
Bubble,AADR,0.008274,
Merge,AADR,0.000114,
Quad,AARA,0.000035,
Tim,AARA,0.000051,
Quick,AARA,0.000073,
Bubble,AARA,0.000601,
Merge,AARA,0.000084,
Quad,AARC,0.000035,
Tim,AARC,0.000051,
Quick,AARC,0.000073,
Bubble,AARC,0.000601,
Merge,AARC,0.000084,
Quad,AARD,0.000047,
Tim,AARD,0.000065,
Quick,AARD,0.000086,
Bubble,AARD,0.007247,
Merge,AARD,0.000110,
Quad,AARR,0.000058,
Tim,AARR,0.000108,
Quick,AARR,0.000095,
Bubble,AARR,0.004441,
Merge,AARR,0.000115,
Quad,ACAA,0.000017,
Tim,ACAA,0.000014,
Quick,ACAA,0.000130,
Bubble,ACAA,0.000013,
Merge,ACAA,0.000139,
Quad,ACAC,0.000014,
Tim,ACAC,0.000012,
Quick,ACAC,0.000106,
Bubble,ACAC,0.000011,
Merge,ACAC,0.000114,
Quad,ACAD,0.000020,
Tim,ACAD,0.000017,
Quick,ACAD,0.000071,
Bubble,ACAD,0.005559,
Merge,ACAD,0.000088,
Quad,ACAR,0.000032,
Tim,ACAR,0.000053,
Quick,ACAR,0.000077,
Bubble,ACAR,0.002678,
Merge,ACAR,0.000090,
Quad,ACCA,0.000008,
Tim,ACCA,0.000006,
Quick,ACCA,0.000060,
Bubble,ACCA,0.000006,
Merge,ACCA,0.000065,
Quad,ACCC,0.000008,
Tim,ACCC,0.000006,
Quick,ACCC,0.000060,
Bubble,ACCC,0.000006,
Merge,ACCC,0.000064,
Quad,ACCD,0.000025,
Tim,ACCD,0.000021,
Quick,ACCD,0.000068,
Bubble,ACCD,0.008395,
Merge,ACCD,0.000085,
Quad,ACCR,0.000037,
Tim,ACCR,0.000056,
Quick,ACCR,0.000075,
Bubble,ACCR,0.003856,
Merge,ACCR,0.000087,
Quad,ACDA,0.000032,
Tim,ACDA,0.000029,
Quick,ACDA,0.000078,
Bubble,ACDA,0.007962,
Merge,ACDA,0.000090,
Quad,ACDC,0.000026,
Tim,ACDC,0.000023,
Quick,ACDC,0.000068,
Bubble,ACDC,0.009467,
Merge,ACDC,0.000084,
Quad,ACDD,0.000029,
Tim,ACDD,0.000024,
Quick,ACDD,0.000072,
Bubble,ACDD,0.010199,
Merge,ACDD,0.000102,
Quad,ACDR,0.000051,
Tim,ACDR,0.000077,
Quick,ACDR,0.000093,
Bubble,ACDR,0.010391,
Merge,ACDR,0.000118,
Quad,ACRA,0.000036,
Tim,ACRA,0.000057,
Quick,ACRA,0.000075,
Bubble,ACRA,0.001796,
Merge,ACRA,0.000086,
Quad,ACRC,0.000037,
Tim,ACRC,0.000057,
Quick,ACRC,0.000077,
Bubble,ACRC,0.001814,
Merge,ACRC,0.000087,
Quad,ACRD,0.000047,
Tim,ACRD,0.000069,
Quick,ACRD,0.000088,
Bubble,ACRD,0.008506,
Merge,ACRD,0.000112,
Quad,ACRR,0.000057,
Tim,ACRR,0.000105,
Quick,ACRR,0.000093,
Bubble,ACRR,0.003874,
Merge,ACRR,0.000114,
Quad,ADAA,0.000031,
Tim,ADAA,0.000027,
Quick,ADAA,0.000076,
Bubble,ADAA,0.003848,
Merge,ADAA,0.000091,
Quad,ADAC,0.000032,
Tim,ADAC,0.000032,
Quick,ADAC,0.000078,
Bubble,ADAC,0.003925,
Merge,ADAC,0.000091,
Quad,ADAD,0.000047,
Tim,ADAD,0.000044,
Quick,ADAD,0.000089,
Bubble,ADAD,0.009244,
Merge,ADAD,0.000115,
Quad,ADAR,0.000059,
Tim,ADAR,0.000078,
Quick,ADAR,0.000097,
Bubble,ADAR,0.004909,
Merge,ADAR,0.000121,
Quad,ADCA,0.000032,
Tim,ADCA,0.000032,
Quick,ADCA,0.000077,
Bubble,ADCA,0.006776,
Merge,ADCA,0.000090,
Quad,ADCC,0.000026,
Tim,ADCC,0.000031,
Quick,ADCC,0.000068,
Bubble,ADCC,0.008296,
Merge,ADCC,0.000085,
Quad,ADCD,0.000033,
Tim,ADCD,0.000034,
Quick,ADCD,0.000072,
Bubble,ADCD,0.010927,
Merge,ADCD,0.000103,
Quad,ADCR,0.000051,
Tim,ADCR,0.000078,
Quick,ADCR,0.000088,
Bubble,ADCR,0.010359,
Merge,ADCR,0.000114,
Quad,ADDA,0.000038,
Tim,ADDA,0.000030,
Quick,ADDA,0.000078,
Bubble,ADDA,0.009732,
Merge,ADDA,0.000106,
Quad,ADDC,0.000035,
Tim,ADDC,0.000028,
Quick,ADDC,0.000072,
Bubble,ADDC,0.010510,
Merge,ADDC,0.000102,
Quad,ADDD,0.000037,
Tim,ADDD,0.000029,
Quick,ADDD,0.000076,
Bubble,ADDD,0.011249,
Merge,ADDD,0.000120,
Quad,ADDR,0.000055,
Tim,ADDR,0.000078,
Quick,ADDR,0.000091,
Bubble,ADDR,0.011167,
Merge,ADDR,0.000133,
Quad,ADRA,0.000059,
Tim,ADRA,0.000083,
Quick,ADRA,0.000096,
Bubble,ADRA,0.007325,
Merge,ADRA,0.000120,
Quad,ADRC,0.000051,
Tim,ADRC,0.000080,
Quick,ADRC,0.000088,
Bubble,ADRC,0.010221,
Merge,ADRC,0.000115,
Quad,ADRD,0.000056,
Tim,ADRD,0.000083,
Quick,ADRD,0.000092,
Bubble,ADRD,0.011109,
Merge,ADRD,0.000133,
Quad,ADRR,0.000077,
Tim,ADRR,0.000140,
Quick,ADRR,0.000113,
Bubble,ADRR,0.011581,
Merge,ADRR,0.000150,
Quad,ARAA,0.000039,
Tim,ARAA,0.000064,
Quick,ARAA,0.000079,
Bubble,ARAA,0.001533,
Merge,ARAA,0.000091,
Quad,ARAC,0.000039,
Tim,ARAC,0.000063,
Quick,ARAC,0.000079,
Bubble,ARAC,0.001533,
Merge,ARAC,0.000091,
Quad,ARAD,0.000051,
Tim,ARAD,0.000071,
Quick,ARAD,0.000088,
Bubble,ARAD,0.006384,
Merge,ARAD,0.000113,
Quad,ARAR,0.000057,
Tim,ARAR,0.000109,
Quick,ARAR,0.000097,
Bubble,ARAR,0.003440,
Merge,ARAR,0.000116,
Quad,ARCA,0.000030,
Tim,ARCA,0.000054,
Quick,ARCA,0.000075,
Bubble,ARCA,0.000567,
Merge,ARCA,0.000087,
Quad,ARCC,0.000030,
Tim,ARCC,0.000054,
Quick,ARCC,0.000075,
Bubble,ARCC,0.000568,
Merge,ARCC,0.000087,
Quad,ARCD,0.000050,
Tim,ARCD,0.000072,
Quick,ARCD,0.000087,
Bubble,ARCD,0.008482,
Merge,ARCD,0.000113,
Quad,ARCR,0.000066,
Tim,ARCR,0.000111,
Quick,ARCR,0.000100,
Bubble,ARCR,0.007372,
Merge,ARCR,0.000117,
Quad,ARDA,0.000058,
Tim,ARDA,0.000076,
Quick,ARDA,0.000095,
Bubble,ARDA,0.008112,
Merge,ARDA,0.000119,
Quad,ARDC,0.000052,
Tim,ARDC,0.000072,
Quick,ARDC,0.000089,
Bubble,ARDC,0.009564,
Merge,ARDC,0.000114,
Quad,ARDD,0.000056,
Tim,ARDD,0.000073,
Quick,ARDD,0.000093,
Bubble,ARDD,0.010478,
Merge,ARDD,0.000132,
Quad,ARDR,0.000073,
Tim,ARDR,0.000123,
Quick,ARDR,0.000106,
Bubble,ARDR,0.010389,
Merge,ARDR,0.000141,
Quad,ARRA,0.000063,
Tim,ARRA,0.000113,
Quick,ARRA,0.000096,
Bubble,ARRA,0.003852,
Merge,ARRA,0.000116,
Quad,ARRC,0.000064,
Tim,ARRC,0.000113,
Quick,ARRC,0.000098,
Bubble,ARRC,0.005572,
Merge,ARRC,0.000117,
Quad,ARRD,0.000072,
Tim,ARRD,0.000116,
Quick,ARRD,0.000105,
Bubble,ARRD,0.008750,
Merge,ARRD,0.000138,
Quad,ARRR,0.000081,
Tim,ARRR,0.000146,
Quick,ARRR,0.000109,
Bubble,ARRR,0.002581,
Merge,ARRR,0.000136,
Quad,CAAA,0.000008,
Tim,CAAA,0.000006,
Quick,CAAA,0.000060,
Bubble,CAAA,0.000006,
Merge,CAAA,0.000065,
Quad,CAAC,0.000008,
Tim,CAAC,0.000006,
Quick,CAAC,0.000060,
Bubble,CAAC,0.000006,
Merge,CAAC,0.000065,
Quad,CAAD,0.000019,
Tim,CAAD,0.000016,
Quick,CAAD,0.000068,
Bubble,CAAD,0.005278,
Merge,CAAD,0.000085,
Quad,CAAR,0.000032,
Tim,CAAR,0.000056,
Quick,CAAR,0.000078,
Bubble,CAAR,0.002771,
Merge,CAAR,0.000090,
Quad,CACA,0.000008,
Tim,CACA,0.000007,
Quick,CACA,0.000060,
Bubble,CACA,0.000006,
Merge,CACA,0.000064,
Quad,CACC,0.000008,
Tim,CACC,0.000007,
Quick,CACC,0.000060,
Bubble,CACC,0.000006,
Merge,CACC,0.000065,
Quad,CACD,0.000024,
Tim,CACD,0.000021,
Quick,CACD,0.000068,
Bubble,CACD,0.007657,
Merge,CACD,0.000085,
Quad,CACR,0.000039,
Tim,CACR,0.000057,
Quick,CACR,0.000079,
Bubble,CACR,0.005167,
Merge,CACR,0.000090,
Quad,CADA,0.000032,
Tim,CADA,0.000026,
Quick,CADA,0.000077,
Bubble,CADA,0.005249,
Merge,CADA,0.000090,
Quad,CADC,0.000027,
Tim,CADC,0.000023,
Quick,CADC,0.000070,
Bubble,CADC,0.008758,
Merge,CADC,0.000085,
Quad,CADD,0.000030,
Tim,CADD,0.000024,
Quick,CADD,0.000074,
Bubble,CADD,0.009466,
Merge,CADD,0.000103,
Quad,CADR,0.000048,
Tim,CADR,0.000070,
Quick,CADR,0.000089,
Bubble,CADR,0.009278,
Merge,CADR,0.000114,
Quad,CARA,0.000037,
Tim,CARA,0.000058,
Quick,CARA,0.000075,
Bubble,CARA,0.001563,
Merge,CARA,0.000088,
Quad,CARC,0.000036,
Tim,CARC,0.000056,
Quick,CARC,0.000075,
Bubble,CARC,0.001046,
Merge,CARC,0.000086,
Quad,CARD,0.000048,
Tim,CARD,0.000069,
Quick,CARD,0.000089,
Bubble,CARD,0.007365,
Merge,CARD,0.000112,
Quad,CARR,0.000060,
Tim,CARR,0.000108,
Quick,CARR,0.000098,
Bubble,CARR,0.004749,
Merge,CARR,0.000116,
Quad,CCAA,0.000008,
Tim,CCAA,0.000006,
Quick,CCAA,0.000060,
Bubble,CCAA,0.000006,
Merge,CCAA,0.000065,
Quad,CCAC,0.000008,
Tim,CCAC,0.000006,
Quick,CCAC,0.000060,
Bubble,CCAC,0.000006,
Merge,CCAC,0.000065,
Quad,CCAD,0.000019,
Tim,CCAD,0.000016,
Quick,CCAD,0.000068,
Bubble,CCAD,0.005333,
Merge,CCAD,0.000085,
Quad,CCAR,0.000030,
Tim,CCAR,0.000050,
Quick,CCAR,0.000075,
Bubble,CCAR,0.001950,
Merge,CCAR,0.000086,
Quad,CCCA,0.000008,
Tim,CCCA,0.000007,
Quick,CCCA,0.000060,
Bubble,CCCA,0.000006,
Merge,CCCA,0.000065,
Quad,CCCC,0.000008,
Tim,CCCC,0.000006,
Quick,CCCC,0.000060,
Bubble,CCCC,0.000006,
Merge,CCCC,0.000065,
Quad,CCCD,0.000023,
Tim,CCCD,0.000019,
Quick,CCCD,0.000066,
Bubble,CCCD,0.008716,
Merge,CCCD,0.000084,
Quad,CCCR,0.000040,
Tim,CCCR,0.000062,
Quick,CCCR,0.000081,
Bubble,CCCR,0.008279,
Merge,CCCR,0.000092,
Quad,CCDA,0.000028,
Tim,CCDA,0.000023,
Quick,CCDA,0.000072,
Bubble,CCDA,0.009027,
Merge,CCDA,0.000086,
Quad,CCDC,0.000020,
Tim,CCDC,0.000021,
Quick,CCDC,0.000065,
Bubble,CCDC,0.009795,
Merge,CCDC,0.000082,
Quad,CCDD,0.000024,
Tim,CCDD,0.000022,
Quick,CCDD,0.000068,
Bubble,CCDD,0.010519,
Merge,CCDD,0.000100,
Quad,CCDR,0.000040,
Tim,CCDR,0.000071,
Quick,CCDR,0.000082,
Bubble,CCDR,0.010453,
Merge,CCDR,0.000110,
Quad,CCRA,0.000039,
Tim,CCRA,0.000066,
Quick,CCRA,0.000079,
Bubble,CCRA,0.005101,
Merge,CCRA,0.000091,
Quad,CCRC,0.000041,
Tim,CCRC,0.000065,
Quick,CCRC,0.000083,
Bubble,CCRC,0.008260,
Merge,CCRC,0.000093,
Quad,CCRD,0.000046,
Tim,CCRD,0.000072,
Quick,CCRD,0.000086,
Bubble,CCRD,0.010011,
Merge,CCRD,0.000112,
Quad,CCRR,0.000064,
Tim,CCRR,0.000123,
Quick,CCRR,0.000105,
Bubble,CCRR,0.010542,
Merge,CCRR,0.000125,
Quad,CDAA,0.000025,
Tim,CDAA,0.000022,
Quick,CDAA,0.000069,
Bubble,CDAA,0.004897,
Merge,CDAA,0.000085,
Quad,CDAC,0.000025,
Tim,CDAC,0.000028,
Quick,CDAC,0.000068,
Bubble,CDAC,0.006383,
Merge,CDAC,0.000085,
Quad,CDAD,0.000039,
Tim,CDAD,0.000039,
Quick,CDAD,0.000080,
Bubble,CDAD,0.010218,
Merge,CDAD,0.000108,
Quad,CDAR,0.000052,
Tim,CDAR,0.000075,
Quick,CDAR,0.000089,
Bubble,CDAR,0.007731,
Merge,CDAR,0.000114,
Quad,CDCA,0.000025,
Tim,CDCA,0.000028,
Quick,CDCA,0.000068,
Bubble,CDCA,0.007863,
Merge,CDCA,0.000085,
Quad,CDCC,0.000022,
Tim,CDCC,0.000029,
Quick,CDCC,0.000064,
Bubble,CDCC,0.008626,
Merge,CDCC,0.000083,
Quad,CDCD,0.000030,
Tim,CDCD,0.000032,
Quick,CDCD,0.000068,
Bubble,CDCD,0.011243,
Merge,CDCD,0.000100,
Quad,CDCR,0.000046,
Tim,CDCR,0.000071,
Quick,CDCR,0.000082,
Bubble,CDCR,0.009682,
Merge,CDCR,0.000109,
Quad,CDDA,0.000031,
Tim,CDDA,0.000027,
Quick,CDDA,0.000072,
Bubble,CDDA,0.010120,
Merge,CDDA,0.000102,
Quad,CDDC,0.000028,
Tim,CDDC,0.000026,
Quick,CDDC,0.000068,
Bubble,CDDC,0.010863,
Merge,CDDC,0.000100,
Quad,CDDD,0.000031,
Tim,CDDD,0.000027,
Quick,CDDD,0.000072,
Bubble,CDDD,0.011588,
Merge,CDDD,0.000118,
Quad,CDDR,0.000048,
Tim,CDDR,0.000074,
Quick,CDDR,0.000086,
Bubble,CDDR,0.011477,
Merge,CDDR,0.000128,
Quad,CDRA,0.000051,
Tim,CDRA,0.000074,
Quick,CDRA,0.000088,
Bubble,CDRA,0.008198,
Merge,CDRA,0.000114,
Quad,CDRC,0.000046,
Tim,CDRC,0.000069,
Quick,CDRC,0.000082,
Bubble,CDRC,0.008926,
Merge,CDRC,0.000108,
Quad,CDRD,0.000051,
Tim,CDRD,0.000074,
Quick,CDRD,0.000086,
Bubble,CDRD,0.011308,
Merge,CDRD,0.000126,
Quad,CDRR,0.000067,
Tim,CDRR,0.000122,
Quick,CDRR,0.000100,
Bubble,CDRR,0.010029,
Merge,CDRR,0.000137,
Quad,CRAA,0.000048,
Tim,CRAA,0.000075,
Quick,CRAA,0.000098,
Bubble,CRAA,0.002609,
Merge,CRAA,0.000112,
Quad,CRAC,0.000038,
Tim,CRAC,0.000060,
Quick,CRAC,0.000078,
Bubble,CRAC,0.002081,
Merge,CRAC,0.000090,
Quad,CRAD,0.000052,
Tim,CRAD,0.000074,
Quick,CRAD,0.000087,
Bubble,CRAD,0.007430,
Merge,CRAD,0.000114,
Quad,CRAR,0.000062,
Tim,CRAR,0.000111,
Quick,CRAR,0.000095,
Bubble,CRAR,0.003122,
Merge,CRAR,0.000114,
Quad,CRCA,0.000038,
Tim,CRCA,0.000058,
Quick,CRCA,0.000077,
Bubble,CRCA,0.001143,
Merge,CRCA,0.000088,
Quad,CRCC,0.000039,
Tim,CRCC,0.000059,
Quick,CRCC,0.000079,
Bubble,CRCC,0.001355,
Merge,CRCC,0.000088,
Quad,CRCD,0.000048,
Tim,CRCD,0.000072,
Quick,CRCD,0.000084,
Bubble,CRCD,0.009237,
Merge,CRCD,0.000110,
Quad,CRCR,0.000064,
Tim,CRCR,0.000117,
Quick,CRCR,0.000098,
Bubble,CRCR,0.009702,
Merge,CRCR,0.000118,
Quad,CRDA,0.000049,
Tim,CRDA,0.000076,
Quick,CRDA,0.000088,
Bubble,CRDA,0.009571,
Merge,CRDA,0.000114,
Quad,CRDC,0.000049,
Tim,CRDC,0.000074,
Quick,CRDC,0.000085,
Bubble,CRDC,0.010822,
Merge,CRDC,0.000112,
Quad,CRDD,0.000052,
Tim,CRDD,0.000071,
Quick,CRDD,0.000087,
Bubble,CRDD,0.010799,
Merge,CRDD,0.000128,
Quad,CRDR,0.000069,
Tim,CRDR,0.000115,
Quick,CRDR,0.000101,
Bubble,CRDR,0.010438,
Merge,CRDR,0.000135,
Quad,CRRA,0.000065,
Tim,CRRA,0.000119,
Quick,CRRA,0.000098,
Bubble,CRRA,0.005985,
Merge,CRRA,0.000118,
Quad,CRRC,0.000063,
Tim,CRRC,0.000106,
Quick,CRRC,0.000096,
Bubble,CRRC,0.003390,
Merge,CRRC,0.000115,
Quad,CRRD,0.000069,
Tim,CRRD,0.000115,
Quick,CRRD,0.000101,
Bubble,CRRD,0.009284,
Merge,CRRD,0.000136,
Quad,CRRR,0.000083,
Tim,CRRR,0.000164,
Quick,CRRR,0.000114,
Bubble,CRRR,0.006221,
Merge,CRRR,0.000143,
Quad,DAAA,0.000035,
Tim,DAAA,0.000020,
Quick,DAAA,0.000092,
Bubble,DAAA,0.001989,
Merge,DAAA,0.000113,
Quad,DAAC,0.000025,
Tim,DAAC,0.000015,
Quick,DAAC,0.000068,
Bubble,DAAC,0.001481,
Merge,DAAC,0.000084,
Quad,DAAD,0.000038,
Tim,DAAD,0.000025,
Quick,DAAD,0.000076,
Bubble,DAAD,0.006048,
Merge,DAAD,0.000105,
Quad,DAAR,0.000052,
Tim,DAAR,0.000061,
Quick,DAAR,0.000088,
Bubble,DAAR,0.002990,
Merge,DAAR,0.000111,
Quad,DACA,0.000027,
Tim,DACA,0.000017,
Quick,DACA,0.000070,
Bubble,DACA,0.001501,
Merge,DACA,0.000085,
Quad,DACC,0.000028,
Tim,DACC,0.000020,
Quick,DACC,0.000071,
Bubble,DACC,0.001512,
Merge,DACC,0.000086,
Quad,DACD,0.000040,
Tim,DACD,0.000033,
Quick,DACD,0.000081,
Bubble,DACD,0.008752,
Merge,DACD,0.000108,
Quad,DACR,0.000052,
Tim,DACR,0.000066,
Quick,DACR,0.000089,
Bubble,DACR,0.006019,
Merge,DACR,0.000114,
Quad,DADA,0.000047,
Tim,DADA,0.000042,
Quick,DADA,0.000089,
Bubble,DADA,0.007484,
Merge,DADA,0.000114,
Quad,DADC,0.000041,
Tim,DADC,0.000037,
Quick,DADC,0.000082,
Bubble,DADC,0.009810,
Merge,DADC,0.000107,
Quad,DADD,0.000044,
Tim,DADD,0.000044,
Quick,DADD,0.000084,
Bubble,DADD,0.010510,
Merge,DADD,0.000125,
Quad,DADR,0.000062,
Tim,DADR,0.000089,
Quick,DADR,0.000100,
Bubble,DADR,0.010490,
Merge,DADR,0.000139,
Quad,DARA,0.000053,
Tim,DARA,0.000072,
Quick,DARA,0.000088,
Bubble,DARA,0.002615,
Merge,DARA,0.000113,
Quad,DARC,0.000054,
Tim,DARC,0.000072,
Quick,DARC,0.000091,
Bubble,DARC,0.003797,
Merge,DARC,0.000114,
Quad,DARD,0.000064,
Tim,DARD,0.000088,
Quick,DARD,0.000100,
Bubble,DARD,0.009093,
Merge,DARD,0.000139,
Quad,DARR,0.000071,
Tim,DARR,0.000114,
Quick,DARR,0.000103,
Bubble,DARR,0.002813,
Merge,DARR,0.000138,
Quad,DCAA,0.000025,
Tim,DCAA,0.000017,
Quick,DCAA,0.000068,
Bubble,DCAA,0.002937,
Merge,DCAA,0.000084,
Quad,DCAC,0.000025,
Tim,DCAC,0.000017,
Quick,DCAC,0.000068,
Bubble,DCAC,0.002937,
Merge,DCAC,0.000084,
Quad,DCAD,0.000040,
Tim,DCAD,0.000031,
Quick,DCAD,0.000080,
Bubble,DCAD,0.008250,
Merge,DCAD,0.000108,
Quad,DCAR,0.000052,
Tim,DCAR,0.000062,
Quick,DCAR,0.000088,
Bubble,DCAR,0.003824,
Merge,DCAR,0.000112,
Quad,DCCA,0.000027,
Tim,DCCA,0.000020,
Quick,DCCA,0.000070,
Bubble,DCCA,0.004494,
Merge,DCCA,0.000085,
Quad,DCCC,0.000024,
Tim,DCCC,0.000018,
Quick,DCCC,0.000066,
Bubble,DCCC,0.005217,
Merge,DCCC,0.000083,
Quad,DCCD,0.000032,
Tim,DCCD,0.000027,
Quick,DCCD,0.000070,
Bubble,DCCD,0.010514,
Merge,DCCD,0.000101,
Quad,DCCR,0.000050,
Tim,DCCR,0.000070,
Quick,DCCR,0.000086,
Bubble,DCCR,0.010398,
Merge,DCCR,0.000112,
Quad,DCDA,0.000032,
Tim,DCDA,0.000032,
Quick,DCDA,0.000072,
Bubble,DCDA,0.010093,
Merge,DCDA,0.000101,
Quad,DCDC,0.000031,
Tim,DCDC,0.000032,
Quick,DCDC,0.000073,
Bubble,DCDC,0.011408,
Merge,DCDC,0.000104,
Quad,DCDD,0.000032,
Tim,DCDD,0.000036,
Quick,DCDD,0.000072,
Bubble,DCDD,0.011577,
Merge,DCDD,0.000117,
Quad,DCDR,0.000050,
Tim,DCDR,0.000080,
Quick,DCDR,0.000087,
Bubble,DCDR,0.011458,
Merge,DCDR,0.000128,
Quad,DCRA,0.000053,
Tim,DCRA,0.000073,
Quick,DCRA,0.000089,
Bubble,DCRA,0.006783,
Merge,DCRA,0.000112,
Quad,DCRC,0.000051,
Tim,DCRC,0.000071,
Quick,DCRC,0.000087,
Bubble,DCRC,0.007538,
Merge,DCRC,0.000111,
Quad,DCRD,0.000054,
Tim,DCRD,0.000076,
Quick,DCRD,0.000090,
Bubble,DCRD,0.011453,
Merge,DCRD,0.000129,
Quad,DCRR,0.000069,
Tim,DCRR,0.000121,
Quick,DCRR,0.000102,
Bubble,DCRR,0.010966,
Merge,DCRR,0.000138,
Quad,DDAA,0.000032,
Tim,DDAA,0.000022,
Quick,DDAA,0.000076,
Bubble,DDAA,0.005879,
Merge,DDAA,0.000104,
Quad,DDAC,0.000029,
Tim,DDAC,0.000020,
Quick,DDAC,0.000072,
Bubble,DDAC,0.006677,
Merge,DDAC,0.000102,
Quad,DDAD,0.000043,
Tim,DDAD,0.000033,
Quick,DDAD,0.000083,
Bubble,DDAD,0.010539,
Merge,DDAD,0.000126,
Quad,DDAR,0.000054,
Tim,DDAR,0.000065,
Quick,DDAR,0.000089,
Bubble,DDAR,0.007089,
Merge,DDAR,0.000129,
Quad,DDCA,0.000029,
Tim,DDCA,0.000020,
Quick,DDCA,0.000072,
Bubble,DDCA,0.008192,
Merge,DDCA,0.000102,
Quad,DDCC,0.000026,
Tim,DDCC,0.000019,
Quick,DDCC,0.000068,
Bubble,DDCC,0.008946,
Merge,DDCC,0.000099,
Quad,DDCD,0.000034,
Tim,DDCD,0.000026,
Quick,DDCD,0.000072,
Bubble,DDCD,0.011576,
Merge,DDCD,0.000117,
Quad,DDCR,0.000050,
Tim,DDCR,0.000066,
Quick,DDCR,0.000085,
Bubble,DDCR,0.010367,
Merge,DDCR,0.000126,
Quad,DDDA,0.000035,
Tim,DDDA,0.000021,
Quick,DDDA,0.000076,
Bubble,DDDA,0.010430,
Merge,DDDA,0.000119,
Quad,DDDC,0.000032,
Tim,DDDC,0.000020,
Quick,DDDC,0.000072,
Bubble,DDDC,0.011173,
Merge,DDDC,0.000116,
Quad,DDDD,0.000035,
Tim,DDDD,0.000020,
Quick,DDDD,0.000076,
Bubble,DDDD,0.011905,
Merge,DDDD,0.000134,
Quad,DDDR,0.000052,
Tim,DDDR,0.000065,
Quick,DDDR,0.000089,
Bubble,DDDR,0.011698,
Merge,DDDR,0.000143,
Quad,DDRA,0.000055,
Tim,DDRA,0.000075,
Quick,DDRA,0.000092,
Bubble,DDRA,0.008797,
Merge,DDRA,0.000133,
Quad,DDRC,0.000052,
Tim,DDRC,0.000071,
Quick,DDRC,0.000089,
Bubble,DDRC,0.009557,
Merge,DDRC,0.000130,
Quad,DDRD,0.000059,
Tim,DDRD,0.000081,
Quick,DDRD,0.000096,
Bubble,DDRD,0.012373,
Merge,DDRD,0.000152,
Quad,DDRR,0.000071,
Tim,DDRR,0.000124,
Quick,DDRR,0.000103,
Bubble,DDRR,0.011719,
Merge,DDRR,0.000155,
Quad,DRAA,0.000046,
Tim,DRAA,0.000074,
Quick,DRAA,0.000087,
Bubble,DRAA,0.003727,
Merge,DRAA,0.000114,
Quad,DRAC,0.000048,
Tim,DRAC,0.000076,
Quick,DRAC,0.000089,
Bubble,DRAC,0.003760,
Merge,DRAC,0.000115,
Quad,DRAD,0.000062,
Tim,DRAD,0.000091,
Quick,DRAD,0.000100,
Bubble,DRAD,0.008786,
Merge,DRAD,0.000139,
Quad,DRAR,0.000071,
Tim,DRAR,0.000117,
Quick,DRAR,0.000103,
Bubble,DRAR,0.004386,
Merge,DRAR,0.000137,
Quad,DRCA,0.000049,
Tim,DRCA,0.000076,
Quick,DRCA,0.000089,
Bubble,DRCA,0.006066,
Merge,DRCA,0.000114,
Quad,DRCC,0.000044,
Tim,DRCC,0.000078,
Quick,DRCC,0.000083,
Bubble,DRCC,0.007787,
Merge,DRCC,0.000110,
Quad,DRCD,0.000051,
Tim,DRCD,0.000074,
Quick,DRCD,0.000086,
Bubble,DRCD,0.010642,
Merge,DRCD,0.000127,
Quad,DRCR,0.000070,
Tim,DRCR,0.000124,
Quick,DRCR,0.000103,
Bubble,DRCR,0.010819,
Merge,DRCR,0.000139,
Quad,DRDA,0.000056,
Tim,DRDA,0.000078,
Quick,DRDA,0.000092,
Bubble,DRDA,0.010289,
Merge,DRDA,0.000131,
Quad,DRDC,0.000053,
Tim,DRDC,0.000078,
Quick,DRDC,0.000088,
Bubble,DRDC,0.011110,
Merge,DRDC,0.000128,
Quad,DRDD,0.000055,
Tim,DRDD,0.000086,
Quick,DRDD,0.000090,
Bubble,DRDD,0.011784,
Merge,DRDD,0.000146,
Quad,DRDR,0.000072,
Tim,DRDR,0.000129,
Quick,DRDR,0.000103,
Bubble,DRDR,0.011628,
Merge,DRDR,0.000153,
Quad,DRRA,0.000073,
Tim,DRRA,0.000131,
Quick,DRRA,0.000106,
Bubble,DRRA,0.007209,
Merge,DRRA,0.000142,
Quad,DRRC,0.000068,
Tim,DRRC,0.000127,
Quick,DRRC,0.000101,
Bubble,DRRC,0.010263,
Merge,DRRC,0.000139,
Quad,DRRD,0.000074,
Tim,DRRD,0.000124,
Quick,DRRD,0.000106,
Bubble,DRRD,0.011088,
Merge,DRRD,0.000155,
Quad,DRRR,0.000087,
Tim,DRRR,0.000167,
Quick,DRRR,0.000116,
Bubble,DRRR,0.009779,
Merge,DRRR,0.000161,
Quad,RAAA,0.000031,
Tim,RAAA,0.000054,
Quick,RAAA,0.000076,
Bubble,RAAA,0.000553,
Merge,RAAA,0.000088,
Quad,RAAC,0.000031,
Tim,RAAC,0.000053,
Quick,RAAC,0.000076,
Bubble,RAAC,0.000553,
Merge,RAAC,0.000088,
Quad,RAAD,0.000051,
Tim,RAAD,0.000066,
Quick,RAAD,0.000087,
Bubble,RAAD,0.005629,
Merge,RAAD,0.000113,
Quad,RAAR,0.000057,
Tim,RAAR,0.000112,
Quick,RAAR,0.000097,
Bubble,RAAR,0.003321,
Merge,RAAR,0.000118,
Quad,RACA,0.000032,
Tim,RACA,0.000057,
Quick,RACA,0.000077,
Bubble,RACA,0.000704,
Merge,RACA,0.000089,
Quad,RACC,0.000032,
Tim,RACC,0.000057,
Quick,RACC,0.000077,
Bubble,RACC,0.000704,
Merge,RACC,0.000089,
Quad,RACD,0.000051,
Tim,RACD,0.000075,
Quick,RACD,0.000087,
Bubble,RACD,0.007998,
Merge,RACD,0.000114,
Quad,RACR,0.000062,
Tim,RACR,0.000103,
Quick,RACR,0.000095,
Bubble,RACR,0.004979,
Merge,RACR,0.000114,
Quad,RADA,0.000058,
Tim,RADA,0.000076,
Quick,RADA,0.000095,
Bubble,RADA,0.005459,
Merge,RADA,0.000118,
Quad,RADC,0.000052,
Tim,RADC,0.000071,
Quick,RADC,0.000088,
Bubble,RADC,0.007005,
Merge,RADC,0.000113,
Quad,RADD,0.000056,
Tim,RADD,0.000069,
Quick,RADD,0.000091,
Bubble,RADD,0.009516,
Merge,RADD,0.000129,
Quad,RADR,0.000071,
Tim,RADR,0.000121,
Quick,RADR,0.000104,
Bubble,RADR,0.009043,
Merge,RADR,0.000140,
Quad,RARA,0.000064,
Tim,RARA,0.000112,
Quick,RARA,0.000096,
Bubble,RARA,0.002278,
Merge,RARA,0.000116,
Quad,RARC,0.000066,
Tim,RARC,0.000112,
Quick,RARC,0.000099,
Bubble,RARC,0.002611,
Merge,RARC,0.000118,
Quad,RARD,0.000071,
Tim,RARD,0.000115,
Quick,RARD,0.000103,
Bubble,RARD,0.007560,
Merge,RARD,0.000137,
Quad,RARR,0.000082,
Tim,RARR,0.000154,
Quick,RARR,0.000112,
Bubble,RARR,0.005952,
Merge,RARR,0.000141,
Quad,RCAA,0.000038,
Tim,RCAA,0.000066,
Quick,RCAA,0.000078,
Bubble,RCAA,0.001830,
Merge,RCAA,0.000090,
Quad,RCAC,0.000038,
Tim,RCAC,0.000066,
Quick,RCAC,0.000078,
Bubble,RCAC,0.001830,
Merge,RCAC,0.000090,
Quad,RCAD,0.000051,
Tim,RCAD,0.000074,
Quick,RCAD,0.000088,
Bubble,RCAD,0.005478,
Merge,RCAD,0.000112,
Quad,RCAR,0.000062,
Tim,RCAR,0.000116,
Quick,RCAR,0.000096,
Bubble,RCAR,0.003415,
Merge,RCAR,0.000116,
Quad,RCCA,0.000040,
Tim,RCCA,0.000080,
Quick,RCCA,0.000081,
Bubble,RCCA,0.003640,
Merge,RCCA,0.000093,
Quad,RCCC,0.000039,
Tim,RCCC,0.000092,
Quick,RCCC,0.000081,
Bubble,RCCC,0.005089,
Merge,RCCC,0.000092,
Quad,RCCD,0.000048,
Tim,RCCD,0.000093,
Quick,RCCD,0.000085,
Bubble,RCCD,0.010450,
Merge,RCCD,0.000113,
Quad,RCCR,0.000064,
Tim,RCCR,0.000128,
Quick,RCCR,0.000097,
Bubble,RCCR,0.006336,
Merge,RCCR,0.000117,
Quad,RCDA,0.000052,
Tim,RCDA,0.000081,
Quick,RCDA,0.000089,
Bubble,RCDA,0.009758,
Merge,RCDA,0.000113,
Quad,RCDC,0.000049,
Tim,RCDC,0.000066,
Quick,RCDC,0.000085,
Bubble,RCDC,0.009934,
Merge,RCDC,0.000109,
Quad,RCDD,0.000051,
Tim,RCDD,0.000083,
Quick,RCDD,0.000087,
Bubble,RCDD,0.011393,
Merge,RCDD,0.000129,
Quad,RCDR,0.000070,
Tim,RCDR,0.000121,
Quick,RCDR,0.000102,
Bubble,RCDR,0.010618,
Merge,RCDR,0.000137,
Quad,RCRA,0.000063,
Tim,RCRA,0.000123,
Quick,RCRA,0.000097,
Bubble,RCRA,0.005371,
Merge,RCRA,0.000116,
Quad,RCRC,0.000064,
Tim,RCRC,0.000122,
Quick,RCRC,0.000099,
Bubble,RCRC,0.009743,
Merge,RCRC,0.000116,
Quad,RCRD,0.000069,
Tim,RCRD,0.000124,
Quick,RCRD,0.000102,
Bubble,RCRD,0.009696,
Merge,RCRD,0.000136,
Quad,RCRR,0.000084,
Tim,RCRR,0.000164,
Quick,RCRR,0.000114,
Bubble,RCRR,0.006918,
Merge,RCRR,0.000140,
Quad,RDAA,0.000048,
Tim,RDAA,0.000080,
Quick,RDAA,0.000088,
Bubble,RDAA,0.005233,
Merge,RDAA,0.000115,
Quad,RDAC,0.000047,
Tim,RDAC,0.000080,
Quick,RDAC,0.000088,
Bubble,RDAC,0.006714,
Merge,RDAC,0.000115,
Quad,RDAD,0.000064,
Tim,RDAD,0.000094,
Quick,RDAD,0.000101,
Bubble,RDAD,0.010362,
Merge,RDAD,0.000139,
Quad,RDAR,0.000072,
Tim,RDAR,0.000129,
Quick,RDAR,0.000106,
Bubble,RDAR,0.006149,
Merge,RDAR,0.000142,
Quad,RDCA,0.000049,
Tim,RDCA,0.000081,
Quick,RDCA,0.000090,
Bubble,RDCA,0.008141,
Merge,RDCA,0.000115,
Quad,RDCC,0.000044,
Tim,RDCC,0.000074,
Quick,RDCC,0.000084,
Bubble,RDCC,0.008770,
Merge,RDCC,0.000109,
Quad,RDCD,0.000052,
Tim,RDCD,0.000080,
Quick,RDCD,0.000088,
Bubble,RDCD,0.011355,
Merge,RDCD,0.000128,
Quad,RDCR,0.000068,
Tim,RDCR,0.000120,
Quick,RDCR,0.000099,
Bubble,RDCR,0.009952,
Merge,RDCR,0.000135,
Quad,RDDA,0.000057,
Tim,RDDA,0.000087,
Quick,RDDA,0.000092,
Bubble,RDDA,0.010191,
Merge,RDDA,0.000131,
Quad,RDDC,0.000050,
Tim,RDDC,0.000087,
Quick,RDDC,0.000087,
Bubble,RDDC,0.011082,
Merge,RDDC,0.000128,
Quad,RDDD,0.000053,
Tim,RDDD,0.000096,
Quick,RDDD,0.000090,
Bubble,RDDD,0.011724,
Merge,RDDD,0.000145,
Quad,RDDR,0.000069,
Tim,RDDR,0.000135,
Quick,RDDR,0.000102,
Bubble,RDDR,0.011642,
Merge,RDDR,0.000154,
Quad,RDRA,0.000071,
Tim,RDRA,0.000133,
Quick,RDRA,0.000105,
Bubble,RDRA,0.008854,
Merge,RDRA,0.000141,
Quad,RDRC,0.000067,
Tim,RDRC,0.000129,
Quick,RDRC,0.000100,
Bubble,RDRC,0.010818,
Merge,RDRC,0.000136,
Quad,RDRD,0.000073,
Tim,RDRD,0.000135,
Quick,RDRD,0.000104,
Bubble,RDRD,0.011767,
Merge,RDRD,0.000155,
Quad,RDRR,0.000087,
Tim,RDRR,0.000183,
Quick,RDRR,0.000116,
Bubble,RDRR,0.011281,
Merge,RDRR,0.000163,
Quad,RRAA,0.000051,
Tim,RRAA,0.000098,
Quick,RRAA,0.000092,
Bubble,RRAA,0.000998,
Merge,RRAA,0.000113,
Quad,RRAC,0.000050,
Tim,RRAC,0.000098,
Quick,RRAC,0.000091,
Bubble,RRAC,0.000995,
Merge,RRAC,0.000112,
Quad,RRAD,0.000070,
Tim,RRAD,0.000116,
Quick,RRAD,0.000102,
Bubble,RRAD,0.007334,
Merge,RRAD,0.000138,
Quad,RRAR,0.000081,
Tim,RRAR,0.000164,
Quick,RRAR,0.000112,
Bubble,RRAR,0.004150,
Merge,RRAR,0.000143,
Quad,RRCA,0.000059,
Tim,RRCA,0.000112,
Quick,RRCA,0.000096,
Bubble,RRCA,0.001437,
Merge,RRCA,0.000116,
Quad,RRCC,0.000060,
Tim,RRCC,0.000119,
Quick,RRCC,0.000098,
Bubble,RRCC,0.001716,
Merge,RRCC,0.000116,
Quad,RRCD,0.000069,
Tim,RRCD,0.000124,
Quick,RRCD,0.000102,
Bubble,RRCD,0.009359,
Merge,RRCD,0.000138,
Quad,RRCR,0.000082,
Tim,RRCR,0.000175,
Quick,RRCR,0.000112,
Bubble,RRCR,0.010868,
Merge,RRCR,0.000141,
Quad,RRDA,0.000073,
Tim,RRDA,0.000129,
Quick,RRDA,0.000107,
Bubble,RRDA,0.009798,
Merge,RRDA,0.000139,
Quad,RRDC,0.000068,
Tim,RRDC,0.000131,
Quick,RRDC,0.000101,
Bubble,RRDC,0.010920,
Merge,RRDC,0.000137,
Quad,RRDD,0.000073,
Tim,RRDD,0.000138,
Quick,RRDD,0.000106,
Bubble,RRDD,0.011306,
Merge,RRDD,0.000153,
Quad,RRDR,0.000086,
Tim,RRDR,0.000180,
Quick,RRDR,0.000116,
Bubble,RRDR,0.011400,
Merge,RRDR,0.000164,
Quad,RRRA,0.000085,
Tim,RRRA,0.000163,
Quick,RRRA,0.000115,
Bubble,RRRA,0.006111,
Merge,RRRA,0.000142,
Quad,RRRC,0.000085,
Tim,RRRC,0.000171,
Quick,RRRC,0.000116,
Bubble,RRRC,0.009157,
Merge,RRRC,0.000142,
Quad,RRRD,0.000093,
Tim,RRRD,0.000195,
Quick,RRRD,0.000124,
Bubble,RRRD,0.012084,
Merge,RRRD,0.000170,
Quad,RRRR,0.000101,
Tim,RRRR,0.000210,
Quick,RRRR,0.000128,
Bubble,RRRR,0.008033,
Merge,RRRR,0.000166,
Quad,Total,0.011910,
Tim,Total,0.018108,
Quick,Total,0.022015,
Bubble,Total,1.753266,
Merge,Total,0.028541,
